id,image,survey_id,logged_boxes,new_boxes
r_7e1cd11acfe801cc8ab2dc4a,images/i_f49f162c974b8441ae5681f9.jpg,g_0235d1a86cf53fa9bcc317ac,[],"[[216.666667,223.333333,427.777778,425.555556]]"
r_584c7cb038b5fdba8e1b47a0,images/i_3d09068b954c2a4f500ecc43.jpg,g_495fc3e5170e839c82003c16,"[[526.666667,0.0,640.0,61.111111]]","[[277.777778,311.111111,332.222222,344.444444]]"
r_b4f6bff3ad9e1a5f7eef14fa,images/i_32d2f3df2e794502314e5575.jpg,g_80fa950419025c758347855f,"[[204.444444,314.444444,222.222222,344.444444],[332.222222,291.111111,365.555556,320.0]]","[[537.777778,391.111111,583.333333,430.0]]"
r_b4ece46d3badc3040dce2f13,images/i_253ceaf4c52b3689e43c91af.jpg,g_c858d11984846fceccfa4a32,[],"[[288.888889,288.888889,355.555556,361.111111]]"
r_239f606ce055d3f9d03a6fc5,images/i_985b235ba8f066f055fc9b6b.jpg,g_34fa78c3a916d2164af01880,[],"[[303.333333,221.111111,372.222222,371.111111]]"
r_3da0bdc62d188ab4fd6a86de,images/i_c04e5817a807d1a33459deae.jpg,g_78130b1b05552b8405310655,[],"[[238.888889,44.444444,267.777778,80.0],[288.888889,277.777778,317.777778,306.666667],[365.555556,305.555556,390.0,328.888889]]"
r_dd939346f86a3d3ddb49beb9,images/i_77c270a0f7014e0b2df72288.jpg,g_b7d6f8fe3799dcff5023063f,"[[436.666667,520.0,467.777778,547.777778],[555.555556,523.333333,587.777778,551.111111]]","[[302.222222,264.444444,348.888889,311.111111],[620.0,442.222222,640.0,491.111111]]"
r_84f57f4d9726078a0fb198c2,images/i_2804de95fcd9967b56d5e326.jpg,g_519d89fa69681068f837608b,[],"[[62.222222,135.555556,633.333333,565.555556]]"
r_41cb2ce06045d0100806b73f,images/i_497f9a8f47488c2afa3d2142.jpg,g_05692e9bd4cd70cde82f1eb8,"[[522.222222,405.555556,543.333333,430.0]]","[[313.333333,285.555556,347.777778,313.333333]]"
r_c9ddea0894e78ab56d5dbc03,images/i_bca98c77c98025680c77efdc.jpg,g_5c1373668118a2ecdb25dcce,[],"[[305.555556,304.444444,363.333333,328.888889]]"
r_5ca2185bd3d76c93ffcbe6f7,images/i_f40e1337cdc5fca9fdcf5719.jpg,g_1cd5018e1fccddac14abd843,"[[228.888889,303.333333,308.888889,394.444444],[454.444444,0.0,534.444444,66.666667],[517.777778,151.111111,590.0,247.777778],[580.0,0.0,640.0,25.555556]]","[[158.888889,74.444444,231.111111,140.0],[415.555556,58.888889,495.555556,132.222222],[432.222222,621.111111,451.111111,640.0],[460.0,317.777778,532.222222,391.111111],[471.111111,56.666667,551.111111,132.222222],[478.888889,420.0,540.0,484.444444],[500.0,354.444444,585.555556,428.888889],[567.777778,285.555556,640.0,360.0],[600.0,216.666667,640.0,291.111111]]"
r_087aab779c00ed1db78bd252,images/i_07bdd1d6f5eae3786e8b37b6.jpg,g_2ecc0921238f50dab4b25eb6,[],"[[282.222222,271.111111,390.0,328.888889]]"
r_cc6d556f1d87a98ba8afc861,images/i_919875defdc2fe42870176e5.jpg,g_73c9cfb7a0e4fd20a4da1072,[],"[[248.888889,252.222222,360.0,363.333333]]"
r_fed3c8e24962a7bcef11eaf4,images/i_212fcfe53f93340f2534492e.jpg,g_c00004867525edba9a459c9d,[],"[[301.111111,302.222222,328.888889,334.444444]]"
r_2ca432d21f06ef94edf7b3ca,images/i_00f9a22fa59e99b6414204a0.jpg,g_78130b1b05552b8405310655,"[[308.888889,356.666667,344.444444,391.111111],[333.333333,301.111111,377.777778,340.0],[403.333333,297.777778,447.777778,334.444444]]","[[0.0,567.777778,110.0,640.0],[268.888889,462.222222,308.888889,503.333333],[312.222222,605.555556,347.777778,640.0]]"
r_beae51cf26adce2523ef3d27,images/i_5d8518c961142cc5369e503b.jpg,g_5c1373668118a2ecdb25dcce,"[[0.0,70.0,85.555556,123.333333],[0.0,97.777778,36.666667,142.222222],[0.0,350.0,22.222222,382.222222],[17.777778,424.444444,58.888889,467.777778],[17.777778,530.0,42.222222,552.222222],[38.888889,504.444444,61.111111,524.444444],[53.333333,451.111111,78.888889,474.444444],[66.666667,507.777778,116.666667,557.777778],[72.222222,130.0,103.333333,157.777778],[72.222222,187.777778,97.777778,218.888889],[77.777778,432.222222,101.111111,456.666667],[153.333333,568.888889,183.333333,591.111111],[155.555556,515.555556,183.333333,537.777778],[233.333333,515.555556,353.333333,601.111111],[272.222222,315.555556,305.555556,343.333333],[337.777778,518.888889,376.666667,552.222222],[365.555556,413.333333,393.333333,443.333333],[433.333333,487.777778,461.111111,518.888889],[445.555556,458.888889,487.777778,492.222222],[563.333333,473.333333,585.555556,497.777778],[582.222222,468.888889,640.0,543.333333],[585.555556,437.777778,608.888889,462.222222]]","[[14.444444,241.111111,53.333333,281.111111],[23.333333,125.555556,55.555556,160.0],[38.888889,86.666667,72.222222,111.111111],[73.333333,58.888889,108.888889,92.222222],[88.888889,485.555556,127.777778,524.444444],[136.666667,103.333333,181.111111,157.777778],[284.444444,246.666667,305.555556,282.222222],[508.888889,484.444444,540.0,517.777778]]"
r_ba895e2a6b3e6c596d699af5,images/i_0867a9f4516f9d4ce00d8942.jpg,g_9b84a0e70cd2222728d660da,"[[263.333333,198.888889,308.888889,264.444444]]","[[283.333333,216.666667,422.222222,355.555556]]"
r_22f659ee42cf2e5d1d6b16af,images/i_8490f6745db381f05a84c907.jpg,g_78130b1b05552b8405310655,"[[0.0,268.888889,122.222222,505.555556],[58.888889,15.555556,86.666667,43.333333],[281.111111,572.222222,312.222222,613.333333],[321.111111,330.0,348.888889,357.777778],[327.777778,435.555556,357.777778,467.777778]]","[[57.777778,85.555556,85.555556,113.333333],[77.777778,0.0,115.555556,33.333333]]"
r_a2ca7b047e7719a242d641c9,images/i_e91710e0c011903f385ef1e3.jpg,g_e795b187d8bcb48d9c5c99f7,"[[172.222222,284.444444,444.444444,376.666667],[381.111111,334.444444,411.111111,360.0],[400.0,455.555556,453.333333,498.888889],[431.111111,285.555556,503.333333,361.111111]]","[[338.888889,351.111111,408.888889,420.0]]"
r_0c492860868a4f99aad144bf,images/i_7763532de246cd9e3ddfaa62.jpg,g_54a03abcd865b2ee759e8706,"[[77.777778,257.777778,103.333333,287.777778],[271.111111,318.888889,354.444444,391.111111],[310.0,417.777778,420.0,445.555556]]","[[321.111111,520.0,450.0,605.555556]]"
r_58f4b55d0534b8fa740666e1,images/i_a0bcf3afb57782f837e193c9.jpg,g_004adaf1b09cd219c1c43fdf,"[[0.0,558.888889,21.111111,592.222222],[132.222222,166.666667,195.555556,215.555556]]","[[81.111111,107.777778,133.333333,151.111111],[111.111111,577.777778,152.222222,622.222222],[168.888889,561.111111,202.222222,594.444444],[235.555556,254.444444,272.222222,293.333333],[302.222222,333.333333,352.222222,372.222222],[387.777778,388.888889,423.333333,418.888889]]"
r_575234f66a41c005a9066246,images/i_68ae310051175310247f628a.jpg,g_d53c0806a84d48de3a05f1f6,"[[75.555556,460.0,110.0,491.111111],[110.0,611.111111,138.888889,636.666667],[181.111111,397.777778,206.666667,424.444444],[300.0,275.555556,353.333333,404.444444],[302.222222,404.444444,335.555556,456.666667],[310.0,397.777778,345.555556,433.333333],[324.444444,243.333333,374.444444,374.444444]]","[[38.888889,602.222222,62.222222,626.666667],[85.555556,485.555556,114.444444,516.666667],[92.222222,247.777778,140.0,292.222222]]"
r_2cfd7027616d55bcdccb383c,images/i_e4b9922d72a6f6c4e82b9499.jpg,g_34069ada4455e034b50c9255,"[[174.444444,316.666667,198.888889,341.111111],[337.777778,303.333333,364.444444,327.777778]]","[[208.888889,284.444444,242.222222,316.666667]]"
r_6062dcd93f19b7c5a02ee806,images/i_9be16775bc6f9c593bf82e44.jpg,g_0a4bc4edb1485ac9b9622e50,[],"[[143.333333,126.666667,507.777778,520.0]]"
r_0d80f5f279a7dd5866e9fb5d,images/i_3948a993f648ee3051187331.jpg,g_4f53fe9e9c32c6a28be5ba47,[],"[[274.444444,240.0,396.666667,356.666667]]"
r_8ddcaf6438e45cfbaed9ca72,images/i_c8ea215df35751305e85dc6a.jpg,g_bc45651cb36d5242796d7f89,[],"[[302.222222,296.666667,347.777778,335.555556]]"
r_b3be324a71f7a3bc4e92faa6,images/i_ed47042ef9b0a0d58ea1c77c.jpg,g_153f2ceabbf7fb25df867ef6,"[[32.222222,191.111111,62.222222,218.888889],[90.0,365.555556,117.777778,391.111111],[93.333333,387.777778,125.555556,428.888889],[117.777778,204.444444,167.777778,254.444444],[162.222222,343.333333,184.444444,365.555556],[187.777778,203.333333,204.444444,225.555556],[220.0,197.777778,240.0,218.888889],[273.333333,321.111111,300.0,337.777778]]","[[25.555556,406.666667,47.777778,437.777778],[56.666667,391.111111,78.888889,418.888889],[108.888889,133.333333,181.111111,204.444444]]"
r_1831e3988c16ad83c253446b,images/i_135003c8d6c9764eec60520c.jpg,g_d6cb9e1e058f0bc69cb8f2f2,"[[30.0,520.0,96.666667,588.888889],[127.777778,518.888889,166.666667,552.222222],[130.0,604.444444,174.444444,640.0],[157.777778,563.333333,180.0,597.777778],[160.0,345.555556,191.111111,373.333333],[183.333333,580.0,230.0,631.111111],[210.0,295.555556,241.111111,322.222222],[221.111111,254.444444,246.666667,284.444444],[232.222222,507.777778,277.777778,561.111111],[274.444444,275.555556,324.444444,320.0],[298.888889,542.222222,334.444444,575.555556],[392.222222,307.777778,427.777778,342.222222]]","[[98.888889,572.222222,141.111111,612.222222],[152.222222,467.777778,200.0,511.111111],[152.222222,524.444444,191.111111,563.333333],[211.111111,620.0,248.888889,640.0],[252.222222,474.444444,282.222222,500.0],[280.0,603.333333,323.333333,640.0],[335.555556,513.333333,390.0,568.888889],[363.333333,533.333333,393.333333,566.666667],[400.0,363.333333,435.555556,412.222222]]"
r_677c38d392e573c2c76880b7,images/i_2ca560fc9bc4c800fc6e555d.jpg,g_495fc3e5170e839c82003c16,"[[91.111111,113.333333,124.444444,143.333333],[186.666667,245.555556,238.888889,288.888889],[347.777778,160.0,381.111111,185.555556],[390.0,0.0,477.777778,56.666667],[444.444444,557.777778,494.444444,640.0],[571.111111,302.222222,600.0,332.222222],[604.444444,387.777778,626.666667,414.444444]]","[[272.222222,271.111111,383.333333,382.222222],[533.333333,37.777778,557.777778,66.666667]]"
r_0a231e25cd1b8965cc020931,images/i_664ece1c72a5aaeb3add14ef.jpg,g_0235d1a86cf53fa9bcc317ac,"[[361.111111,602.222222,408.888889,635.555556]]","[[252.222222,268.888889,321.111111,334.444444]]"
r_9ef960f912b96a304d2db525,images/i_3bcc526c30c4a9c813cc5314.jpg,g_548716fabb146405ff0421e8,"[[58.888889,568.888889,88.888889,598.888889],[61.111111,57.777778,92.222222,92.222222],[62.222222,485.555556,90.0,512.222222],[94.444444,534.444444,132.222222,570.0],[110.0,46.666667,143.333333,77.777778],[183.333333,80.0,215.555556,111.111111],[203.333333,174.444444,233.333333,204.444444],[213.333333,58.888889,264.444444,107.777778],[358.888889,395.555556,388.888889,425.555556],[436.666667,270.0,465.555556,300.0],[564.444444,270.0,594.444444,306.666667],[577.777778,508.888889,607.777778,538.888889]]","[[6.666667,51.111111,38.888889,92.222222],[105.555556,82.222222,138.888889,113.333333],[337.777778,287.777778,365.555556,315.555556],[392.222222,521.111111,431.111111,560.0],[463.333333,347.777778,493.333333,377.777778],[544.444444,598.888889,577.777778,637.777778]]"
r_4884011815d1b4bf016c4ded,images/i_9fde2aaf3e193b9d68a6849e.jpg,g_5c1373668118a2ecdb25dcce,"[[278.888889,300.0,315.555556,336.666667],[372.222222,534.444444,426.666667,590.0],[426.666667,567.777778,457.777778,598.888889]]","[[150.0,386.666667,184.444444,422.222222],[160.0,410.0,350.0,454.444444],[221.111111,275.555556,360.0,404.444444],[237.777778,202.222222,285.555556,230.0],[366.666667,478.888889,400.0,511.111111],[567.777778,207.777778,594.444444,237.777778]]"
r_e245f1bdc494e338472a2900,images/i_7cf914edf25a163024c8bd30.jpg,g_44d271278278e63b28fbdde4,"[[622.222222,343.333333,640.0,382.222222]]","[[202.222222,201.111111,455.555556,403.333333]]"
r_b20871f6d7c650e36cd15a02,images/i_db2033ffc28d1b1f8a28e8ab.jpg,g_bc4b41910ede1dbb166e4ff0,[],"[[282.222222,241.111111,426.666667,391.111111]]"
r_fb486fd9fdf0400ace91d0db,images/i_eef2cc673325fe945c9cc7b8.jpg,g_3091740873bc0f9e31c2afdf,[],"[[283.333333,258.888889,364.444444,332.222222]]"
r_15dce0529ca6208120fb1f52,images/i_b2ed2617ac9a1c41d6f8643f.jpg,g_fc0d4b91dfa6610c561cacf5,[],"[[266.666667,312.222222,310.0,352.222222]]"
r_6d5fae7e828e3aac03ed533f,images/i_101c0a540d963ec44ef30916.jpg,g_7e0b17a4394a0d8e8d0822b1,[],"[[288.888889,313.333333,321.111111,348.888889]]"
r_0bd745943727c9a750942a6e,images/i_41806359e308717261227a82.jpg,g_d5f0a8457b6150d10e5e952d,[],"[[256.666667,274.444444,311.111111,310.0]]"
r_8ba0d42ccb3d3b1eed3ef946,images/i_cb2b70ed9440d710a1c05246.jpg,g_9fcf44edcc794f9a725aa4ef,"[[173.333333,178.888889,223.333333,232.222222],[196.666667,331.111111,238.888889,373.333333],[267.777778,295.555556,362.222222,386.666667],[301.111111,404.444444,398.888889,460.0]]","[[141.111111,585.555556,185.555556,620.0],[274.444444,447.777778,351.111111,523.333333],[517.777778,0.0,587.777778,60.0]]"
r_b14a564d2cb3e754811f6215,images/i_cabbfcfc7de934412d58daac.jpg,g_bc4b41910ede1dbb166e4ff0,[],"[[266.666667,330.0,342.222222,373.333333]]"
r_57bd20311f0ac9b2e7679fcc,images/i_decf107db3dfd3ecd38ef337.jpg,g_4037c3d3579a9e55f116b6b8,[],"[[248.888889,257.777778,342.222222,350.0]]"
r_a70b84fd24a0ae304605dac8,images/i_abeaf46231af82a59dec7eea.jpg,g_52c4dfc1908e081c9ccd963a,"[[268.888889,288.888889,310.0,338.888889]]","[[215.555556,613.333333,252.222222,640.0],[310.0,611.111111,348.888889,640.0]]"
r_6bf2418b4377347094098a14,images/i_b9ccb917b53f074a97707a3a.jpg,g_33b50a66bc0ee13317f69280,"[[231.111111,292.222222,336.666667,313.333333],[545.555556,241.111111,584.444444,266.666667],[605.555556,231.111111,640.0,252.222222]]","[[232.222222,306.666667,267.777778,344.444444]]"
r_32c024dc4bdc171064f18447,images/i_a77b083c2a8beaaa0bbdc033.jpg,g_57d477d8e59185becabea4f8,"[[216.666667,257.777778,237.777778,278.888889],[257.777778,267.777778,275.555556,284.444444],[272.222222,295.555556,297.777778,321.111111],[275.555556,254.444444,293.333333,274.444444],[310.0,298.888889,340.0,326.666667],[344.444444,261.111111,380.0,293.333333],[387.777778,256.666667,415.555556,282.222222],[391.111111,236.666667,426.666667,268.888889],[490.0,162.222222,524.444444,195.555556]]","[[204.444444,271.111111,218.888889,293.333333]]"
r_1f9c29aef3e17144e3bcc279,images/i_4da04ff20d683268883a43a3.jpg,g_d7740bbce97666a1ace5bc5d,"[[202.222222,525.555556,230.0,558.888889],[288.888889,300.0,327.777778,338.888889]]","[[156.666667,594.444444,186.666667,624.444444]]"
r_c37df93e47e589237a018fbf,images/i_f82f82c9c2b6a67906b3e211.jpg,g_dcfb991a7a3d5d2b48c93cc7,"[[270.0,271.111111,308.888889,292.222222]]","[[267.777778,297.777778,314.444444,334.444444]]"
r_cb029a66f8d6ba774265647a,images/i_5e5a6a79e37c61b505ec1d66.jpg,g_c58fdbc6fa85124aa6daeb95,[],"[[287.777778,271.111111,334.444444,306.666667]]"
r_c9cb4fea71b05da080715f6d,images/i_cff510a2c32bd895d7d88898.jpg,g_b6f920436b9a428b73297028,"[[114.444444,25.555556,162.222222,70.0],[186.666667,272.222222,346.666667,517.777778],[416.666667,380.0,620.0,640.0],[512.222222,322.222222,565.555556,374.444444]]","[[0.0,0.0,260.0,78.888889],[224.444444,0.0,350.0,170.0]]"
r_287aa62537a7a9a4a0508d6d,images/i_880c01de2822481417ad13e9.jpg,g_f05d5d459370f6828da9ad2e,[],"[[285.555556,253.333333,391.111111,348.888889]]"
r_a55ae166a0aa03e8406dd412,images/i_7600c3e2d7dbc104b710c1d7.jpg,g_6e8e0013c90631588dd146c0,[],"[[270.0,264.444444,413.333333,335.555556]]"
r_b1d66ba2d90eb6a2b30e96dd,images/i_74a8df7e2987743c214fe0d2.jpg,g_a8e6e85e214208f83abba24a,"[[265.555556,292.222222,321.111111,372.222222]]","[[426.666667,426.666667,481.111111,587.777778]]"
r_09ef794fa668aaa6a8e6b073,images/i_816475770bc0718a989bef4c.jpg,g_ba87be3352eeffda4dc03a29,"[[398.888889,246.666667,423.333333,274.444444],[412.222222,206.666667,454.444444,230.0],[487.777778,188.888889,520.0,218.888889],[542.222222,234.444444,573.333333,263.333333],[566.666667,268.888889,596.666667,300.0],[570.0,214.444444,606.666667,252.222222]]","[[256.666667,58.888889,290.0,97.777778],[312.222222,285.555556,345.555556,324.444444],[360.0,346.666667,398.888889,383.333333],[437.777778,73.333333,465.555556,101.111111],[550.0,400.0,581.111111,433.333333],[555.555556,185.555556,583.333333,213.333333],[623.333333,368.888889,640.0,402.222222]]"
r_161cc68a86dddb54576e1e93,images/i_f9f607081cb21148a7796f44.jpg,g_986eed83a5135fe045b4789c,"[[5.555556,53.333333,25.555556,82.222222],[111.111111,234.444444,158.888889,267.777778],[170.0,50.0,201.111111,73.333333],[323.333333,304.444444,364.444444,344.444444],[448.888889,93.333333,468.888889,122.222222]]","[[93.333333,161.111111,121.111111,186.666667]]"
r_b58e3e6405533ac3c55f6392,images/i_883fb61067fecb31d8ce13d6.jpg,g_9f3f20517f2375137585cfa4,[],"[[255.555556,237.777778,400.0,454.444444]]"
r_0f94aad4ff700769cb170f78,images/i_006bdefc2eed551c2d871544.jpg,g_42d729dbddb5095c7622cb4c,"[[340.0,217.777778,371.111111,242.222222],[618.888889,256.666667,640.0,290.0]]","[[286.666667,323.333333,321.111111,360.0],[454.444444,32.222222,488.888889,65.555556]]"
r_d978477bce24e86a05918e38,images/i_2f92e38d559d3e5b5fd91016.jpg,g_06759fdff160cb2d240d218c,[],"[[317.777778,268.888889,367.777778,324.444444]]"
r_694607abc591b1c097201a3f,images/i_3646c325f8ae67e917640d7a.jpg,g_16dac7121c1573de8e88a546,"[[192.222222,120.0,210.0,147.777778],[274.444444,274.444444,318.888889,318.888889],[300.0,507.777778,326.666667,533.333333],[302.222222,77.777778,335.555556,108.888889],[385.555556,0.0,415.555556,18.888889],[415.555556,617.777778,441.111111,640.0],[418.888889,528.888889,458.888889,564.444444]]","[[204.444444,97.777778,232.222222,125.555556],[227.777778,252.222222,268.888889,288.888889],[257.777778,507.777778,297.777778,543.333333],[381.111111,525.555556,421.111111,561.111111],[413.333333,196.666667,430.0,218.888889]]"
r_ccbb2c4e490503c0116e4d73,images/i_d3e345ca921e3e1408e42ccf.jpg,g_6adc33dc1549779e76d13509,"[[287.777778,172.222222,400.0,311.111111],[325.555556,424.444444,342.222222,446.666667],[403.333333,413.333333,431.111111,437.777778],[467.777778,598.888889,501.111111,640.0],[503.333333,611.111111,524.444444,640.0],[515.555556,582.222222,546.666667,616.666667],[524.444444,398.888889,577.777778,450.0],[524.444444,491.111111,552.222222,507.777778],[530.0,513.333333,554.444444,535.555556]]","[[117.777778,371.111111,158.888889,413.333333],[492.222222,543.333333,522.222222,568.888889],[565.555556,404.444444,587.777778,424.444444],[587.777778,302.222222,617.777778,327.777778]]"
r_6f2d4d78417835312bf0bab3,images/i_d136f743bb3bdce0f587729b.jpg,g_5c8363ee47846a65f5f6870a,"[[525.555556,326.666667,575.555556,351.111111]]","[[307.777778,233.333333,368.888889,405.555556]]"
r_14b40beb2b3dbbd86b2e6675,images/i_273463000e54cd2c1ef1a8ff.jpg,g_60311e780a136147b3e08279,"[[30.0,76.666667,73.333333,112.222222],[133.333333,521.111111,162.222222,548.888889],[165.555556,51.111111,188.888889,78.888889],[177.777778,303.333333,220.0,337.777778],[194.444444,12.222222,217.777778,43.333333],[195.555556,163.333333,233.333333,198.888889],[307.777778,460.0,331.111111,481.111111],[314.444444,63.333333,358.888889,98.888889]]","[[183.333333,68.888889,211.111111,98.888889],[198.888889,577.777778,222.222222,600.0],[200.0,612.222222,235.555556,640.0],[211.111111,73.333333,250.0,102.222222],[278.888889,228.888889,347.777778,364.444444]]"
r_59c3fcc0d154a66df8e9d358,images/i_99ef0f167b5081f0e408ae8f.jpg,g_146012b47cdbc82cff624cd4,"[[60.0,155.555556,135.555556,231.111111]]","[[298.888889,245.555556,374.444444,321.111111]]"
r_816934541d9a2794d2d19d0a,images/i_780ba2eb39f3f779e2b6ed99.jpg,g_ba6e7e0f94fa8f8b65390c77,"[[92.222222,192.222222,125.555556,225.555556],[283.333333,511.111111,316.666667,544.444444],[296.666667,268.888889,340.0,321.111111],[342.222222,285.555556,371.111111,324.444444],[354.444444,433.333333,383.333333,463.333333],[408.888889,533.333333,443.333333,563.333333],[545.555556,455.555556,575.555556,485.555556],[612.222222,551.111111,640.0,584.444444]]","[[304.444444,450.0,334.444444,480.0],[315.555556,372.222222,348.888889,402.222222],[476.666667,620.0,506.666667,640.0]]"
r_37e4b87fdc52b9331f0f767f,images/i_20568cbdc3643e7efe56ab76.jpg,g_42d729dbddb5095c7622cb4c,"[[263.333333,557.777778,310.0,606.666667],[286.666667,298.888889,358.888889,374.444444],[467.777778,260.0,511.111111,301.111111]]","[[497.777778,347.777778,536.666667,498.888889]]"
r_7acf6f8b2390d68932e60047,images/i_0d03330fadc54d9092106c04.jpg,g_ef77e43cdd33ab4cd09446d4,[],"[[272.222222,274.444444,302.222222,310.0]]"
r_83bbf036cee7944fc45469fd,images/i_eada22a4b5e49554a1cdc1ee.jpg,g_f5601e5276d6361cac021410,"[[275.555556,308.888889,297.777778,343.333333]]","[[282.222222,268.888889,317.777778,304.444444]]"
r_17c48b32e5b7aaa0010d9640,images/i_8260e33c768eef43ec153a44.jpg,g_76c960aa4b4cf4c78de449ec,[],"[[264.444444,268.888889,361.111111,356.666667]]"
r_79ffeff3be93b337f7313f86,images/i_8017bae63edaa87ff1b532af.jpg,g_60311e780a136147b3e08279,"[[177.777778,242.222222,407.777778,397.777778],[441.111111,255.555556,481.111111,290.0],[473.333333,333.333333,512.222222,372.222222],[554.444444,283.333333,587.777778,315.555556],[584.444444,244.444444,618.888889,277.777778]]","[[510.0,181.111111,534.444444,203.333333],[534.444444,472.222222,565.555556,518.888889],[622.222222,275.555556,640.0,314.444444]]"
r_10133a523ff432f73f279fd0,images/i_47962b455edd3ba28bb4672c.jpg,g_6a1e0ae9c64195095fc69ee4,"[[287.777778,264.444444,352.222222,350.0],[328.888889,440.0,355.555556,468.888889],[417.777778,124.444444,445.555556,163.333333],[477.777778,20.0,504.444444,48.888889]]","[[310.0,383.333333,346.666667,421.111111],[464.444444,113.333333,513.333333,161.111111],[572.222222,157.777778,605.555556,191.111111]]"
r_b2fb264570eb42cfbe5af2f2,images/i_110d2e883c1fb558eb362a5a.jpg,g_6782ab60ee5fb70e23d9ba83,"[[290.0,295.555556,315.555556,328.888889]]","[[252.222222,447.777778,278.888889,470.0]]"
r_58357965528d5bf86db95927,images/i_5e769556f63ffaa6b8c043af.jpg,g_46cea94245a204666f454c1c,[],"[[284.444444,248.888889,364.444444,328.888889],[342.222222,236.666667,418.888889,308.888889]]"
r_0c7616b9c5723ed019743d9b,images/i_81551914cfd375edd8ca494d.jpg,g_9bcb50d3d7f42264aba6f4ee,"[[165.555556,215.555556,464.444444,420.0],[534.444444,54.444444,553.333333,78.888889]]","[[88.888889,17.777778,191.111111,165.555556],[437.777778,63.333333,468.888889,91.111111]]"
r_c14ee93092bcee9b27aeb649,images/i_38eeffcf8d414c4e8cdda963.jpg,g_2d7b98cd7c371884a7dd41f9,[],"[[322.222222,266.666667,390.0,336.666667]]"
r_87351c4ce7bfdf122de906f8,images/i_09d450102288f8b1f45ba55c.jpg,g_5c1373668118a2ecdb25dcce,"[[41.111111,483.333333,146.666667,621.111111],[273.333333,302.222222,307.777778,338.888889],[332.222222,283.333333,371.111111,318.888889],[433.333333,425.555556,466.666667,444.444444]]","[[187.777778,347.777778,213.333333,375.555556]]"
r_ecb33df2626ead1b0ee0b917,images/i_fc58d5d69fa26b09537b0fd3.jpg,g_2470e5afdd2ca5d651dc7206,[],"[[292.222222,306.666667,327.777778,351.111111]]"
r_a0d7a7a7e218fe9a8c942416,images/i_9dd8b9cf910449ebb47e23ac.jpg,g_26808958ac59704f654ca805,"[[597.777778,427.777778,640.0,483.333333]]","[[0.0,354.444444,120.0,503.333333],[303.333333,342.222222,327.777778,367.777778],[461.111111,483.333333,505.555556,522.222222]]"
r_2d56877c4506551d8912350d,images/i_dabae31482ac25bf693b8bfb.jpg,g_de647c5cff066faa1b3857af,"[[292.222222,322.222222,323.333333,354.444444],[322.222222,356.666667,344.444444,388.888889],[465.555556,385.555556,494.444444,414.444444],[492.222222,320.0,530.0,355.555556]]","[[242.222222,0.0,273.333333,20.0],[297.777778,506.666667,344.444444,544.444444],[360.0,613.333333,391.111111,640.0]]"
r_883e76e956526aa3c7b81beb,images/i_c13081705d81f80c52b91c16.jpg,g_495fc3e5170e839c82003c16,"[[120.0,116.666667,147.777778,144.444444],[131.111111,26.666667,174.444444,68.888889],[244.444444,170.0,277.777778,204.444444],[246.666667,0.0,300.0,35.555556],[281.111111,321.111111,361.111111,382.222222],[360.0,142.222222,391.111111,174.444444],[404.444444,118.888889,441.111111,153.333333],[422.222222,84.444444,454.444444,142.222222]]","[[75.555556,35.555556,100.0,57.777778],[147.777778,86.666667,190.0,147.777778],[246.666667,96.666667,280.0,147.777778],[275.555556,2.222222,314.444444,50.0],[394.444444,150.0,422.222222,180.0]]"
r_6dd8e9fe24d967018fed1c8a,images/i_5df965b52861468a9e2a84f4.jpg,g_b4c454603fbee2555a70c026,"[[40.0,75.555556,101.111111,132.222222],[126.666667,140.0,203.333333,171.111111],[300.0,246.666667,321.111111,266.666667],[308.888889,213.333333,325.555556,231.111111],[347.777778,264.444444,375.555556,293.333333],[423.333333,203.333333,444.444444,228.888889],[455.555556,270.0,500.0,314.444444],[458.888889,308.888889,480.0,327.777778],[486.666667,0.0,507.777778,18.888889]]","[[86.666667,114.444444,177.777778,155.555556],[304.444444,193.333333,325.555556,218.888889],[328.888889,284.444444,378.888889,356.666667],[345.555556,176.666667,368.888889,202.222222],[384.444444,295.555556,413.333333,322.222222],[423.333333,64.444444,461.111111,101.111111],[466.666667,81.111111,484.444444,97.777778]]"
r_b9b9a76e904c5f1816f9fc20,images/i_536035f34b70456afdc2ce22.jpg,g_99d2b1d185950ccee12f2eeb,"[[318.888889,332.222222,340.0,354.444444],[343.333333,232.222222,366.666667,248.888889],[347.777778,218.888889,372.222222,235.555556],[410.0,193.333333,436.666667,211.111111],[421.111111,138.888889,438.888889,160.0]]","[[104.444444,155.555556,125.555556,178.888889],[234.444444,2.222222,255.555556,25.555556],[312.222222,293.333333,333.333333,315.555556],[342.222222,244.444444,362.222222,265.555556],[387.777778,155.555556,406.666667,174.444444]]"
r_01a79eb81aa104f69d734619,images/i_1439c6e9ab486d8e968900ac.jpg,g_f1c9bd53aaaf4c0e6ad83d17,[],"[[57.777778,210.0,523.333333,464.444444]]"
r_aa37a1c2a657b024370570dc,images/i_b8d6e9db9aef4bbfe694f224.jpg,g_8510df8069b8a496108a66f6,[],"[[286.666667,295.555556,342.222222,351.111111]]"
r_da3a75eadb690f3045f7e09e,images/i_e1a72e640a56b9e273593be9.jpg,g_44d271278278e63b28fbdde4,"[[118.888889,556.666667,145.555556,584.444444],[130.0,12.222222,163.333333,46.666667],[135.555556,334.444444,173.333333,373.333333],[176.666667,386.666667,196.666667,412.222222],[245.555556,403.333333,276.666667,440.0]]","[[278.888889,464.444444,301.111111,494.444444],[298.888889,290.0,337.777778,323.333333]]"
r_6c876902c9b175163d18f3e0,images/i_0e26049cec7001c001d1d9b7.jpg,g_ffa90c178359a98d23f9b712,"[[277.777778,368.888889,593.333333,448.888889],[517.777778,435.555556,640.0,610.0],[550.0,530.0,640.0,640.0]]","[[82.222222,236.666667,598.888889,394.444444],[300.0,427.777778,442.222222,516.666667],[301.111111,505.555556,388.888889,615.555556],[355.555556,435.555556,544.444444,640.0],[452.222222,412.222222,640.0,524.444444]]"
r_5bca82cd8d4b11ec5e4b5131,images/i_954a7ba1bf445258ff171108.jpg,g_cd2ef0422a57f279f0c6ffac,"[[112.222222,474.444444,202.222222,544.444444],[230.0,256.666667,471.111111,403.333333]]","[[27.777778,472.222222,84.444444,510.0],[228.888889,532.222222,318.888889,640.0]]"
r_aaac9e38d3da3ef992de6da7,images/i_eb0f042385637d0d28aad374.jpg,g_99fe6dc8bb0521da9ae52571,[],"[[276.666667,325.555556,372.222222,378.888889]]"
r_9f5b18bf5049a2f64014d39c,images/i_934919321da7fc4cb7134556.jpg,g_54a03abcd865b2ee759e8706,[],"[[131.111111,517.777778,170.0,545.555556],[300.0,312.222222,333.333333,373.333333]]"
r_d26ed8876d90273861636a7e,images/i_460b8760a232fb2419d975bd.jpg,g_44d271278278e63b28fbdde4,"[[292.222222,273.333333,311.111111,296.666667],[552.222222,295.555556,566.666667,323.333333]]","[[310.0,275.555556,327.777778,297.777778],[613.333333,363.333333,631.111111,395.555556]]"
r_b1c6d58fcf3674e211bc5eb0,images/i_f0972889aa32acf6035ab841.jpg,g_110a9597f495828fe3921133,[],"[[281.111111,310.0,320.0,334.444444]]"
r_c2af209f3361e2360761ce4e,images/i_11c49a85cb3eda2959beffc3.jpg,g_ba6e7e0f94fa8f8b65390c77,"[[23.333333,400.0,58.888889,431.111111],[106.666667,574.444444,134.444444,606.666667],[312.222222,124.444444,340.0,152.222222],[410.0,186.666667,437.777778,213.333333]]","[[234.444444,0.0,271.111111,30.0],[315.555556,272.222222,365.555556,322.222222],[371.111111,94.444444,408.888889,131.111111]]"
r_e044c159bed31d0c4e9c2407,images/i_c695b2c16c65c286e8a71c01.jpg,g_91bafbb1065b050f02bdf065,"[[0.0,230.0,240.0,430.0],[27.777778,500.0,95.555556,548.888889],[213.333333,532.222222,246.666667,561.111111],[291.111111,151.111111,511.111111,220.0],[330.0,307.777778,357.777778,335.555556],[401.111111,110.0,640.0,367.777778]]","[[253.333333,360.0,295.555556,394.444444],[515.555556,501.111111,640.0,640.0]]"
r_c678b3441070efd8510d60bd,images/i_066ecc343878802cf9f3890e.jpg,g_42d729dbddb5095c7622cb4c,"[[145.555556,255.555556,178.888889,285.555556],[470.0,151.111111,502.222222,182.222222]]","[[56.666667,407.777778,91.111111,443.333333],[113.333333,235.555556,145.555556,266.666667],[176.666667,131.111111,210.0,168.888889],[203.333333,477.777778,235.555556,508.888889],[278.888889,263.333333,322.222222,311.111111]]"
r_f125322a302eb761444275bf,images/i_5c7f9f8bbde014f96738a679.jpg,g_f1cbae0626c27c37bea3d945,[],"[[332.222222,295.555556,364.444444,338.888889]]"
r_692ccf8838010e1b43877627,images/i_88e9bb522f55d8450bd008a8.jpg,g_0380d845026530ae018ed9d8,[],"[[193.333333,254.444444,387.777778,403.333333]]"
r_c525d11686821e8050aa7733,images/i_600b1e53940b5dac8d818384.jpg,g_bc4b41910ede1dbb166e4ff0,"[[284.444444,300.0,317.777778,335.555556]]","[[114.444444,382.222222,215.555556,474.444444]]"
r_fb0fc942d98ad33bc2c4e0e5,images/i_d3843387c51cea7a10a6523e.jpg,g_b5ef5cc30e187371926b3e73,[],"[[204.444444,437.777778,232.222222,466.666667],[308.888889,315.555556,375.555556,377.777778],[461.111111,427.777778,496.666667,458.888889]]"
r_c8af2097a0a5b9d4ff0521c5,images/i_846bd3bd58048234524f6bb5.jpg,g_0399fc7bd8ff56bc2060fa48,[],"[[316.666667,318.888889,374.444444,395.555556]]"
r_5c1c3cfb33e0ad492d0ff12b,images/i_c9940af4b3ed3affc548bdb8.jpg,g_d6cb9e1e058f0bc69cb8f2f2,"[[190.0,540.0,221.111111,574.444444],[213.333333,405.555556,230.0,433.333333],[326.666667,143.333333,357.777778,182.222222],[341.111111,446.666667,368.888889,475.555556],[358.888889,51.111111,384.444444,82.222222],[398.888889,583.333333,437.777778,625.555556],[467.777778,0.0,528.888889,86.666667],[517.777778,0.0,546.666667,52.222222],[534.444444,175.555556,562.222222,204.444444],[560.0,516.666667,601.111111,555.555556],[568.888889,438.888889,601.111111,464.444444],[574.444444,596.666667,606.666667,625.555556],[582.222222,248.888889,626.666667,321.111111],[587.777778,544.444444,618.888889,574.444444],[591.111111,485.555556,640.0,564.444444],[617.777778,210.0,640.0,238.888889]]","[[117.777778,567.777778,165.555556,620.0],[257.777778,326.666667,313.333333,380.0],[272.222222,461.111111,296.666667,500.0],[332.222222,148.888889,418.888889,331.111111],[371.111111,543.333333,404.444444,575.555556],[477.777778,270.0,510.0,305.555556],[505.555556,577.777778,538.888889,614.444444],[517.777778,507.777778,541.111111,531.111111],[530.0,323.333333,563.333333,353.333333],[560.0,547.777778,593.333333,583.333333],[562.222222,342.222222,607.777778,394.444444],[573.333333,288.888889,596.666667,321.111111],[591.111111,38.888889,618.888889,67.777778]]"
r_bd50d4de5ac4b0efdcde58b6,images/i_e6c0c89f62e2657129ccb55e.jpg,g_fcc3135c1a03ea9ed7787190,[],"[[255.555556,250.0,405.555556,357.777778]]"
r_ee297ba25930eec3e683318c,images/i_c59cbe88e192929e2f000c77.jpg,g_5c1373668118a2ecdb25dcce,"[[416.666667,212.222222,446.666667,251.111111]]","[[316.666667,320.0,344.444444,344.444444]]"
r_e17256e64f2a5a4647cc4d38,images/i_db659b7ed0c04bdf5caadba1.jpg,g_499f3a898b9797b5237f5352,"[[260.0,216.666667,421.111111,377.777778],[290.0,155.555556,326.666667,192.222222]]","[[564.444444,35.555556,640.0,188.888889]]"
r_95a8c778d105e0471b405552,images/i_8a9a74029a970cf8aca4849f.jpg,g_0cd1b1bb4320c4889be0c4cb,[],"[[241.111111,265.555556,441.111111,401.111111]]"
r_4e0449eaa7c237463bdf1ab4,images/i_71189c993373b77054274b39.jpg,g_df677823917badf8fad6e483,"[[262.222222,430.0,288.888889,457.777778],[305.555556,336.666667,336.666667,370.0],[356.666667,93.333333,384.444444,125.555556],[362.222222,307.777778,398.888889,332.222222],[385.555556,171.111111,413.333333,203.333333],[467.777778,34.444444,501.111111,67.777778],[600.0,166.666667,626.666667,193.333333]]","[[352.222222,43.333333,378.888889,73.333333],[550.0,268.888889,586.666667,301.111111],[608.888889,281.111111,640.0,376.666667]]"
r_fb1faceda5d8ada4fd74344a,images/i_22700580f4c82ffd03ae60f0.jpg,g_44d271278278e63b28fbdde4,"[[166.666667,247.777778,192.222222,280.0],[181.111111,244.444444,205.555556,268.888889],[192.222222,327.777778,228.888889,365.555556],[227.777778,196.666667,256.666667,227.777778],[250.0,202.222222,281.111111,235.555556],[270.0,377.777778,344.444444,556.666667],[358.888889,610.0,393.333333,640.0],[464.444444,215.555556,492.222222,244.444444],[554.444444,6.666667,584.444444,43.333333],[568.888889,577.777778,633.333333,640.0],[606.666667,183.333333,628.888889,233.333333],[618.888889,306.666667,640.0,343.333333]]","[[37.777778,402.222222,91.111111,442.222222],[144.444444,236.666667,173.333333,266.666667],[167.777778,348.888889,200.0,377.777778],[205.555556,247.777778,222.222222,268.888889],[211.111111,133.333333,244.444444,175.555556],[238.888889,275.555556,255.555556,302.222222],[277.777778,313.333333,314.444444,350.0],[364.444444,550.0,398.888889,581.111111],[574.444444,155.555556,608.888889,192.222222]]"
r_0abec3e8eb1c75646ce5e3dc,images/i_1a2362d4ce4725c86a3cb4b5.jpg,g_79462de03b585b4bede00486,[],"[[317.777778,264.444444,360.0,308.888889]]"
r_831577db4e2b0fba4c11732a,images/i_0e491bdf9b3cff869f3997c5.jpg,g_52c4dfc1908e081c9ccd963a,[],"[[111.111111,277.777778,142.222222,313.333333],[241.111111,402.222222,264.444444,422.222222],[244.444444,120.0,435.555556,522.222222]]"
r_7b412ebf6f588d54300214ce,images/i_70660c8dde05d75a7cc81973.jpg,g_fc40c9a05e4d2a216cde6f1a,"[[295.555556,315.555556,336.666667,360.0],[403.333333,0.0,451.111111,38.888889]]","[[112.222222,132.222222,153.333333,176.666667],[516.666667,103.333333,570.0,158.888889]]"
r_d8efdb9a0a5d342f75f8b3a3,images/i_d8a83df0c20e4398c32d2c6e.jpg,g_f87a86c565b1f047f94e01c4,[],"[[266.666667,305.555556,322.222222,361.111111]]"
r_17f42b703b8e8ad1fc369c9c,images/i_bd5fc99465d398c54624d746.jpg,g_97708d237a2b75dbb2f531e5,"[[98.888889,378.888889,160.0,453.333333],[204.444444,405.555556,315.555556,516.666667],[232.222222,242.222222,337.777778,414.444444],[240.0,65.555556,290.0,181.111111],[415.555556,384.444444,495.555556,466.666667],[495.555556,132.222222,527.777778,158.888889],[528.888889,57.777778,552.222222,82.222222]]","[[234.444444,274.444444,310.0,381.111111],[267.777778,204.444444,316.666667,231.111111],[338.888889,451.111111,410.0,520.0]]"
r_a7dd1bdb20de55fd846ac217,images/i_4e5c5642f39aa98fafdded01.jpg,g_5c1373668118a2ecdb25dcce,"[[0.0,431.111111,34.444444,487.777778],[190.0,385.555556,220.0,413.333333],[230.0,207.777778,265.555556,257.777778],[347.777778,328.888889,375.555556,344.444444],[542.222222,131.111111,573.333333,158.888889]]","[[0.0,374.444444,23.333333,432.222222],[201.111111,368.888889,330.0,438.888889],[272.222222,264.444444,354.444444,327.777778],[396.666667,105.555556,470.0,204.444444]]"
r_16c66b1f31e98b29c99b4aa5,images/i_d0c5afdec9415386e3f894d2.jpg,g_dfcdb9f3eaade72b7aee0dae,"[[312.222222,325.555556,340.0,353.333333]]","[[271.111111,526.666667,288.888889,554.444444]]"
r_ec8fa76ada13fe9f71eaaa1e,images/i_cb604f685175710f13e1060f.jpg,g_b355ce2a07f226613b90f9c3,[],"[[325.555556,273.333333,370.0,316.666667]]"
r_3291cb7177b26f2b3a430779,images/i_4275fc6b71092db1f1e21e5d.jpg,g_a3138d25ea424607be952fbd,"[[0.0,240.0,414.444444,576.666667]]","[[594.444444,505.555556,627.777778,540.0]]"
r_58aa6817335599fd8088eb5a,images/i_ef031100eac90878572104f2.jpg,g_1d4eb1eeed3e39bf83f96b11,"[[52.222222,610.0,98.888889,640.0],[271.111111,311.111111,343.333333,372.222222]]","[[488.888889,277.777778,514.444444,303.333333]]"
r_aa00d39c8c4b47f43508bdcf,images/i_2f877caea10177b4bacc191b.jpg,g_118a7538c21d88358461f5c8,[],"[[277.777778,263.333333,335.555556,332.222222]]"
r_8fac3780fb8073e04d6e2d51,images/i_32c72d13015fcb95f13cf329.jpg,g_4f53fe9e9c32c6a28be5ba47,"[[242.222222,275.555556,303.333333,427.777778],[242.222222,434.444444,270.0,495.555556],[383.333333,590.0,407.777778,612.222222],[418.888889,103.333333,447.777778,134.444444],[454.444444,193.333333,485.555556,224.444444]]","[[25.555556,236.666667,50.0,265.555556],[67.777778,46.666667,162.222222,267.777778]]"
r_146a605a4ce56ed725721077,images/i_d2ff28421d1ccdc930c10ff9.jpg,g_1979157cf402029e930d18f9,[],"[[316.666667,296.666667,394.444444,368.888889]]"
r_dae841d108290038d8efa8c2,images/i_d43a6baa462637da8320a12f.jpg,g_60311e780a136147b3e08279,"[[61.111111,534.444444,83.333333,557.777778],[146.666667,441.111111,173.333333,493.333333],[310.0,248.888889,354.444444,343.333333]]","[[287.777778,576.666667,321.111111,626.666667],[324.444444,11.111111,344.444444,50.0],[390.0,521.111111,445.555556,576.666667]]"
r_21d297c06f24be9b6542c572,images/i_8ebe69b7d9b78be262546b5f.jpg,g_c5c619746391261748751beb,"[[303.333333,251.111111,403.333333,351.111111]]","[[535.555556,98.888889,607.777778,168.888889]]"
r_db0143566c5ee492f98504a0,images/i_306625b46ac376220de82b8a.jpg,g_12b20c60c35d4e869acf4ffc,[],"[[287.777778,230.0,380.0,463.333333]]"
r_f0e82f9cfb8f2dca69068b14,images/i_54e5cb5747da40a51be27b52.jpg,g_dfcdb9f3eaade72b7aee0dae,"[[306.666667,322.222222,367.777778,350.0]]","[[417.777778,350.0,441.111111,377.777778]]"
r_d8ba57b387e234044d14df95,images/i_a510b786c88de20265098d0c.jpg,g_6a1e0ae9c64195095fc69ee4,[],"[[328.888889,268.888889,360.0,297.777778]]"
r_df3ca0d92475dd1ec23dc657,images/i_97e2a51a66cf0f04095b1802.jpg,g_1cd5018e1fccddac14abd843,"[[61.111111,587.777778,118.888889,640.0],[187.777778,185.555556,261.111111,241.111111],[406.666667,286.666667,465.555556,332.222222],[426.666667,13.333333,510.0,86.666667],[437.777778,328.888889,498.888889,374.444444],[532.222222,507.777778,573.333333,554.444444],[567.777778,545.555556,621.111111,580.0],[593.333333,96.666667,640.0,137.777778]]","[[88.888889,441.111111,141.111111,482.222222],[218.888889,257.777778,261.111111,296.666667],[254.444444,264.444444,343.333333,337.777778],[267.777778,226.666667,303.333333,255.555556],[284.444444,215.555556,315.555556,243.333333],[397.777778,374.444444,434.444444,417.777778],[447.777778,177.777778,492.222222,215.555556]]"
r_b3ba5f0253b7a30d743a3c2e,images/i_bb9c1f901b339b9821d91cb6.jpg,g_bdcee682be55cabe64acac0f,"[[10.0,240.0,52.222222,275.555556],[63.333333,253.333333,83.333333,284.444444],[130.0,116.666667,158.888889,144.444444],[307.777778,260.0,391.111111,358.888889],[471.111111,201.111111,501.111111,223.333333]]","[[121.111111,162.222222,150.0,195.555556],[204.444444,201.111111,283.333333,253.333333]]"
r_06ca9cedc5085425539b2f4b,images/i_5ddb8aade80b75d46e6b942a.jpg,g_22e98dfea81ddd5d806b4742,"[[74.444444,446.666667,104.444444,475.555556],[544.444444,86.666667,576.666667,116.666667]]","[[272.222222,324.444444,313.333333,366.666667]]"
r_fe0e0dd3f1bdd42aec61f654,images/i_70aa1facf1a816730e88370f.jpg,g_5c1373668118a2ecdb25dcce,"[[195.555556,224.444444,320.0,276.666667],[245.555556,255.555556,412.222222,342.222222],[377.777778,98.888889,406.666667,132.222222],[400.0,185.555556,442.222222,222.222222],[441.111111,0.0,501.111111,66.666667],[447.777778,38.888889,470.0,63.333333],[472.222222,221.111111,631.111111,422.222222],[512.222222,358.888889,542.222222,397.777778],[558.888889,437.777778,581.111111,463.333333],[570.0,460.0,640.0,547.777778],[572.222222,540.0,603.333333,570.0],[601.111111,244.444444,628.888889,274.444444],[611.111111,271.111111,636.666667,302.222222]]","[[397.777778,93.333333,420.0,130.0],[584.444444,476.666667,611.111111,503.333333]]"
r_68b1cd88c0739deca5434ec3,images/i_ebd5ab7fe75549367e312fb8.jpg,g_548716fabb146405ff0421e8,"[[85.555556,560.0,114.444444,590.0],[156.666667,501.111111,193.333333,537.777778],[210.0,555.555556,235.555556,578.888889],[264.444444,513.333333,300.0,546.666667],[327.777778,560.0,387.777778,602.222222],[506.666667,273.333333,550.0,321.111111]]","[[308.888889,272.222222,366.666667,347.777778]]"
r_bdf478fe35145d1d2905d6fa,images/i_36b7a30b1f49321aecc13a14.jpg,g_76c960aa4b4cf4c78de449ec,"[[54.444444,66.666667,85.555556,101.111111],[165.555556,205.555556,194.444444,235.555556],[193.333333,12.222222,221.111111,42.222222]]","[[148.888889,62.222222,176.666667,95.555556],[157.777778,241.111111,185.555556,264.444444],[204.444444,134.444444,232.222222,164.444444],[291.111111,286.666667,328.888889,324.444444],[407.777778,221.111111,440.0,253.333333]]"
r_abc12ddf3058a63a611b4c90,images/i_8c772156acaab8763f900d2a.jpg,g_de647c5cff066faa1b3857af,"[[72.222222,437.777778,108.888889,476.666667],[178.888889,532.222222,208.888889,563.333333],[202.222222,347.777778,238.888889,386.666667],[244.444444,283.333333,266.666667,308.888889],[406.666667,273.333333,436.666667,303.333333],[460.0,0.0,494.444444,35.555556]]","[[280.0,320.0,305.555556,347.777778],[492.222222,17.777778,518.888889,43.333333]]"
r_b3877fcafb729e41fd93a4b9,images/i_6f74673fdd19e18eb7802d7f.jpg,g_6acfc01192495df3a23c50fe,"[[115.555556,530.0,151.111111,561.111111]]","[[303.333333,261.111111,365.555556,338.888889]]"
r_1ef8dc70a357b56989474d89,images/i_5255d3338ef88d3811ee63eb.jpg,g_26808958ac59704f654ca805,"[[270.0,265.555556,320.0,320.0]]","[[0.0,380.0,30.0,413.333333]]"
r_963955c4b516a47e65dcf076,images/i_a8d7786d9346d48638313ee5.jpg,g_34069ada4455e034b50c9255,"[[236.666667,394.444444,270.0,432.222222],[273.333333,283.333333,312.222222,333.333333],[417.777778,454.444444,451.111111,490.0],[502.222222,533.333333,532.222222,570.0],[522.222222,388.888889,568.888889,437.777778],[533.333333,526.666667,553.333333,551.111111],[564.444444,444.444444,591.111111,472.222222]]","[[262.222222,340.0,294.444444,372.222222],[364.444444,477.777778,390.0,504.444444],[433.333333,425.555556,462.222222,460.0],[442.222222,444.444444,483.333333,474.444444],[461.111111,214.444444,496.666667,255.555556],[538.888889,411.111111,571.111111,446.666667],[575.555556,446.666667,614.444444,493.333333],[596.666667,462.222222,640.0,506.666667]]"
r_920d366a082f5003cc82be42,images/i_50277265890bac9cbfffd9a8.jpg,g_b4c454603fbee2555a70c026,"[[328.888889,121.111111,363.333333,143.333333],[415.555556,4.444444,457.777778,41.111111]]","[[281.111111,35.555556,315.555556,67.777778],[287.777778,317.777778,326.666667,373.333333]]"
r_19c04b954a7db0093d35778e,images/i_cd4189c1c77dd8c1b510538f.jpg,g_495fc3e5170e839c82003c16,"[[143.333333,158.888889,176.666667,195.555556],[246.666667,64.444444,282.222222,95.555556],[258.888889,142.222222,280.0,164.444444],[426.666667,84.444444,457.777778,108.888889]]","[[138.888889,184.444444,166.666667,212.222222],[144.444444,108.888889,171.111111,128.888889],[180.0,173.333333,204.444444,198.888889],[232.222222,12.222222,264.444444,42.222222],[266.666667,306.666667,287.777778,332.222222],[274.444444,320.0,330.0,375.555556]]"
r_711c733e0f5b0909e56c65ec,images/i_40424a802559b8639eac05c2.jpg,g_227a56df28bba698e8831517,[],"[[304.444444,310.0,377.777778,393.333333]]"
r_82812479b570faf9586a159c,images/i_736728d0d2be006326849ecc.jpg,g_15ee6bdec434a30a1c27101d,[],"[[297.777778,265.555556,335.555556,302.222222]]"
r_81bf453cadccf8be9ee48e13,images/i_334451560c580ac044d1d157.jpg,g_2b0b6c8cfa133401e9e81713,[],"[[296.666667,318.888889,354.444444,384.444444]]"
r_bd98e98fe2837602025251f2,images/i_141af107d98a81977de59edd.jpg,g_e87b83548d3424ad3cecc65e,"[[362.222222,363.333333,405.555556,405.555556],[391.111111,294.444444,423.333333,330.0]]","[[326.666667,330.0,380.0,376.666667]]"
r_2ca6a10d95f8a725ca6959f1,images/i_d390785fced1fa3b0c3378e6.jpg,g_de647c5cff066faa1b3857af,"[[6.666667,164.444444,33.333333,222.222222],[62.222222,566.666667,90.0,595.555556],[223.333333,576.666667,250.0,606.666667],[228.888889,446.666667,274.444444,490.0],[232.222222,510.0,262.222222,540.0],[395.555556,363.333333,443.333333,491.111111],[415.555556,435.555556,453.333333,463.333333],[534.444444,0.0,571.111111,42.222222],[614.444444,0.0,640.0,12.222222]]","[[201.111111,92.222222,244.444444,134.444444],[251.111111,333.333333,334.444444,368.888889]]"
r_99d3596c3b8299cf0bd4fd26,images/i_81b02bbf7625f8848b489858.jpg,g_90adb39f2860875dfb51dceb,"[[155.555556,426.666667,182.222222,447.777778],[174.444444,201.111111,478.888889,391.111111],[188.888889,487.777778,245.555556,535.555556],[191.111111,368.888889,250.0,416.666667],[410.0,345.555556,640.0,463.333333]]","[[33.333333,355.555556,75.555556,401.111111],[431.111111,360.0,501.111111,412.222222],[510.0,328.888889,640.0,484.444444],[521.111111,393.333333,640.0,452.222222]]"
r_84abd93ef7d459363bdcdb07,images/i_b35ac73417e4749a5960ff52.jpg,g_a3bda28a49e6d273f70bc55f,"[[278.888889,327.777778,308.888889,358.888889],[292.222222,616.666667,320.0,640.0],[332.222222,566.666667,360.0,592.222222]]","[[265.555556,301.111111,304.444444,336.666667],[347.777778,533.333333,371.111111,570.0]]"
r_8d56e65d69b112f42cd08960,images/i_ea9021d42e87bc6e0154e9fc.jpg,g_106602235c05f588f0e5ba22,[],"[[296.666667,311.111111,352.222222,366.666667]]"
r_537814f508a55b983fb25472,images/i_19695c888580168fa5f1efc7.jpg,g_b7d6f8fe3799dcff5023063f,"[[328.888889,301.111111,356.666667,340.0],[384.444444,0.0,418.888889,25.555556],[452.222222,73.333333,490.0,101.111111],[456.666667,0.0,490.0,34.444444]]","[[242.222222,0.0,276.666667,34.444444]]"
r_a3711ac806dbed4cdd038f40,images/i_c576945cd267b3ac9d3a0f2e.jpg,g_f93e5e1f02b8f70fee92f8e9,"[[216.666667,421.111111,240.0,443.333333],[217.777778,443.333333,238.888889,465.555556],[250.0,343.333333,272.222222,368.888889],[327.777778,476.666667,352.222222,502.222222]]","[[247.777778,480.0,273.333333,510.0],[271.111111,291.111111,303.333333,324.444444],[277.777778,430.0,300.0,454.444444],[303.333333,406.666667,327.777778,432.222222]]"
r_97da17320540ac272439667b,images/i_2cc6d21d4b5508d441280fc0.jpg,g_85ed2208154a5815297446b0,"[[316.666667,132.222222,403.333333,362.222222]]","[[177.777778,347.777778,205.555556,366.666667],[260.0,320.0,336.666667,370.0],[358.888889,26.666667,391.111111,54.444444]]"
r_7c26e7bc31bd6fd66cd3ade1,images/i_4ed6c9930295a5b68f6776eb.jpg,g_de647c5cff066faa1b3857af,"[[51.111111,308.888889,76.666667,336.666667],[102.222222,522.222222,132.222222,550.0],[124.444444,583.333333,158.888889,616.666667],[140.0,445.555556,170.0,477.777778],[152.222222,301.111111,196.666667,345.555556],[195.555556,312.222222,217.777778,337.777778],[234.444444,201.111111,264.444444,234.444444],[240.0,347.777778,274.444444,384.444444],[290.0,321.111111,345.555556,385.555556],[367.777778,317.777778,414.444444,362.222222],[411.111111,460.0,435.555556,485.555556],[416.666667,563.333333,453.333333,598.888889],[420.0,264.444444,447.777778,297.777778],[427.777778,292.222222,456.666667,318.888889]]","[[52.222222,11.111111,211.111111,210.0],[87.777778,473.333333,124.444444,507.777778],[271.111111,457.777778,301.111111,485.555556],[308.888889,446.666667,342.222222,475.555556],[353.333333,320.0,377.777778,351.111111],[375.555556,463.333333,405.555556,495.555556]]"
r_584ab992ee33b4a7f38ceb3e,images/i_c8d7daa729a1c7459481d0f0.jpg,g_6e8e0013c90631588dd146c0,[],"[[302.222222,278.888889,337.777778,314.444444]]"
r_7562df4eb4a81bed9ca6126f,images/i_5ea1ec084216a87847405f06.jpg,g_54a03abcd865b2ee759e8706,"[[272.222222,294.444444,301.111111,324.444444]]","[[515.555556,250.0,542.222222,278.888889]]"
r_14dbf3bd4a817ac736217707,images/i_8ed4e4ba9842259a783f9210.jpg,g_1d4eb1eeed3e39bf83f96b11,"[[273.333333,333.333333,308.888889,372.222222]]","[[287.777778,366.666667,322.222222,397.777778]]"
r_3ca75e25c6bff71d424eb83c,images/i_4258c85ae405572234a1d7a8.jpg,g_cb72947b5686f3baba1f7986,"[[248.888889,195.555556,282.222222,217.777778],[260.0,281.111111,321.111111,397.777778]]","[[174.444444,381.111111,206.666667,420.0]]"
r_eb9aa71f916bfbdfc2a110bc,images/i_d3d05fdf6df757399f101628.jpg,g_2de647eafdf38be0ba361467,"[[265.555556,276.666667,321.111111,332.222222],[330.0,420.0,368.888889,453.333333],[387.777778,337.777778,432.222222,384.444444],[577.777778,530.0,605.555556,558.888889]]","[[332.222222,362.222222,363.333333,390.0],[413.333333,403.333333,451.111111,436.666667],[595.555556,557.777778,625.555556,591.111111],[612.222222,577.777778,640.0,611.111111]]"
r_8d74cd21b450c15050db2d90,images/i_b4cde48f0486445ab323f8a2.jpg,g_bc930b282ae70bc7768a92af,[],"[[255.555556,263.333333,637.777778,425.555556]]"
r_25abfdb576bd3df3fe554d53,images/i_c7315addac477420da9367b9.jpg,g_e714ecad05d4d9e7fe1f8344,"[[251.111111,265.555556,382.222222,374.444444],[268.888889,190.0,355.555556,228.888889],[281.111111,314.444444,318.888889,413.333333],[300.0,304.444444,380.0,331.111111]]","[[235.555556,204.444444,290.0,290.0]]"
r_8adc7004066288490a4d2e10,images/i_c57464ec99a890bc200f7529.jpg,g_5cbec34ec45decb5b2ed3683,"[[171.111111,484.444444,224.444444,556.666667],[246.666667,302.222222,270.0,326.666667],[290.0,287.777778,318.888889,312.222222],[368.888889,261.111111,393.333333,301.111111],[432.222222,191.111111,468.888889,216.666667],[441.111111,154.444444,465.555556,185.555556],[463.333333,135.555556,500.0,165.555556],[530.0,172.222222,552.222222,198.888889]]","[[488.888889,116.666667,513.333333,137.777778]]"
r_2831a591a484d1d92a010a33,images/i_1ee55e72a46798bfe97965c5.jpg,g_153f2ceabbf7fb25df867ef6,"[[8.888889,300.0,25.555556,322.222222],[27.777778,438.888889,52.222222,463.333333],[32.222222,228.888889,105.555556,300.0],[88.888889,485.555556,118.888889,525.555556],[134.444444,488.888889,156.666667,514.444444],[168.888889,420.0,332.222222,496.666667],[212.222222,265.555556,395.555556,361.111111],[243.333333,464.444444,278.888889,494.444444]]","[[44.444444,300.0,94.444444,350.0],[96.666667,463.333333,122.222222,486.666667],[151.111111,287.777778,180.0,314.444444],[165.555556,503.333333,188.888889,533.333333],[277.777778,455.555556,334.444444,511.111111],[393.333333,463.333333,426.666667,497.777778]]"
r_88cd9426b7d158558909edf3,images/i_2533d2ddb3b49ddb62f7a2aa.jpg,g_d5a6f73a81daf08e1b467d5f,"[[13.333333,404.444444,44.444444,431.111111],[14.444444,0.0,65.555556,41.111111],[48.888889,138.888889,113.333333,168.888889],[68.888889,430.0,96.666667,458.888889],[158.888889,510.0,192.222222,553.333333],[173.333333,152.222222,223.333333,194.444444],[181.111111,485.555556,232.222222,526.666667],[206.666667,141.111111,245.555556,184.444444],[251.111111,0.0,360.0,115.555556],[255.555556,82.222222,298.888889,126.666667],[273.333333,154.444444,313.333333,188.888889],[304.444444,118.888889,337.777778,152.222222],[328.888889,282.222222,365.555556,326.666667],[603.333333,91.111111,640.0,170.0]]","[[10.0,98.888889,33.333333,127.777778],[41.111111,115.555556,63.333333,137.777778],[118.888889,166.666667,152.222222,205.555556],[168.888889,118.888889,198.888889,146.666667],[302.222222,327.777778,337.777778,358.888889]]"
r_6cb3072214fc32a1b7998376,images/i_fc7ebf165c97d6265ba46847.jpg,g_e09dcc116d8b293cc46282c7,"[[186.666667,362.222222,205.555556,386.666667]]","[[190.0,376.666667,217.777778,406.666667],[262.222222,268.888889,344.444444,404.444444]]"
r_35fd8e4b8085f33c587ce333,images/i_93f19097f271f5e98e5bab0c.jpg,g_cad69ede20411e660f443661,[],"[[255.555556,266.666667,321.111111,333.333333]]"
r_0bc211caccdcdd123bf05179,images/i_3780c464996aa690afce477a.jpg,g_983b6d8a5f70c2bff2f25f7a,[],"[[7.777778,222.222222,631.111111,344.444444]]"
r_c6d0efc5a2b92ff2ca1a2177,images/i_129275eaf6f459a24a523a95.jpg,g_b41fd45db741a62cc11cd640,"[[217.777778,416.666667,321.111111,553.333333]]","[[228.888889,191.111111,367.777778,392.222222]]"
r_51537773e2938b95e4851954,images/i_a3dffb1498de63f871282477.jpg,g_60311e780a136147b3e08279,"[[43.333333,383.333333,77.777778,422.222222],[104.444444,565.555556,128.888889,591.111111],[160.0,97.777778,181.111111,121.111111],[243.333333,5.555556,271.111111,57.777778],[280.0,526.666667,325.555556,580.0],[488.888889,83.333333,544.444444,138.888889]]","[[0.0,517.777778,57.777778,597.777778],[234.444444,246.666667,290.0,285.555556],[264.444444,324.444444,293.333333,352.222222],[278.888889,312.222222,306.666667,337.777778],[317.777778,226.666667,383.333333,343.333333],[384.444444,141.111111,417.777778,188.888889]]"
r_cc715adb9655b57c0e231c42,images/i_50857749dc2c1b8dbd66084c.jpg,g_72dc9531ba2d14990e9b8f6f,"[[274.444444,274.444444,313.333333,357.777778],[372.222222,268.888889,402.222222,355.555556]]","[[241.111111,297.777778,296.666667,354.444444]]"
r_a8858b18c2f4ffec54cf7078,images/i_fe4c9e9298c05dc179ac7ca0.jpg,g_ebbb75e009164c69c8c49f61,"[[271.111111,304.444444,298.888889,347.777778]]","[[96.666667,581.111111,142.222222,612.222222],[367.777778,264.444444,391.111111,294.444444]]"
r_48feb4d6ccfee42664fd21e2,images/i_c6af99764383ad5b477ad224.jpg,g_f87a86c565b1f047f94e01c4,"[[398.888889,267.777778,453.333333,414.444444]]","[[391.111111,0.0,524.444444,57.777778]]"
r_0504d58efaf06d395524e04a,images/i_da05d33840ed834ae33a2259.jpg,g_ea61804ec1b67732d75ad156,"[[142.222222,293.333333,172.222222,327.777778],[191.111111,368.888889,226.666667,404.444444],[277.777778,310.0,313.333333,362.222222]]","[[148.888889,353.333333,183.333333,385.555556]]"
r_53a2ec1668a86751aba1572e,images/i_666c91547c051d0ba246d77c.jpg,g_44d271278278e63b28fbdde4,"[[127.777778,326.666667,157.777778,358.888889]]","[[318.888889,305.555556,356.666667,336.666667]]"
r_aceeb642d238ad5e6875e6a7,images/i_f04d8031b17ec81838a31e04.jpg,g_789e503e7e540ac443554fd8,"[[34.444444,63.333333,65.555556,96.666667],[162.222222,85.555556,196.666667,122.222222],[184.444444,55.555556,215.555556,92.222222],[224.444444,92.222222,254.444444,124.444444],[256.666667,205.555556,280.0,235.555556],[295.555556,266.666667,375.555556,327.777778],[370.0,83.333333,398.888889,107.777778],[371.111111,222.222222,400.0,255.555556],[382.222222,130.0,412.222222,157.777778],[383.333333,186.666667,412.222222,213.333333],[472.222222,188.888889,520.0,264.444444],[498.888889,362.222222,595.555556,393.333333],[531.111111,238.888889,556.666667,261.111111]]","[[80.0,50.0,104.444444,70.0],[221.111111,66.666667,251.111111,96.666667],[241.111111,186.666667,271.111111,218.888889],[421.111111,451.111111,486.666667,517.777778],[522.222222,376.666667,550.0,405.555556],[527.777778,180.0,561.111111,208.888889]]"
r_7ba5558416a806a262000f32,images/i_a243e767aa45f4ef93f9238e.jpg,g_de647c5cff066faa1b3857af,"[[242.222222,398.888889,271.111111,427.777778],[314.444444,276.666667,353.333333,315.555556],[368.888889,398.888889,396.666667,436.666667],[486.666667,408.888889,522.222222,447.777778],[616.666667,317.777778,640.0,356.666667]]","[[28.888889,368.888889,66.666667,404.444444],[186.666667,397.777778,214.444444,475.555556],[198.888889,146.666667,377.777778,174.444444],[225.555556,216.666667,253.333333,327.777778],[242.222222,345.555556,270.0,372.222222],[288.888889,404.444444,323.333333,443.333333],[327.777778,193.333333,360.0,224.444444],[588.888889,500.0,623.333333,534.444444]]"
r_0f2f19390db0cb053be8d629,images/i_75b3ff2b9026b49711fd0401.jpg,g_1b1d68c8eb63c3fd3f12f964,"[[160.0,245.555556,186.666667,267.777778]]","[[268.888889,292.222222,323.333333,327.777778]]"
r_7308c9ee4278cd6f173f87b2,images/i_7cf65934554cbe7157aa851d.jpg,g_146012b47cdbc82cff624cd4,"[[42.222222,0.0,123.333333,37.777778],[201.111111,422.222222,300.0,504.444444],[296.666667,294.444444,341.111111,341.111111]]","[[161.111111,458.888889,198.888889,498.888889]]"
r_7c1c5cdce6d5b1e5fabf8066,images/i_60a205334a505100eddef45e.jpg,g_153f2ceabbf7fb25df867ef6,"[[125.555556,266.666667,160.0,307.777778]]","[[297.777778,312.222222,325.555556,340.0]]"
r_cb7b715e4447cde44431c26f,images/i_c9ee7a4c00b773158f033b5f.jpg,g_44d271278278e63b28fbdde4,"[[62.222222,187.777778,88.888889,234.444444],[144.444444,435.555556,167.777778,457.777778],[157.777778,443.333333,184.444444,475.555556],[424.444444,56.666667,450.0,81.111111],[441.111111,237.777778,466.666667,263.333333]]","[[316.666667,297.777778,370.0,352.222222],[426.666667,560.0,454.444444,591.111111],[440.0,491.111111,460.0,515.555556]]"
r_ade2440c6d05afa7de38a6e7,images/i_73606fb89a0fe6bfad5cbe95.jpg,g_d75a5e79f2c05a88e8c127e9,[],"[[216.666667,243.333333,430.0,437.777778]]"
r_17de4f2999e0330dbbe48eee,images/i_ef3a3338a8a48b1d56c42a45.jpg,g_d106f02d431f613c099d660b,[],"[[81.111111,175.555556,510.0,447.777778]]"
r_e43589b0a97f9e4750da83c6,images/i_7e0c35776704f5903f11b230.jpg,g_9b84a0e70cd2222728d660da,"[[142.222222,412.222222,190.0,493.333333],[545.555556,122.222222,640.0,194.444444]]","[[270.0,244.444444,372.222222,376.666667]]"
r_4ba377acbe4c777c3bedce7f,images/i_7512836ae91397a037765245.jpg,g_27f2ae8c9163c1e7266a3fda,[],"[[307.777778,318.888889,345.555556,357.777778]]"
r_e20f86f54a9c8240913878fb,images/i_cc6af2d39c38d73689123e4b.jpg,g_ce13e71e2fcafc528a00bae7,[],"[[291.111111,282.222222,351.111111,351.111111]]"
r_154d8c9b7edb83aaf956189e,images/i_7baf839d40ffefc76fc6515a.jpg,g_08b7ff2d9329b2305e52387c,"[[171.111111,322.222222,217.777778,377.777778],[198.888889,342.222222,231.111111,377.777778],[217.777778,418.888889,247.777778,450.0],[226.666667,353.333333,262.222222,386.666667],[240.0,408.888889,270.0,431.111111],[248.888889,350.0,281.111111,372.222222],[284.444444,430.0,323.333333,466.666667],[345.555556,322.222222,370.0,352.222222],[423.333333,470.0,464.444444,497.777778],[430.0,483.333333,466.666667,514.444444],[434.444444,557.777778,467.777778,580.0],[442.222222,533.333333,473.333333,564.444444],[478.888889,536.666667,514.444444,574.444444],[513.333333,542.222222,544.444444,570.0],[520.0,410.0,558.888889,472.222222],[526.666667,302.222222,595.555556,348.888889],[572.222222,570.0,597.777778,594.444444],[577.777778,508.888889,616.666667,547.777778]]","[[306.666667,308.888889,346.666667,341.111111],[330.0,582.222222,430.0,640.0],[477.777778,403.333333,530.0,458.888889]]"
r_7e22bf537bb2d8ac7551b227,images/i_04783af09931a7f9b3c70701.jpg,g_f1cbae0626c27c37bea3d945,"[[242.222222,578.888889,277.777778,603.333333],[305.555556,168.888889,325.555556,193.333333],[331.111111,408.888889,353.333333,431.111111],[393.333333,378.888889,418.888889,401.111111],[422.222222,445.555556,446.666667,470.0],[430.0,462.222222,457.777778,484.444444]]","[[18.888889,453.333333,55.555556,488.888889],[335.555556,285.555556,374.444444,327.777778],[346.666667,401.111111,374.444444,431.111111]]"
r_014cc7937274fda4cfdc6886,images/i_2cfd8b1aeb5c99ed7d13a48d.jpg,g_84b524d03609955bccc4e798,"[[254.444444,476.666667,284.444444,513.333333],[334.444444,270.0,370.0,312.222222]]","[[330.0,480.0,366.666667,513.333333]]"
r_5be42aa77a283658ee57ea05,images/i_9291eab6a8c505b70713c4db.jpg,g_97708d237a2b75dbb2f531e5,[],"[[301.111111,291.111111,347.777778,350.0]]"
r_f474925acc8ff17a1fb29003,images/i_c6a05198e5964ca746b7c085.jpg,g_44d271278278e63b28fbdde4,"[[15.555556,0.0,56.666667,28.888889],[74.444444,131.111111,103.333333,162.222222],[107.777778,326.666667,146.666667,354.444444],[272.222222,275.555556,458.888889,396.666667],[283.333333,476.666667,312.222222,510.0],[304.444444,325.555556,334.444444,357.777778],[450.0,3.333333,482.222222,34.444444],[478.888889,226.666667,540.0,292.222222]]","[[71.111111,385.555556,87.777778,407.777778],[163.333333,236.666667,208.888889,276.666667],[322.222222,390.0,353.333333,434.444444],[375.555556,12.222222,410.0,46.666667]]"
r_62dd168cc960e09edc88df97,images/i_579c23417d7f8bcb800bd8da.jpg,g_63a0200e0e708ab30df42a1e,[],"[[218.888889,261.111111,350.0,386.666667]]"
r_06133a5088644c2f08fa433d,images/i_cca53712ae9f77af848ffc07.jpg,g_44d271278278e63b28fbdde4,"[[181.111111,481.111111,198.888889,503.333333],[261.111111,483.333333,295.555556,514.444444],[354.444444,453.333333,388.888889,488.888889],[366.666667,523.333333,394.444444,551.111111],[385.555556,550.0,414.444444,577.777778],[408.888889,595.555556,436.666667,623.333333],[512.222222,111.111111,541.111111,141.111111],[536.666667,370.0,568.888889,400.0]]","[[96.666667,387.777778,118.888889,416.666667],[242.222222,227.777778,272.222222,256.666667],[336.666667,295.555556,370.0,328.888889],[355.555556,520.0,377.777778,540.0],[483.333333,307.777778,505.555556,336.666667],[494.444444,235.555556,525.555556,265.555556],[522.222222,336.666667,544.444444,356.666667]]"
r_e366e772639855a147c1a267,images/i_f636683f28d2705087b46f24.jpg,g_cd2ef0422a57f279f0c6ffac,"[[190.0,582.222222,355.555556,640.0],[260.0,177.777778,364.444444,453.333333],[500.0,475.555556,555.555556,512.222222]]","[[382.222222,436.666667,482.222222,506.666667]]"
r_c0e8b529767a39ba888aae7f,images/i_4aebfd87529b5744f7ada735.jpg,g_f1c9bd53aaaf4c0e6ad83d17,"[[265.555556,268.888889,343.333333,320.0],[511.111111,268.888889,572.222222,341.111111]]","[[198.888889,95.555556,234.444444,123.333333]]"
r_55b1be4597c7003f09bc03dc,images/i_8193f300ed3ae1fc01ae0b9f.jpg,g_e21cc6a5fb6ae7806e81a365,"[[347.777778,211.111111,376.666667,242.222222]]","[[263.333333,324.444444,313.333333,363.333333],[280.0,203.333333,310.0,228.888889]]"
r_c1ab3b67a663af64c52fc365,images/i_07c4f8ddbb43b0876d379383.jpg,g_247f2ddf124f6fb784007edd,"[[180.0,454.444444,200.0,477.777778],[187.777778,372.222222,211.111111,398.888889],[318.888889,293.333333,346.666667,321.111111]]","[[152.222222,376.666667,180.0,398.888889]]"
r_f78032196c0a30dcccf0f6a9,images/i_8fd84fdcbb3ea83b8564482c.jpg,g_de647c5cff066faa1b3857af,"[[391.111111,403.333333,443.333333,453.333333],[442.222222,451.111111,478.888889,483.333333],[521.111111,230.0,564.444444,266.666667]]","[[0.0,241.111111,22.222222,271.111111],[266.666667,284.444444,310.0,323.333333]]"
r_f35d4500a53c11ba914de308,images/i_236fd9a0c8dbad11f559a0fd.jpg,g_c96e38f77d47b4d3b2bb7261,"[[3.333333,381.111111,30.0,408.888889],[24.444444,375.555556,51.111111,404.444444],[120.0,427.777778,143.333333,455.555556],[156.666667,320.0,191.111111,350.0],[196.666667,587.777778,226.666667,614.444444],[228.888889,598.888889,256.666667,624.444444],[285.555556,271.111111,338.888889,324.444444],[387.777778,303.333333,411.111111,331.111111],[473.333333,611.111111,511.111111,640.0]]","[[290.0,561.111111,320.0,594.444444],[431.111111,335.555556,453.333333,386.666667],[608.888889,607.777778,632.222222,633.333333]]"
r_bc1d8d382219151844dbeed6,images/i_c709e69a437c82f2337bbeb9.jpg,g_d5a6f73a81daf08e1b467d5f,"[[18.888889,381.111111,55.555556,417.777778],[38.888889,610.0,72.222222,640.0],[51.111111,383.333333,95.555556,420.0],[227.777778,373.333333,254.444444,400.0],[261.111111,102.222222,316.666667,141.111111],[285.555556,274.444444,365.555556,384.444444],[288.888889,272.222222,348.888889,322.222222],[378.888889,103.333333,418.888889,133.333333],[388.888889,250.0,416.666667,277.777778],[493.333333,74.444444,523.333333,111.111111],[523.333333,94.444444,543.333333,130.0],[546.666667,118.888889,565.555556,144.444444]]","[[80.0,474.444444,108.888889,503.333333],[235.555556,463.333333,262.222222,487.777778],[241.111111,316.666667,264.444444,338.888889],[280.0,246.666667,307.777778,275.555556],[313.333333,246.666667,334.444444,274.444444],[388.888889,44.444444,418.888889,83.333333],[517.777778,50.0,535.555556,100.0],[571.111111,0.0,621.111111,35.555556]]"
r_86c287ece5f2ba7a133855cb,images/i_476b8e5c999c0ac08fba7aaa.jpg,g_a95532e563b6ed8d303068c5,"[[241.111111,0.0,296.666667,52.222222],[307.777778,83.333333,353.333333,131.111111],[313.333333,287.777778,368.888889,343.333333],[380.0,378.888889,431.111111,430.0],[460.0,391.111111,493.333333,424.444444]]","[[250.0,307.777778,415.555556,373.333333]]"
r_191c26d6f492a7f398f4eb62,images/i_e7febdacb846c7e6d41dde0b.jpg,g_34069ada4455e034b50c9255,"[[181.111111,261.111111,213.333333,288.888889],[194.444444,58.888889,218.888889,86.666667],[282.222222,442.222222,313.333333,474.444444],[333.333333,456.666667,364.444444,488.888889],[363.333333,457.777778,387.777778,485.555556],[417.777778,584.444444,448.888889,616.666667]]","[[112.222222,141.111111,143.333333,174.444444],[138.888889,172.222222,164.444444,197.777778],[164.444444,8.888889,201.111111,44.444444]]"
r_2aa3bb43aa3e9d5ec3af4ddc,images/i_2b9b4eda491149984b34d4e1.jpg,g_a4210be79774593b4d46de0a,[],"[[330.0,313.333333,357.777778,341.111111]]"
r_b2fb6f0e95251382445515ac,images/i_85c9e2f43bb8cb161d6e6447.jpg,g_e77f5f9045d121fae21791ed,"[[238.888889,218.888889,361.111111,368.888889]]","[[103.333333,0.0,207.777778,60.0]]"
r_4a3c5cdf0e718717474a8cba,images/i_1f5d3282f8ddf3117216c6ba.jpg,g_21213c053edd9db0f9349127,[],"[[327.777778,263.333333,375.555556,314.444444]]"
r_663bf1a761b0885843497862,images/i_f893218a6ed8da373d792403.jpg,g_5c1373668118a2ecdb25dcce,"[[271.111111,276.666667,302.222222,304.444444],[335.555556,0.0,438.888889,37.777778],[397.777778,128.888889,436.666667,167.777778],[542.222222,0.0,614.444444,62.222222],[558.888889,121.111111,640.0,271.111111]]","[[182.222222,113.333333,221.111111,142.222222],[555.555556,167.777778,581.111111,193.333333]]"
r_6b126c05940a6fff7d84f136,images/i_33de155ec263bdecf97e459f.jpg,g_495fc3e5170e839c82003c16,"[[0.0,310.0,50.0,364.444444],[137.777778,520.0,175.555556,554.444444],[156.666667,551.111111,186.666667,581.111111],[234.444444,304.444444,340.0,382.222222],[264.444444,404.444444,303.333333,451.111111],[281.111111,382.222222,334.444444,436.666667],[286.666667,362.222222,308.888889,382.222222],[300.0,497.777778,333.333333,548.888889],[390.0,487.777778,431.111111,548.888889],[431.111111,517.777778,461.111111,545.555556],[480.0,437.777778,505.555556,458.888889],[597.777778,337.777778,630.0,367.777778],[614.444444,0.0,636.666667,20.0]]","[[125.555556,484.444444,158.888889,543.333333],[134.444444,277.777778,156.666667,300.0],[190.0,543.333333,220.0,575.555556],[256.666667,382.222222,290.0,412.222222],[302.222222,571.111111,335.555556,606.666667],[405.555556,426.666667,447.777778,470.0],[445.555556,217.777778,477.777778,243.333333],[623.333333,161.111111,640.0,184.444444]]"
r_0ff401b54c8f1cc7a8bcd05f,images/i_94429d6969f4e0a49dd9e33a.jpg,g_9fcf44edcc794f9a725aa4ef,[],"[[266.666667,291.111111,316.666667,341.111111]]"
r_b013c764156462be3c1a513f,images/i_4adffffa018e87627f0408b9.jpg,g_548716fabb146405ff0421e8,"[[20.0,506.666667,45.555556,533.333333],[21.111111,485.555556,44.444444,511.111111]]","[[364.444444,360.0,396.666667,386.666667]]"
r_aa3b1f9a0afd228981e29359,images/i_5d4ca0f0a5e9db72f08958f6.jpg,g_247f2ddf124f6fb784007edd,[],"[[243.333333,221.111111,382.222222,382.222222]]"
r_868331ed7ab54b6c80ef9744,images/i_107b636578af2ed7cb311947.jpg,g_3e7f5d4c1b871125c1e99076,[],"[[294.444444,265.555556,396.666667,364.444444]]"
r_fa8d8d23e95495707e10ffdc,images/i_f41ab07651cb18ce18828bbe.jpg,g_153f2ceabbf7fb25df867ef6,"[[275.555556,203.333333,302.222222,228.888889]]","[[274.444444,333.333333,306.666667,365.555556],[294.444444,385.555556,318.888889,415.555556]]"
r_0e0739009df37d56c36ebacf,images/i_ecce323f6fc8a989a0865430.jpg,g_ba6e7e0f94fa8f8b65390c77,[],"[[173.333333,395.555556,272.222222,477.777778],[242.222222,295.555556,336.666667,405.555556],[378.888889,242.222222,450.0,321.111111]]"
r_fbfea3286d4aef6b4ae4a4eb,images/i_f034eabcd9617813db326a49.jpg,g_03ca51fb8a604d36b6e5b1ce,[],"[[292.222222,313.333333,338.888889,342.222222]]"
r_7eaa6356749250f26bd32365,images/i_20edc19d21f420a6068c7826.jpg,g_79462de03b585b4bede00486,"[[105.555556,372.222222,123.333333,396.666667],[128.888889,364.444444,153.333333,388.888889],[311.111111,467.777778,337.777778,498.888889],[432.222222,487.777778,466.666667,512.222222],[438.888889,434.444444,467.777778,463.333333]]","[[282.222222,307.777778,315.555556,345.555556],[365.555556,407.777778,388.888889,430.0],[417.777778,481.111111,438.888889,502.222222],[558.888889,457.777778,576.666667,482.222222],[583.333333,461.111111,617.777778,481.111111]]"
r_57a8c0aecfd58a42c13993b0,images/i_99c51f528a142940596b424b.jpg,g_ce13e71e2fcafc528a00bae7,[],"[[296.666667,283.333333,324.444444,313.333333]]"
r_88a18cc601373a8ca8f054ca,images/i_a657e79dc7b42e1c91e56751.jpg,g_4f53fe9e9c32c6a28be5ba47,"[[293.333333,133.333333,316.666667,158.888889],[332.222222,272.222222,357.777778,452.222222],[418.888889,426.666667,442.222222,448.888889],[435.555556,335.555556,457.777778,357.777778]]","[[277.777778,543.333333,305.555556,604.444444],[310.0,272.222222,342.222222,412.222222]]"
r_880743b7d485628afe49f409,images/i_071ac526a5afafc216cb1d85.jpg,g_e5e87be9396b1dd576f71acc,"[[290.0,288.888889,325.555556,324.444444],[305.555556,308.888889,335.555556,342.222222],[344.444444,316.666667,372.222222,346.666667],[425.555556,61.111111,453.333333,90.0],[486.666667,156.666667,514.444444,185.555556],[522.222222,220.0,550.0,248.888889]]","[[505.555556,206.666667,533.333333,235.555556]]"
r_e91665baa096c08c4789e8b0,images/i_eedadefe5205afdb4c5152a5.jpg,g_c0cd027017659575823e68ff,"[[187.777778,31.111111,210.0,55.555556],[288.888889,302.222222,327.777778,348.888889],[442.222222,548.888889,477.777778,587.777778],[488.888889,172.222222,520.0,202.222222],[620.0,595.555556,640.0,626.666667]]","[[286.666667,91.111111,320.0,135.555556],[303.333333,132.222222,361.111111,195.555556],[320.0,304.444444,347.777778,336.666667],[340.0,280.0,371.111111,311.111111],[353.333333,415.555556,388.888889,448.888889],[497.777778,453.333333,525.555556,482.222222],[600.0,398.888889,636.666667,445.555556]]"
r_df98cfaf15a5b0d61bd4f872,images/i_9b2e8962fa4ee0ae3dc3687a.jpg,g_b58c160327274e85cb25dc72,"[[136.666667,323.333333,250.0,386.666667],[240.0,247.777778,348.888889,384.444444]]","[[0.0,344.444444,125.555556,422.222222]]"
r_1b24a4e9aa49e70e479cfee6,images/i_9234ab6bc09766b2810dceb1.jpg,g_b165e17e554f7e1c26d39a15,[],"[[288.888889,312.222222,344.444444,367.777778]]"
r_b6b53016a31686373ed0d3ee,images/i_bbf5e07892fb7f2afb778709.jpg,g_d53c0806a84d48de3a05f1f6,"[[0.0,547.777778,71.111111,640.0],[214.444444,305.555556,242.222222,333.333333],[302.222222,295.555556,330.0,326.666667]]","[[275.555556,481.111111,321.111111,528.888889],[460.0,503.333333,640.0,640.0]]"
r_2412e609e3428d00fdf170c6,images/i_6657883a835876d47bae6837.jpg,g_b5ef5cc30e187371926b3e73,"[[152.222222,214.444444,185.555556,252.222222],[468.888889,137.777778,487.777778,167.777778],[495.555556,128.888889,525.555556,163.333333]]","[[235.555556,291.111111,342.222222,363.333333]]"
r_fb44679f8ae753935bba8378,images/i_012d26468344286245df5a0e.jpg,g_2a5616900e2d25e1d6bf7bf6,"[[181.111111,211.111111,203.333333,232.222222],[268.888889,266.666667,318.888889,318.888889],[355.555556,244.444444,380.0,267.777778],[361.111111,286.666667,383.333333,314.444444]]","[[211.111111,20.0,263.333333,70.0]]"
r_482062a89e1ee995756e7693,images/i_5fb2f5dbaa3144c78a06c9b1.jpg,g_495fc3e5170e839c82003c16,[],"[[224.444444,298.888889,368.888889,386.666667]]"
r_9d5ea8f371ca1dfc4d4ee100,images/i_b60e086683244f237b5e2156.jpg,g_d5a6f73a81daf08e1b467d5f,"[[245.555556,607.777778,275.555556,640.0],[252.222222,554.444444,295.555556,588.888889],[270.0,566.666667,335.555556,624.444444],[307.777778,544.444444,337.777778,566.666667],[323.333333,521.111111,361.111111,561.111111],[341.111111,557.777778,376.666667,588.888889],[357.777778,391.111111,402.222222,441.111111],[394.444444,472.222222,441.111111,514.444444],[413.333333,407.777778,452.222222,452.222222],[444.444444,322.222222,496.666667,366.666667],[455.555556,413.333333,502.222222,461.111111],[583.333333,213.333333,617.777778,241.111111],[586.666667,475.555556,640.0,545.555556]]","[[132.222222,364.444444,175.555556,415.555556],[207.777778,550.0,236.666667,577.777778],[305.555556,274.444444,361.111111,315.555556],[338.888889,302.222222,372.222222,333.333333],[457.777778,385.555556,493.333333,424.444444]]"
r_46e5d0202e311974a7546b24,images/i_5ff8ddd5d6bba53b3b6b59b5.jpg,g_97708d237a2b75dbb2f531e5,"[[133.333333,452.222222,163.333333,483.333333],[348.888889,274.444444,386.666667,306.666667]]","[[67.777778,592.222222,93.333333,616.666667],[332.222222,296.666667,378.888889,335.555556]]"
r_49c93f23594c0bba0180b394,images/i_5715a900d95be53d1bad9f84.jpg,g_548716fabb146405ff0421e8,[],"[[333.333333,274.444444,372.222222,317.777778]]"
r_53d679f47cf2911e36b2626a,images/i_2a29fc18aec26b0ad8dc92c1.jpg,g_da96a0749494b37993c877e7,"[[41.111111,404.444444,107.777778,477.777778],[273.333333,0.0,315.555556,24.444444],[342.222222,0.0,383.333333,34.444444]]","[[278.888889,282.222222,401.111111,365.555556],[354.444444,230.0,405.555556,282.222222]]"
r_6124eefa311338be08361836,images/i_8327dce13dcd89a95bef8fc0.jpg,g_c33f3696405f6842dcb0cb51,[],"[[303.333333,326.666667,334.444444,363.333333]]"
r_702582a6a41017454048ae70,images/i_210df4680464749865796e60.jpg,g_427875b42dd6fcdf8d70d783,"[[341.111111,172.222222,373.333333,203.333333],[345.555556,44.444444,368.888889,88.888889]]","[[157.777778,402.222222,190.0,437.777778],[197.777778,91.111111,220.0,114.444444],[291.111111,307.777778,323.333333,343.333333]]"
r_1481c7a6cfe72aaba208782a,images/i_65c9e815f96326b325920cf3.jpg,g_9fcf44edcc794f9a725aa4ef,"[[71.111111,166.666667,104.444444,197.777778],[110.0,23.333333,145.555556,72.222222],[121.111111,265.555556,147.777778,293.333333],[137.777778,224.444444,170.0,266.666667],[148.888889,150.0,204.444444,207.777778],[156.666667,285.555556,181.111111,318.888889],[170.0,297.777778,203.333333,332.222222],[190.0,68.888889,231.111111,120.0],[213.333333,268.888889,353.333333,378.888889],[390.0,420.0,431.111111,471.111111]]","[[57.777778,7.777778,128.888889,75.555556],[87.777778,107.777778,124.444444,148.888889]]"
r_2239170b93e587cc7603cf8e,images/i_a274fd17727bb2b048f5f41f.jpg,g_495fc3e5170e839c82003c16,"[[240.0,268.888889,405.555556,407.777778],[482.222222,196.666667,508.888889,223.333333]]","[[577.777778,11.111111,606.666667,37.777778]]"
r_575b5c9c6ca1e82333645e63,images/i_2b6b3650c14cf66d40430262.jpg,g_9cc89879d2ff94bf347d1e7f,"[[533.333333,60.0,561.111111,90.0]]","[[308.888889,271.111111,366.666667,343.333333]]"
r_6a29a85875aa29dbb5254ec8,images/i_a1f511ed0ee4f698da30822e.jpg,g_de9ae0b90e9c2c7eb074cea2,[],"[[320.0,265.555556,371.111111,316.666667]]"
r_9e15a98101d6de88e4c2812c,images/i_0b1e47ac5bb1056c5cb89f70.jpg,g_f1cbae0626c27c37bea3d945,"[[197.777778,538.888889,238.888889,582.222222]]","[[265.555556,260.0,406.666667,328.888889]]"
r_4383f82d2d60f225cdc10c29,images/i_f0bce98d86985be283e1da18.jpg,g_495fc3e5170e839c82003c16,"[[131.111111,380.0,166.666667,412.222222],[557.777778,242.222222,640.0,442.222222]]","[[308.888889,270.0,340.0,301.111111]]"
r_287c3acaf5dc9fa2b076704f,images/i_135c4a5b2e0a6f0844e60650.jpg,g_a70e5ed0dc6a7d30a3db8c75,"[[0.0,537.777778,85.555556,608.888889]]","[[257.777778,308.888889,413.333333,422.222222]]"
r_96d329d045b763524b666762,images/i_bff10bb36c1f275accf2882c.jpg,g_d6cb9e1e058f0bc69cb8f2f2,[],"[[316.666667,297.777778,377.777778,358.888889]]"
r_91de5fe2bd54b03bc4efed2e,images/i_0d944a38f81fd48c4b90a87a.jpg,g_6a1e0ae9c64195095fc69ee4,"[[0.0,302.222222,28.888889,640.0],[8.888889,303.333333,75.555556,361.111111],[14.444444,83.333333,158.888889,230.0],[53.333333,107.777778,95.555556,146.666667],[115.555556,432.222222,154.444444,455.555556],[154.444444,316.666667,192.222222,343.333333],[178.888889,0.0,258.888889,63.333333],[225.555556,257.777778,290.0,335.555556],[245.555556,241.111111,428.888889,407.777778],[267.777778,460.0,321.111111,524.444444],[320.0,411.111111,375.555556,474.444444],[321.111111,355.555556,375.555556,423.333333]]","[[15.555556,175.555556,114.444444,230.0],[51.111111,472.222222,230.0,640.0],[283.333333,521.111111,345.555556,591.111111],[297.777778,50.0,352.222222,124.444444]]"
r_1ec3c684bb0450cdeb709e64,images/i_bde979792e542730cb3d7567.jpg,g_2bd6cd7b34f650038dc26ba2,"[[392.222222,72.222222,415.555556,94.444444]]","[[317.777778,294.444444,340.0,322.222222]]"
r_ea060aa946186fe361f8d801,images/i_17a225f7e6fff4cc62838e6e.jpg,g_6adc33dc1549779e76d13509,"[[305.555556,241.111111,364.444444,374.444444],[326.666667,166.666667,345.555556,188.888889],[350.0,272.222222,370.0,291.111111],[358.888889,407.777778,388.888889,434.444444],[364.444444,222.222222,392.222222,250.0],[370.0,334.444444,391.111111,366.666667],[376.666667,235.555556,418.888889,300.0],[382.222222,361.111111,413.333333,395.555556],[392.222222,528.888889,444.444444,580.0],[397.777778,443.333333,420.0,465.555556],[431.111111,552.222222,453.333333,573.333333],[507.777778,625.555556,527.777778,640.0]]","[[0.0,565.555556,25.555556,605.555556],[192.222222,532.222222,208.888889,554.444444],[270.0,540.0,297.777778,565.555556],[325.555556,143.333333,344.444444,161.111111],[343.333333,305.555556,363.333333,327.777778],[355.555556,153.333333,377.777778,175.555556],[392.222222,471.111111,418.888889,485.555556]]"
r_40d51ea9a336837472f99d97,images/i_1aaa0968ca05b782e8da0e07.jpg,g_a525ec32c239c64fd691dc72,"[[267.777778,311.111111,308.888889,350.0]]","[[467.777778,205.555556,496.666667,236.666667]]"
r_a9bf1aa735663e01ef97fac6,images/i_2eab767b9a41f54db80b5bfe.jpg,g_d6cb9e1e058f0bc69cb8f2f2,"[[15.555556,186.666667,102.222222,255.555556],[150.0,407.777778,187.777778,447.777778],[164.444444,452.222222,197.777778,485.555556],[167.777778,321.111111,204.444444,363.333333],[181.111111,116.666667,230.0,170.0],[227.777778,0.0,333.333333,415.555556],[230.0,535.555556,258.888889,576.666667],[325.555556,605.555556,362.222222,640.0]]","[[106.666667,574.444444,164.444444,640.0],[193.333333,482.222222,262.222222,537.777778],[275.555556,612.222222,303.333333,640.0],[325.555556,483.333333,458.888889,596.666667]]"
r_5f94d5f708024e3a4208a9cf,images/i_828e722b02d2ddd4ca150257.jpg,g_22e98dfea81ddd5d806b4742,"[[284.444444,287.777778,330.0,321.111111],[301.111111,410.0,324.444444,437.777778],[317.777778,411.111111,345.555556,443.333333],[504.444444,285.555556,545.555556,330.0]]","[[311.111111,318.888889,354.444444,360.0]]"
r_b2bc526637c79a533f084c53,images/i_d0bc85f59ee402b2a0744ae2.jpg,g_d7dba1e5f8b482fd4b0fc367,[],"[[301.111111,324.444444,336.666667,366.666667]]"
r_5b6b477f1c1d5d5e2f3cf509,images/i_de41365b99c0920ee427cd79.jpg,g_1e76a1d946408a810a055fab,"[[260.0,261.111111,364.444444,363.333333]]","[[141.111111,198.888889,190.0,291.111111]]"
r_388b0617670f245eb253b4c1,images/i_77f79ac50f944bbc612c5a08.jpg,g_c96e38f77d47b4d3b2bb7261,"[[18.888889,513.333333,57.777778,538.888889],[96.666667,508.888889,120.0,533.333333],[133.333333,336.666667,172.222222,372.222222],[173.333333,186.666667,214.444444,213.333333],[244.444444,275.555556,275.555556,306.666667],[246.666667,204.444444,283.333333,236.666667],[247.777778,70.0,288.888889,128.888889],[250.0,390.0,294.444444,414.444444],[252.222222,301.111111,283.333333,342.222222],[261.111111,121.111111,327.777778,158.888889],[292.222222,292.222222,345.555556,362.222222],[305.555556,131.111111,333.333333,160.0],[305.555556,212.222222,324.444444,237.777778],[363.333333,0.0,410.0,34.444444],[410.0,92.222222,437.777778,120.0],[422.222222,20.0,480.0,87.777778]]","[[0.0,504.444444,15.555556,532.222222],[11.111111,335.555556,46.666667,364.444444],[13.333333,486.666667,44.444444,505.555556],[183.333333,355.555556,211.111111,381.111111],[288.888889,153.333333,314.444444,193.333333],[571.111111,267.777778,624.444444,300.0]]"
r_342aa3e93bbfc0810f2aa089,images/i_37626d04a5ec3f09620af41f.jpg,g_90adb39f2860875dfb51dceb,"[[317.777778,392.222222,346.666667,431.111111]]","[[240.0,245.555556,334.444444,345.555556]]"
r_1c3963a1b94e9b552b8a88db,images/i_183afd90889a94014d551345.jpg,g_146dc2b2eee78be8868b9575,"[[10.0,133.333333,37.777778,180.0],[296.666667,316.666667,326.666667,344.444444],[302.222222,185.555556,374.444444,292.222222],[354.444444,275.555556,544.444444,337.777778],[367.777778,255.555556,547.777778,293.333333]]","[[310.0,274.444444,402.222222,365.555556]]"
r_5745a48dcdf0fb747487e273,images/i_d247801f76314457839f2895.jpg,g_6b8ed9f3bb7e7bf423f3a092,[],"[[314.444444,271.111111,368.888889,325.555556]]"
r_bcd375a3359ad4257e52ed82,images/i_17aa0fe1f0f7d7d39ab54883.jpg,g_e3b5dc3be3411fa14647237b,"[[126.666667,40.0,150.0,126.666667],[408.888889,0.0,490.0,62.222222]]","[[298.888889,132.222222,354.444444,186.666667],[448.888889,141.111111,500.0,185.555556]]"
r_1c348dc848800c58194966eb,images/i_d51e2f5739e01678212fdf8d.jpg,g_c0cd027017659575823e68ff,"[[190.0,368.888889,214.444444,398.888889],[193.333333,313.333333,236.666667,346.666667],[361.111111,532.222222,395.555556,576.666667],[373.333333,576.666667,434.444444,634.444444]]","[[262.222222,472.222222,284.444444,496.666667],[287.777778,71.111111,324.444444,107.777778],[306.666667,277.777778,351.111111,333.333333],[401.111111,303.333333,427.777778,338.888889],[558.888889,608.888889,595.555556,640.0]]"
r_e8f5900939c117224620929c,images/i_b372b98bd7571c378ca85584.jpg,g_f178827d543d30358beabfa1,[],"[[340.0,291.111111,361.111111,318.888889],[426.666667,181.111111,454.444444,202.222222]]"
r_008b1c6541cbf0b44e329bb4,images/i_f3e726197a245894bbf03fc7.jpg,g_6adc33dc1549779e76d13509,"[[0.0,0.0,87.777778,62.222222],[41.111111,131.111111,82.222222,200.0],[476.666667,261.111111,506.666667,297.777778],[514.444444,266.666667,547.777778,297.777778],[516.666667,301.111111,542.222222,324.444444],[538.888889,342.222222,570.0,375.555556]]","[[516.666667,320.0,542.222222,343.333333]]"
r_b191c88a638f6055622a2e78,images/i_fa5e7c14482de3ae37142a58.jpg,g_d6cb9e1e058f0bc69cb8f2f2,"[[166.666667,5.555556,197.777778,38.888889],[183.333333,125.555556,211.111111,152.222222],[201.111111,213.333333,250.0,307.777778],[208.888889,105.555556,247.777778,141.111111],[211.111111,35.555556,236.666667,57.777778],[222.222222,482.222222,278.888889,596.666667],[255.555556,274.444444,344.444444,332.222222],[273.333333,80.0,313.333333,118.888889],[297.777778,338.888889,331.111111,366.666667],[300.0,272.222222,363.333333,313.333333],[303.333333,196.666667,331.111111,227.777778],[308.888889,466.666667,343.333333,498.888889],[316.666667,11.111111,353.333333,50.0],[347.777778,216.666667,382.222222,250.0],[372.222222,220.0,393.333333,244.444444],[421.111111,296.666667,450.0,317.777778],[427.777778,238.888889,452.222222,268.888889],[471.111111,91.111111,498.888889,118.888889],[543.333333,46.666667,571.111111,72.222222],[557.777778,244.444444,583.333333,280.0]]","[[273.333333,183.333333,308.888889,216.666667],[320.0,194.444444,346.666667,230.0],[333.333333,202.222222,361.111111,235.555556],[392.222222,255.555556,420.0,285.555556],[527.777778,72.222222,561.111111,118.888889]]"
r_9a03947b29990212a7f4212b,images/i_43bdc6b0f5867db77ca5f002.jpg,g_f5601e5276d6361cac021410,[],"[[192.222222,247.777778,457.777778,427.777778]]"
r_8047836578107363f467ad57,images/i_6c08bc6881e34208d5ca785c.jpg,g_77d3fac95c6e6ecbda11e0e5,"[[435.555556,342.222222,557.777778,380.0]]","[[296.666667,300.0,371.111111,366.666667]]"
r_aefeb33932f9858868193452,images/i_f3f69f9f91b358a9de478d23.jpg,g_9fcf44edcc794f9a725aa4ef,"[[331.111111,322.222222,368.888889,350.0],[405.555556,455.555556,435.555556,488.888889],[451.111111,333.333333,486.666667,363.333333]]","[[276.666667,400.0,323.333333,444.444444],[325.555556,271.111111,370.0,325.555556],[440.0,264.444444,478.888889,301.111111],[501.111111,340.0,541.111111,374.444444]]"
r_73a184330fc0add57ff6d1b8,images/i_c22bb2a52ef320819a2cc2d7.jpg,g_789e503e7e540ac443554fd8,"[[195.555556,247.777778,212.222222,268.888889],[215.555556,214.444444,252.222222,246.666667],[218.888889,175.555556,246.666667,197.777778],[232.222222,17.777778,322.222222,107.777778],[267.777778,275.555556,301.111111,305.555556],[300.0,208.888889,332.222222,242.222222],[300.0,316.666667,322.222222,337.777778],[327.777778,213.333333,354.444444,236.666667],[335.555556,227.777778,561.111111,271.111111],[355.555556,186.666667,451.111111,240.0],[361.111111,165.555556,394.444444,191.111111],[398.888889,182.222222,456.666667,213.333333]]","[[223.333333,237.777778,245.555556,262.222222],[240.0,196.666667,271.111111,215.555556],[251.111111,210.0,278.888889,243.333333],[284.444444,146.666667,358.888889,213.333333],[295.555556,125.555556,321.111111,156.666667],[306.666667,253.333333,345.555556,290.0],[382.222222,164.444444,414.444444,197.777778],[412.222222,254.444444,445.555556,285.555556],[466.666667,195.555556,607.777778,247.777778],[534.444444,260.0,567.777778,281.111111],[617.777778,231.111111,640.0,263.333333]]"
r_1c6944b2708fb9652cb5db77,images/i_7833de4a40972ce310137bf0.jpg,g_e4cae9c0c8c7ab5262456c38,"[[275.555556,280.0,353.333333,335.555556],[278.888889,404.444444,303.333333,426.666667],[478.888889,50.0,535.555556,108.888889]]","[[275.555556,385.555556,301.111111,413.333333]]"
r_71a378dce30727b8c668af6a,images/i_e6a59368bbb74719d0c529eb.jpg,g_2896978ecdd38e745d60f2a0,[],"[[294.444444,283.333333,332.222222,327.777778]]"
r_cefabf1586343e2b9e76d339,images/i_f87718ba56bd15a12eabea9b.jpg,g_bceed3972ce0c2ac2df85125,"[[0.0,293.333333,67.777778,373.333333]]","[[264.444444,286.666667,372.222222,355.555556],[325.555556,427.777778,408.888889,490.0],[522.222222,357.777778,581.111111,418.888889]]"
r_a2bb0ddf5300e59cae238147,images/i_a72b98224e6334cb62059b7e.jpg,g_5c1373668118a2ecdb25dcce,"[[301.111111,288.888889,381.111111,327.777778]]","[[388.888889,307.777778,414.444444,340.0]]"
r_d0e1d0cfb1b6e3e0d05639f8,images/i_b3ab988c435eb2e3afd12652.jpg,g_6892b3ae9455bf13acc3f6f8,[],"[[200.0,282.222222,461.111111,351.111111]]"
r_8d8212abf7a0f17d7ce7ee48,images/i_e2ba8485d9551645329dd97f.jpg,g_1d4eb1eeed3e39bf83f96b11,[],"[[297.777778,271.111111,325.555556,298.888889]]"
r_a01ad6b6caaf1108ff8dcac9,images/i_2fd6358cd3fcd2cabdf77578.jpg,g_d19fa880907fbd71defcb1a7,"[[223.333333,273.333333,347.777778,404.444444]]","[[532.222222,51.111111,573.333333,95.555556]]"
r_eb2b7afce8fa93c734db95ee,images/i_7ddd9f9497a16df2e91a2cc5.jpg,g_f1c9bd53aaaf4c0e6ad83d17,[],"[[284.444444,266.666667,338.888889,320.0]]"
r_ebc5bcb625e52f6bb5800ed7,images/i_b5e0dc4698f6808b8727e6f8.jpg,g_501657d1e7edcba3dc5a59c8,[],"[[220.0,272.222222,362.222222,386.666667]]"
r_8d9ca2aa55beefa5cc56ea4a,images/i_5f135d7b93492e325c999075.jpg,g_44d271278278e63b28fbdde4,"[[370.0,403.333333,416.666667,442.222222],[436.666667,331.111111,464.444444,364.444444],[484.444444,344.444444,508.888889,367.777778],[505.555556,358.888889,535.555556,386.666667]]","[[328.888889,314.444444,378.888889,364.444444],[328.888889,492.222222,356.666667,523.333333],[591.111111,384.444444,608.888889,412.222222]]"
r_f223417c949c8e94e461c776,images/i_4c6fb0a187e2eb45a8205f90.jpg,g_f207df26938113594df5f765,"[[1.111111,326.666667,62.222222,363.333333],[246.666667,263.333333,341.111111,371.111111]]","[[420.0,307.777778,471.111111,344.444444]]"
r_b35c4bc5854cb3ebfa3b46f1,images/i_3c2f8a660cf9ca09d221a6ae.jpg,g_60311e780a136147b3e08279,"[[287.777778,62.222222,332.222222,112.222222],[302.222222,275.555556,368.888889,366.666667],[321.111111,463.333333,341.111111,486.666667],[415.555556,45.555556,480.0,123.333333]]","[[266.666667,273.333333,293.333333,298.888889],[321.111111,478.888889,343.333333,502.222222],[351.111111,391.111111,376.666667,418.888889]]"
r_7df3dd5d86c9f82f0bd1ed6e,images/i_a692e573039a00d47dc865b6.jpg,g_548716fabb146405ff0421e8,"[[222.222222,155.555556,258.888889,194.444444],[434.444444,97.777778,473.333333,138.888889],[563.333333,484.444444,600.0,515.555556],[568.888889,44.444444,603.333333,85.555556]]","[[323.333333,291.111111,383.333333,346.666667]]"
r_530d249c9fff64471b78bc84,images/i_8b69dfb135f3526e8639fe73.jpg,g_c96e38f77d47b4d3b2bb7261,"[[104.444444,223.333333,130.0,251.111111],[122.222222,230.0,145.555556,255.555556],[131.111111,508.888889,168.888889,542.222222],[256.666667,590.0,280.0,617.777778],[265.555556,303.333333,330.0,357.777778],[288.888889,622.222222,311.111111,640.0],[401.111111,442.222222,436.666667,475.555556]]","[[182.222222,603.333333,201.111111,634.444444]]"
r_5a1b5227230745032e6fa720,images/i_1d01932522bfd88a0aa61c4d.jpg,g_2d8fcf969894eed25df4be6c,"[[81.111111,314.444444,105.555556,342.222222],[94.444444,232.222222,118.888889,258.888889]]","[[0.0,0.0,37.777778,35.555556],[138.888889,271.111111,166.666667,297.777778],[222.222222,53.333333,262.222222,85.555556],[277.777778,315.555556,338.888889,368.888889]]"
r_d42a80d20b994b2b6f41a160,images/i_0a33d5f5ece4b3862b8ef339.jpg,g_fdc1ca5a028f94243ab926fa,[],"[[331.111111,313.333333,364.444444,348.888889]]"
r_c849f6fd903e17551fbb9441,images/i_853938238870353f719e908c.jpg,g_427875b42dd6fcdf8d70d783,"[[218.888889,414.444444,255.555556,451.111111],[245.555556,493.333333,281.111111,530.0],[326.666667,346.666667,351.111111,370.0],[614.444444,193.333333,640.0,232.222222],[622.222222,311.111111,640.0,355.555556]]","[[306.666667,272.222222,356.666667,322.222222]]"
r_a94d7570f19055c0a30fc38e,images/i_6bab11dbc938104ba0b44f0f.jpg,g_7ebac8e2d974c41f6fd7377e,[],"[[313.333333,260.0,368.888889,315.555556]]"
r_4e6d9226a6eacbad6114a6e9,images/i_3327c26c8ef594dd00cfb6ae.jpg,g_656d6b4c41cec6110e68ce1b,[],"[[284.444444,287.777778,326.666667,334.444444]]"
r_ade3a48d0e39b19622266774,images/i_89f1d3d3505edd70cbcb9b6c.jpg,g_44d271278278e63b28fbdde4,"[[10.0,300.0,46.666667,338.888889],[87.777778,144.444444,128.888889,187.777778],[217.777778,544.444444,296.666667,640.0],[293.333333,106.666667,328.888889,144.444444],[298.888889,444.444444,342.222222,486.666667],[352.222222,256.666667,457.777778,334.444444]]","[[20.0,470.0,41.111111,502.222222],[205.555556,36.666667,235.555556,71.111111],[238.888889,336.666667,284.444444,377.777778],[241.111111,458.888889,262.222222,488.888889],[267.777778,273.333333,340.0,322.222222]]"
r_d8a3bdd5a177ef5cd6496416,images/i_ebc58d43f4717b2b6eaa68ba.jpg,g_0e975d345c42642a96695fd8,[],"[[308.888889,295.555556,366.666667,350.0]]"
r_c34b179b6ce70b4f4d96ac01,images/i_b3d1d8adf8b3502f181becb3.jpg,g_06759fdff160cb2d240d218c,[],"[[321.111111,333.333333,350.0,355.555556]]"
r_fe55ac50d0bf4064c986bc8e,images/i_14421220387799c7e962890f.jpg,g_9b515d3089eb61142547d3f0,"[[364.444444,317.777778,401.111111,357.777778],[373.333333,410.0,411.111111,448.888889],[386.666667,385.555556,408.888889,421.111111],[492.222222,601.111111,523.333333,632.222222]]","[[257.777778,456.666667,298.888889,507.777778],[331.111111,263.333333,367.777778,307.777778],[381.111111,246.666667,406.666667,271.111111],[542.222222,554.444444,581.111111,591.111111]]"
r_52f1efdd2ca7310b85b33878,images/i_836e4ee22ad3e6981e63b73f.jpg,g_b6f920436b9a428b73297028,"[[203.333333,57.777778,228.888889,87.777778]]","[[281.111111,290.0,324.444444,323.333333]]"
r_e334f7e26a0611eb7a8462e4,images/i_3b6149be9c3c479b14bf3a61.jpg,g_153f2ceabbf7fb25df867ef6,"[[276.666667,296.666667,314.444444,384.444444],[314.444444,300.0,337.777778,324.444444],[405.555556,0.0,514.444444,67.777778]]","[[387.777778,523.333333,410.0,546.666667]]"
r_64ae7838686ae7799281b4fb,images/i_625ede7e375ed621f8a3dd7a.jpg,g_35340ca7eb897fe0da902590,[],"[[268.888889,280.0,341.111111,371.111111]]"
r_0318e94cf3575e355f6e40cd,images/i_d799157715cc6d76bd734a4f.jpg,g_6c88eb88dbf1badd5e32be34,[],"[[215.555556,287.777778,243.333333,323.333333],[284.444444,323.333333,321.111111,362.222222],[360.0,357.777778,390.0,392.222222]]"
r_cf2e289f33637fd2cf16b8f0,images/i_36902a672777a521134175cc.jpg,g_b41fd45db741a62cc11cd640,"[[302.222222,267.777778,352.222222,336.666667]]","[[250.0,553.333333,275.555556,577.777778]]"
r_b768bb755100e42ea19b8811,images/i_e983fda35e754b904c1b4d91.jpg,g_cb675756236eb7bafd2a5454,[],"[[183.333333,132.222222,473.333333,342.222222]]"
r_30c0583c6bf631e4cf769a95,images/i_7428e0301300a7b70bc0ebd2.jpg,g_e6281796d0f4b8fc643190b3,"[[282.222222,166.666667,417.777778,422.222222]]","[[242.222222,117.777778,286.666667,162.222222]]"
r_c759130ff000f168d2daf0b6,images/i_690e4c5db79636976829d2fe.jpg,g_cb72947b5686f3baba1f7986,"[[50.0,580.0,77.777778,608.888889],[314.444444,306.666667,357.777778,356.666667],[324.444444,343.333333,348.888889,370.0],[407.777778,291.111111,426.666667,316.666667],[614.444444,150.0,640.0,178.888889]]","[[357.777778,467.777778,390.0,510.0]]"
r_a697b614f05436694babf5af,images/i_af38db507b9d0d6116351b7e.jpg,g_d2210204b4e38f3acde03622,[],"[[313.333333,320.0,352.222222,368.888889]]"
r_85461ca5affbda1875acd9ed,images/i_03e8bcca93a8d2a1ef1522a8.jpg,g_08b7ff2d9329b2305e52387c,"[[174.444444,611.111111,221.111111,640.0],[202.222222,611.111111,233.333333,640.0],[243.333333,557.777778,274.444444,580.0],[425.555556,491.111111,468.888889,518.888889],[434.444444,474.444444,468.888889,504.444444],[436.666667,408.888889,470.0,431.111111],[517.777778,418.888889,547.777778,447.777778],[575.555556,393.333333,601.111111,420.0]]","[[221.111111,538.888889,252.222222,571.111111],[230.0,602.222222,265.555556,636.666667],[252.222222,616.666667,283.333333,637.777778],[271.111111,173.333333,441.111111,415.555556],[287.777778,521.111111,326.666667,560.0],[446.666667,425.555556,476.666667,454.444444],[480.0,530.0,534.444444,584.444444],[481.111111,414.444444,518.888889,453.333333],[523.333333,512.222222,566.666667,575.555556],[581.111111,441.111111,620.0,480.0]]"
r_926be862d738aed45b859efc,images/i_3c84ff08b1e3bc3ed8a8d26b.jpg,g_8f8c7b10c7f320afe6437d70,"[[225.555556,305.555556,256.666667,332.222222],[281.111111,191.111111,338.888889,393.333333],[318.888889,613.333333,344.444444,640.0],[322.222222,411.111111,357.777778,455.555556],[390.0,311.111111,423.333333,344.444444],[450.0,224.444444,488.888889,266.666667],[473.333333,367.777778,497.777778,451.111111]]","[[366.666667,288.888889,396.666667,318.888889],[378.888889,174.444444,406.666667,207.777778],[451.111111,252.222222,491.111111,294.444444]]"
r_b9fe7e91c3d9d9f6387f1266,images/i_082b3a2011ea1985359f5158.jpg,g_495fc3e5170e839c82003c16,"[[263.333333,276.666667,394.444444,398.888889],[287.777778,203.333333,322.222222,235.555556],[304.444444,321.111111,333.333333,348.888889],[577.777778,321.111111,640.0,408.888889],[597.777778,57.777778,640.0,113.333333]]","[[0.0,206.666667,23.333333,235.555556]]"
r_82c7a36cedbb7fbf3718c5f0,images/i_96f2dd911aecf104e6be0eb1.jpg,g_c024da279fbcd373eae3ebfb,"[[264.444444,310.0,370.0,382.222222],[303.333333,204.444444,347.777778,246.666667],[334.444444,104.444444,461.111111,191.111111],[356.666667,98.888889,408.888889,132.222222],[366.666667,13.333333,397.777778,51.111111],[461.111111,78.888889,533.333333,151.111111]]","[[436.666667,0.0,483.333333,23.333333]]"
r_11abb8643fe688f7c5744a11,images/i_3e75ea1aa540d8590e335a38.jpg,g_495fc3e5170e839c82003c16,[],"[[277.777778,283.333333,338.888889,341.111111],[455.555556,321.111111,484.444444,346.666667]]"
r_890b95485ee7833762db7f41,images/i_92cfdb2443e964f041221d0b.jpg,g_cd2ef0422a57f279f0c6ffac,"[[256.666667,312.222222,314.444444,381.111111],[531.111111,0.0,621.111111,55.555556],[583.333333,23.333333,640.0,98.888889]]","[[477.777778,322.222222,508.888889,350.0],[544.444444,113.333333,617.777778,204.444444]]"
r_5158821abed162678a7bcd9d,images/i_b6adab7990b6be4b814c039e.jpg,g_9fcf44edcc794f9a725aa4ef,"[[271.111111,95.555556,303.333333,133.333333],[304.444444,306.666667,365.555556,367.777778],[310.0,150.0,353.333333,200.0],[390.0,130.0,428.888889,157.777778],[423.333333,243.333333,467.777778,283.333333],[601.111111,115.555556,631.111111,165.555556]]","[[177.777778,226.666667,255.555556,295.555556]]"
r_158dd9dd9ce2a45f45c69f1c,images/i_beb9eb694dc863133881c73e.jpg,g_b7d6f8fe3799dcff5023063f,"[[232.222222,260.0,258.888889,287.777778],[241.111111,318.888889,271.111111,351.111111],[296.666667,277.777778,338.888889,320.0],[317.777778,442.222222,347.777778,474.444444],[372.222222,176.666667,412.222222,207.777778],[403.333333,230.0,440.0,268.888889],[442.222222,237.777778,472.222222,261.111111]]","[[140.0,517.777778,165.555556,543.333333],[251.111111,615.555556,290.0,640.0],[274.444444,492.222222,302.222222,523.333333]]"
r_65d782a4128f41e70a0d2fb5,images/i_c60e4d3cd8efdbaf8585d610.jpg,g_6d16e4a74dabde235282037d,[],"[[316.666667,273.333333,363.333333,323.333333]]"
r_61a746860a6d9597e25de2c5,images/i_a6af70391d6e3dc8ea015b40.jpg,g_9b515d3089eb61142547d3f0,"[[27.777778,597.777778,51.111111,623.333333],[53.333333,606.666667,83.333333,636.666667],[134.444444,564.444444,164.444444,600.0],[245.555556,508.888889,284.444444,538.888889],[303.333333,285.555556,331.111111,328.888889],[581.111111,321.111111,611.111111,355.555556]]","[[8.888889,590.0,38.888889,628.888889],[106.666667,578.888889,136.666667,614.444444]]"
r_16a8bf4b27b3c97495e5bade,images/i_e5f1c50096c177d43305640b.jpg,g_2a5616900e2d25e1d6bf7bf6,[],"[[275.555556,283.333333,386.666667,348.888889],[314.444444,116.666667,425.555556,182.222222]]"
r_2959a1507e8743e1ec363441,images/i_2cc0954838501e94758c2274.jpg,g_e2c75baf451c8f80b4bab2f1,"[[8.888889,262.222222,34.444444,295.555556],[47.777778,326.666667,78.888889,353.333333],[75.555556,206.666667,106.666667,240.0],[104.444444,525.555556,127.777778,547.777778],[125.555556,516.666667,145.555556,550.0],[152.222222,442.222222,178.888889,466.666667],[171.111111,413.333333,197.777778,436.666667],[205.555556,364.444444,227.777778,384.444444],[208.888889,420.0,227.777778,440.0],[218.888889,356.666667,238.888889,372.222222],[238.888889,331.111111,257.777778,345.555556],[261.111111,335.555556,277.777778,350.0],[288.888889,467.777778,307.777778,490.0],[297.777778,358.888889,322.222222,401.111111]]","[[2.222222,360.0,33.333333,393.333333],[54.444444,354.444444,100.0,404.444444],[286.666667,328.888889,317.777778,362.222222]]"
r_44e2930a0f517b1295818d81,images/i_ea9c0b54d40baa75edf02180.jpg,g_de9c8bc8431c17b37cfcb146,[],"[[321.111111,274.444444,360.0,314.444444]]"
r_aa709cb9c077fba6dc66a1e7,images/i_e2439d538cae3e11301a39fc.jpg,g_90adb39f2860875dfb51dceb,"[[85.555556,367.777778,302.222222,421.111111],[218.888889,264.444444,612.222222,460.0],[238.888889,120.0,320.0,194.444444],[554.444444,328.888889,640.0,522.222222]]","[[0.0,270.0,98.888889,345.555556],[254.444444,324.444444,384.444444,473.333333],[302.222222,182.222222,360.0,247.777778],[383.333333,232.222222,640.0,321.111111],[425.555556,142.222222,476.666667,194.444444]]"
r_2246a2555f81bfccd8d75937,images/i_1a02f933850d8f246af78d89.jpg,g_de647c5cff066faa1b3857af,"[[294.444444,287.777778,322.222222,316.666667]]","[[301.111111,315.555556,318.888889,343.333333]]"
r_693afae0e042c40c922516de,images/i_96b301e9e431638440b4f281.jpg,g_153f2ceabbf7fb25df867ef6,"[[101.111111,178.888889,181.111111,291.111111],[268.888889,460.0,327.777778,517.777778]]","[[241.111111,296.666667,335.555556,388.888889]]"
r_cbfffbdb846c120c408f9be2,images/i_8939513efdb2b625ee0ca26b.jpg,g_84a71f2423c82598757c60db,[],"[[287.777778,298.888889,343.333333,354.444444]]"
r_2cb9ca8387673932306bf8ad,images/i_40279d453ea30b4a5ef4ab20.jpg,g_c96e38f77d47b4d3b2bb7261,"[[37.777778,531.111111,61.111111,564.444444],[88.888889,3.333333,111.111111,54.444444],[133.333333,280.0,170.0,318.888889],[240.0,488.888889,267.777778,520.0],[274.444444,323.333333,306.666667,356.666667]]","[[6.666667,515.555556,36.666667,555.555556],[171.111111,605.555556,198.888889,634.444444],[268.888889,275.555556,291.111111,301.111111],[332.222222,233.333333,368.888889,278.888889],[371.111111,346.666667,398.888889,376.666667]]"
r_70ba2643ff81cc561bccff6a,images/i_07eb83148b3e94bab840b791.jpg,g_103700532972d0ada67c2b6a,[],"[[271.111111,271.111111,303.333333,304.444444]]"
r_bf6bf269818fcafe061978ee,images/i_d21c863db1be46c388bcae57.jpg,g_a2a3c8b7a2c03f58d0aefcfe,[],"[[270.0,306.666667,297.777778,336.666667],[580.0,373.333333,607.777778,403.333333]]"
r_98b4f02c36486af1d6c087bb,images/i_7da00e9c40d849eff2501582.jpg,g_4f53fe9e9c32c6a28be5ba47,"[[293.333333,378.888889,313.333333,398.888889],[330.0,380.0,363.333333,407.777778]]","[[324.444444,265.555556,363.333333,306.666667]]"
r_8d6e355644b29cf8127b7452,images/i_3fd845c35e4dc1e876699732.jpg,g_4e10546f281c565f8b3f30b3,"[[153.333333,577.777778,197.777778,604.444444],[266.666667,591.111111,294.444444,622.222222],[318.888889,330.0,366.666667,380.0],[361.111111,457.777778,385.555556,493.333333],[415.555556,571.111111,450.0,600.0],[494.444444,500.0,528.888889,527.777778],[506.666667,472.222222,537.777778,502.222222]]","[[450.0,516.666667,485.555556,546.666667]]"
r_13669a39973d91f5abb5fbbf,images/i_82c922f5e129689305c2c446.jpg,g_5fcb103ef0784070dae4c230,[],"[[258.888889,286.666667,370.0,397.777778]]"
r_5927e3a23fdcd14f96f0691d,images/i_fa4a2451e999f8556f72d1c2.jpg,g_227a56df28bba698e8831517,[],"[[337.777778,291.111111,368.888889,324.444444]]"
r_a24dab97ec9723112c242c9d,images/i_0c49c054421e6a42e888fb98.jpg,g_97708d237a2b75dbb2f531e5,"[[604.444444,90.0,636.666667,128.888889]]","[[320.0,327.777778,375.555556,383.333333]]"
r_1c1b62d57dcf1c575f567e10,images/i_24eb21f7a79f9f9f886441f8.jpg,g_1d4eb1eeed3e39bf83f96b11,[],"[[276.666667,333.333333,303.333333,357.777778]]"
r_2cb3c5c0a8e30b3755b5f9d6,images/i_b69e6fde439481360c81ecf9.jpg,g_146012b47cdbc82cff624cd4,[],"[[297.777778,263.333333,353.333333,321.111111]]"
r_67e8c8181d94a2a2ca784409,images/i_02ab1a219c93682b4b293cce.jpg,g_986eed83a5135fe045b4789c,"[[8.888889,556.666667,33.333333,584.444444],[12.222222,402.222222,47.777778,434.444444],[142.222222,265.555556,164.444444,296.666667],[275.555556,282.222222,303.333333,306.666667]]","[[34.444444,288.888889,55.555556,318.888889],[88.888889,473.333333,131.111111,504.444444]]"
r_7fa554e97668b2395e38e5e1,images/i_15fcdacfdf928b14debfba50.jpg,g_3978c9b22291bc361f3489e1,"[[293.333333,227.777778,323.333333,257.777778]]","[[230.0,232.222222,427.777778,413.333333]]"
r_33ce20b6a2cc9778f5210f0e,images/i_2e4441f4b0172117005db4e8.jpg,g_44d271278278e63b28fbdde4,"[[0.0,555.555556,25.555556,586.666667],[213.333333,224.444444,242.222222,252.222222],[262.222222,241.111111,350.0,352.222222],[455.555556,465.555556,484.444444,487.777778]]","[[200.0,6.666667,287.777778,75.555556],[364.444444,557.777778,390.0,590.0]]"
r_f55ccbbce8b04622e73a55ac,images/i_825a6f1aa6315cf592a3697c.jpg,g_b6f920436b9a428b73297028,"[[151.111111,297.777778,212.222222,346.666667],[173.333333,322.222222,256.666667,481.111111],[230.0,297.777778,383.333333,357.777778],[448.888889,584.444444,488.888889,613.333333]]","[[443.333333,410.0,472.222222,438.888889],[474.444444,463.333333,521.111111,510.0],[492.222222,335.555556,522.222222,364.444444]]"
r_aa3aacf8b4366f66a343ddda,images/i_e3cc8e1bebfd52942ba6b4de.jpg,g_63562fc889388b7b4769f276,"[[212.222222,70.0,251.111111,106.666667],[321.111111,314.444444,375.555556,353.333333]]","[[253.333333,166.666667,281.111111,196.666667]]"
r_d616f06e77327dcfec4b80f5,images/i_a2984c05b17a219ed34601b1.jpg,g_1cd5018e1fccddac14abd843,"[[16.666667,232.222222,63.333333,273.333333],[202.222222,192.222222,250.0,223.333333],[255.555556,314.444444,337.777778,394.444444],[323.333333,422.222222,401.111111,503.333333]]","[[35.555556,64.444444,94.444444,127.777778],[351.111111,300.0,391.111111,413.333333],[365.555556,576.666667,427.777778,640.0],[432.222222,276.666667,498.888889,341.111111]]"
r_7058c4e820d283422b85a86b,images/i_775eef70ae2c66318d09e93b.jpg,g_153f2ceabbf7fb25df867ef6,"[[352.222222,584.444444,415.555556,640.0],[382.222222,544.444444,415.555556,580.0],[454.444444,482.222222,523.333333,526.666667],[512.222222,524.444444,617.777778,596.666667],[534.444444,223.333333,568.888889,256.666667],[586.666667,485.555556,621.111111,530.0]]","[[242.222222,51.111111,263.333333,70.0],[304.444444,234.444444,398.888889,366.666667],[336.666667,472.222222,365.555556,504.444444]]"
r_2a0d7c9153d2c87a11c83206,images/i_55e18defc561651899056b56.jpg,g_54a03abcd865b2ee759e8706,"[[0.0,516.666667,94.444444,596.666667],[0.0,592.222222,22.222222,627.777778],[43.333333,561.111111,74.444444,592.222222],[80.0,607.777778,107.777778,640.0],[133.333333,592.222222,160.0,620.0],[135.555556,523.333333,165.555556,555.555556],[217.777778,1.111111,293.333333,76.666667],[330.0,313.333333,360.0,348.888889],[431.111111,28.888889,461.111111,58.888889],[464.444444,76.666667,487.777778,104.444444],[475.555556,0.0,500.0,23.333333],[477.777778,212.222222,504.444444,243.333333]]","[[0.0,118.888889,20.0,343.333333],[60.0,75.555556,87.777778,101.111111],[87.777778,382.222222,141.111111,447.777778],[271.111111,5.555556,340.0,45.555556],[418.888889,381.111111,448.888889,413.333333],[497.777778,66.666667,527.777778,100.0]]"
r_fce1a010da5a7fad77cb43c6,images/i_cf5bec09440ad585bac010ca.jpg,g_b80f9a580221ede5ce28459d,[],"[[292.222222,261.111111,392.222222,338.888889]]"
r_f1321b52a8cf55ba5c431f67,images/i_468c141abcca422cb931da8b.jpg,g_b4c454603fbee2555a70c026,"[[76.666667,177.777778,98.888889,202.222222]]","[[308.888889,307.777778,336.666667,335.555556]]"
r_46ffbb733f11655aee5e8201,images/i_4313f33bf12bc14bafe47ee1.jpg,g_04b58e645c48a85e668620de,"[[11.111111,25.555556,43.333333,56.666667],[13.333333,201.111111,48.888889,233.333333],[80.0,238.888889,122.222222,283.333333],[110.0,127.777778,154.444444,175.555556],[213.333333,243.333333,228.888889,265.555556],[233.333333,205.555556,265.555556,225.555556],[245.555556,165.555556,272.222222,188.888889],[298.888889,267.777778,340.0,311.111111]]","[[221.111111,183.333333,262.222222,215.555556]]"
r_6b48dd1ab25677681c369d52,images/i_431daf94da400af1017ed349.jpg,g_0235d1a86cf53fa9bcc317ac,"[[308.888889,447.777778,350.0,495.555556],[574.444444,280.0,620.0,317.777778]]","[[236.666667,238.888889,347.777778,380.0]]"
r_4cd9971433c91f34c3ac4ef3,images/i_aadb92176939867ab8c848a7.jpg,g_0235d1a86cf53fa9bcc317ac,[],"[[254.444444,286.666667,351.111111,348.888889]]"
r_978aab50dd182c77997531a0,images/i_5b74ba7e7a5b75b9fcd1f055.jpg,g_5c1373668118a2ecdb25dcce,"[[274.444444,381.111111,311.111111,404.444444],[311.111111,298.888889,338.888889,332.222222]]","[[372.222222,364.444444,395.555556,384.444444],[450.0,305.555556,474.444444,332.222222]]"
r_8216829b53c7971c1e8f9111,images/i_ed42df6f262a652cc02c74b6.jpg,g_f87a86c565b1f047f94e01c4,"[[0.0,418.888889,158.888889,637.777778]]","[[188.888889,172.222222,410.0,430.0]]"
r_e497b22a4fa93bb29a14038e,images/i_f949c34cb5c7e43ebfb6d5d9.jpg,g_9b515d3089eb61142547d3f0,"[[291.111111,290.0,352.222222,327.777778],[303.333333,155.555556,348.888889,200.0],[474.444444,317.777778,496.666667,342.222222],[501.111111,290.0,528.888889,314.444444],[511.111111,195.555556,556.666667,233.333333]]","[[286.666667,103.333333,341.111111,156.666667],[442.222222,295.555556,465.555556,328.888889],[542.222222,232.222222,587.777778,275.555556]]"
r_d05fa3dc3ac7413731220f64,images/i_5ad5197cf792381ac8e19fce.jpg,g_9b84a0e70cd2222728d660da,"[[444.444444,108.888889,475.555556,138.888889],[523.333333,595.555556,544.444444,618.888889]]","[[286.666667,311.111111,322.222222,338.888889],[351.111111,14.444444,378.888889,41.111111]]"
r_bbce49b818847a15dfc2d947,images/i_c765bb851540770f4d446fcb.jpg,g_ea46061a10ac81325e02463a,[],"[[328.888889,270.0,376.666667,313.333333]]"
r_5df26a60b4bf9facc8237460,images/i_96a21d56b150e07060f89961.jpg,g_a4efb78e3e419f3048ef9a40,"[[187.777778,567.777778,214.444444,593.333333],[316.666667,321.111111,360.0,353.333333]]","[[322.222222,521.111111,347.777778,545.555556]]"
r_02f3e3ef393367cdaa26d35a,images/i_5c1771b373ef6abfd42841d0.jpg,g_54a03abcd865b2ee759e8706,"[[281.111111,518.888889,301.111111,544.444444]]","[[325.555556,276.666667,370.0,330.0]]"
r_950dd627e61329b566855394,images/i_d84fbfba10a097f1afd752b2.jpg,g_355cdcee4ea37b9bc8e6bf16,"[[81.111111,498.888889,114.444444,543.333333],[222.222222,434.444444,250.0,463.333333],[292.222222,288.888889,331.111111,328.888889]]","[[105.555556,453.333333,136.666667,482.222222],[145.555556,188.888889,177.777778,216.666667]]"
r_15a4007070088ccf915f22eb,images/i_ac88c8b708cdcf2ac0f1e1d5.jpg,g_021e85c29aa64ed53fc32f84,"[[95.555556,121.111111,120.0,156.666667],[112.222222,334.444444,141.111111,364.444444],[168.888889,112.222222,192.222222,141.111111],[246.666667,246.666667,291.111111,298.888889],[538.888889,158.888889,584.444444,200.0]]","[[255.555556,274.444444,366.666667,384.444444],[264.444444,495.555556,295.555556,525.555556]]"
r_ae4f4e5a30a50c779e4fe42c,images/i_7280855db2f5d64cf84a8c07.jpg,g_d6cb9e1e058f0bc69cb8f2f2,"[[0.0,16.666667,75.555556,51.111111],[17.777778,337.777778,45.555556,367.777778],[73.333333,30.0,106.666667,70.0],[90.0,440.0,126.666667,478.888889],[92.222222,424.444444,125.555556,454.444444],[138.888889,526.666667,173.333333,564.444444],[158.888889,292.222222,205.555556,338.888889],[191.111111,283.333333,225.555556,331.111111],[197.777778,338.888889,231.111111,372.222222],[211.111111,286.666667,252.222222,328.888889],[212.222222,214.444444,241.111111,255.555556],[218.888889,27.777778,268.888889,74.444444],[236.666667,178.888889,361.111111,503.333333],[252.222222,14.444444,294.444444,53.333333],[281.111111,347.777778,388.888889,536.666667],[295.555556,0.0,387.777778,86.666667]]","[[84.444444,115.555556,205.555556,232.222222],[102.222222,0.0,178.888889,71.111111],[107.777778,498.888889,141.111111,532.222222],[133.333333,414.444444,161.111111,442.222222],[136.666667,613.333333,186.666667,640.0],[163.333333,576.666667,196.666667,610.0],[166.666667,350.0,207.777778,400.0],[251.111111,53.333333,280.0,92.222222],[302.222222,438.888889,333.333333,472.222222]]"
r_24eb1fe594f422c4f8891f5e,images/i_47072c4f745adc3e73c178cf.jpg,g_e21cc6a5fb6ae7806e81a365,"[[296.666667,242.222222,402.222222,353.333333],[423.333333,0.0,458.888889,34.444444]]","[[412.222222,0.0,502.222222,84.444444]]"
r_deefe11e9dcfdf488a367c8e,images/i_714e289fce81f466ca6cb698.jpg,g_146012b47cdbc82cff624cd4,"[[310.0,336.666667,337.777778,370.0]]","[[103.333333,273.333333,127.777778,298.888889]]"
r_b9c3351c67cf8b28248ca6ea,images/i_0ac3eb2d6b258466042ced46.jpg,g_2bd6cd7b34f650038dc26ba2,"[[278.888889,275.555556,311.111111,304.444444],[304.444444,158.888889,330.0,183.333333],[415.555556,266.666667,441.111111,287.777778]]","[[402.222222,280.0,424.444444,304.444444]]"
r_0d5426adfde61a398f4af8bc,images/i_228177e029e7dc4f3bd85493.jpg,g_17e743a0ed217f68d71b6ed8,"[[18.888889,196.666667,45.555556,222.222222],[155.555556,170.0,183.333333,197.777778],[311.111111,290.0,372.222222,355.555556],[341.111111,458.888889,360.0,481.111111],[351.111111,51.111111,380.0,81.111111],[415.555556,72.222222,450.0,97.777778],[468.888889,51.111111,488.888889,72.222222]]","[[354.444444,97.777778,390.0,127.777778],[441.111111,114.444444,483.333333,155.555556]]"
r_d42aeb31fc98d12dee7a5619,images/i_a63fab79f478db17fbaa83d2.jpg,g_021e85c29aa64ed53fc32f84,[],"[[276.666667,335.555556,302.222222,371.111111]]"
r_4202374a87a93a249c634406,images/i_dd69d8eb67641d2fcba2fb7e.jpg,g_ffa90c178359a98d23f9b712,"[[0.0,44.444444,295.555556,271.111111],[0.0,81.111111,85.555556,237.777778],[0.0,301.111111,45.555556,350.0],[216.666667,266.666667,411.111111,394.444444],[234.444444,335.555556,631.111111,362.222222],[338.888889,188.888889,611.111111,233.333333],[363.333333,216.666667,476.666667,286.666667],[458.888889,268.888889,640.0,396.666667],[503.333333,415.555556,628.888889,473.333333]]","[[0.0,364.444444,105.555556,426.666667],[51.111111,161.111111,205.555556,302.222222],[84.444444,291.111111,245.555556,347.777778],[402.222222,96.666667,640.0,240.0],[408.888889,372.222222,640.0,452.222222]]"
r_2d498d5fba7c3f2b19e35a35,images/i_204685d4c9fc1898ee3590d4.jpg,g_49414fc7981844b817e5b758,"[[114.444444,191.111111,213.333333,306.666667]]","[[184.444444,202.222222,611.111111,358.888889]]"
r_236faaa7ec73e808ce3434a1,images/i_65f7eb9a35949e42c494ae37.jpg,g_06d21929c9eaf08164bf03f8,"[[0.0,157.777778,586.666667,425.555556],[414.444444,187.777778,447.777778,221.111111],[567.777778,382.222222,615.555556,438.888889]]","[[441.111111,160.0,501.111111,223.333333],[575.555556,284.444444,628.888889,331.111111]]"
r_161f2cc90619aabc7cc4c0d0,images/i_6c5c2d003ab44b8b183bf15d.jpg,g_cd2ef0422a57f279f0c6ffac,"[[520.0,148.888889,640.0,226.666667]]","[[0.0,531.111111,75.555556,635.555556],[147.777778,143.333333,505.555556,470.0]]"
r_11baf5d7890702273dd47930,images/i_907e2a4390b4874f811da45a.jpg,g_0022139fef8d506a59355879,"[[255.555556,226.666667,384.444444,346.666667]]","[[5.555556,352.222222,53.333333,391.111111]]"
r_28431b20e6ef05d3e1a5b52b,images/i_6f9eccd0b7299af3053fa92d.jpg,g_34069ada4455e034b50c9255,"[[25.555556,414.444444,56.666667,447.777778],[270.0,307.777778,308.888889,350.0],[284.444444,347.777778,316.666667,373.333333]]","[[66.666667,392.222222,91.111111,414.444444],[422.222222,202.222222,450.0,228.888889]]"
r_bba13e22e2b8f35c496fc1bb,images/i_46f282e53b901160b67dd2b8.jpg,g_980280cdbf62c22a89e797b2,[],"[[288.888889,276.666667,350.0,325.555556]]"
r_5a0423c2506586e373fc2e22,images/i_86e96b571053d8e0262eb47d.jpg,g_33b50a66bc0ee13317f69280,[],"[[280.0,315.555556,324.444444,356.666667]]"
r_8fd56e91ba51cd1c136afb88,images/i_8b80d02cee08ebc95e8e22cb.jpg,g_7a93981dff460b87289da163,"[[320.0,323.333333,340.0,347.777778]]","[[113.333333,75.555556,133.333333,100.0]]"
r_76729339d010a5feb5cf919c,images/i_9e4a2b37df399da4b69a95ee.jpg,g_5c1373668118a2ecdb25dcce,"[[105.555556,422.222222,153.333333,456.666667],[107.777778,527.777778,170.0,567.777778],[314.444444,284.444444,342.222222,345.555556],[492.222222,0.0,531.111111,47.777778]]","[[288.888889,443.333333,334.444444,471.111111],[606.666667,64.444444,636.666667,92.222222]]"
r_4edac12236114fbbf3eaad8c,images/i_ea0762924842bba3e500d6e5.jpg,g_153f2ceabbf7fb25df867ef6,"[[240.0,247.777778,401.111111,368.888889],[305.555556,44.444444,343.333333,86.666667],[568.888889,283.333333,640.0,388.888889],[600.0,158.888889,635.555556,195.555556]]","[[577.777778,526.666667,613.333333,568.888889],[618.888889,452.222222,640.0,490.0]]"
r_9c1d0169629bc9ae82bcdf25,images/i_9e892e9a3fd0e57a5277b64d.jpg,g_cb72947b5686f3baba1f7986,"[[0.0,0.0,112.222222,171.111111],[16.666667,68.888889,52.222222,103.333333],[45.555556,353.333333,78.888889,388.888889],[232.222222,81.111111,262.222222,108.888889],[233.333333,2.222222,263.333333,30.0],[235.555556,167.777778,264.444444,193.333333],[240.0,300.0,272.222222,326.666667],[267.777778,171.111111,297.777778,198.888889],[297.777778,136.666667,327.777778,164.444444],[328.888889,96.666667,372.222222,140.0],[328.888889,156.666667,358.888889,184.444444],[345.555556,28.888889,370.0,54.444444],[354.444444,43.333333,382.222222,67.777778],[382.222222,93.333333,411.111111,126.666667],[382.222222,180.0,415.555556,204.444444],[395.555556,201.111111,420.0,221.111111],[438.888889,224.444444,467.777778,248.888889],[471.111111,165.555556,501.111111,197.777778],[487.777778,317.777778,515.555556,351.111111],[531.111111,134.444444,564.444444,167.777778],[553.333333,140.0,590.0,170.0],[558.888889,113.333333,583.333333,141.111111],[616.666667,102.222222,640.0,126.666667]]","[[7.777778,588.888889,38.888889,626.666667],[145.555556,182.222222,247.777778,227.777778],[253.333333,12.222222,283.333333,40.0],[280.0,274.444444,387.777778,354.444444],[302.222222,373.333333,367.777778,437.777778],[304.444444,176.666667,341.111111,210.0],[351.111111,91.111111,376.666667,113.333333],[365.555556,30.0,392.222222,54.444444],[382.222222,52.222222,408.888889,76.666667],[442.222222,57.777778,475.555556,91.111111],[443.333333,331.111111,476.666667,367.777778],[550.0,342.222222,572.222222,367.777778],[553.333333,373.333333,575.555556,405.555556],[578.888889,147.777778,606.666667,175.555556]]"
r_ecaad14f454be69c8b74ddcd,images/i_f793807997816ed2546bf961.jpg,g_45f9603b945f9ddbf464632f,"[[147.777778,367.777778,167.777778,392.222222]]","[[338.888889,298.888889,366.666667,326.666667]]"
r_66f3a94763cc552250c16e2b,images/i_6645e13500fcea6279c19c78.jpg,g_7a0db28823ab5b588643ddc9,"[[144.444444,542.222222,187.777778,583.333333]]","[[283.333333,305.555556,330.0,350.0]]"
r_425803d5c013c5515604746d,images/i_0817a67d3b392964d35d802a.jpg,g_cb72947b5686f3baba1f7986,"[[472.222222,265.555556,507.777778,298.888889]]","[[286.666667,318.888889,318.888889,361.111111],[370.0,390.0,405.555556,426.666667]]"
r_11d42271bfce81c36eb36329,images/i_1c67da266cec3767ce74cb41.jpg,g_24bb95a7b91e90df1b79f3bf,[],"[[338.888889,338.888889,371.111111,374.444444]]"
r_73c513a68e718e1d3a165e4d,images/i_850a80118b46fad880c9b1f2.jpg,g_6782ab60ee5fb70e23d9ba83,"[[470.0,206.666667,501.111111,237.777778]]","[[275.555556,254.444444,347.777778,321.111111]]"
r_483d2b71e3005ef88078332c,images/i_73f3514d8eca847fa30f9c93.jpg,g_e08d078b7366506501267c4e,"[[0.0,435.555556,23.333333,468.888889],[34.444444,15.555556,60.0,34.444444],[50.0,6.666667,101.111111,50.0],[51.111111,0.0,76.666667,25.555556],[107.777778,93.333333,135.555556,124.444444],[123.333333,98.888889,164.444444,137.777778],[132.222222,207.777778,160.0,238.888889],[271.111111,306.666667,303.333333,332.222222],[278.888889,42.222222,336.666667,116.666667],[295.555556,324.444444,351.111111,382.222222],[344.444444,130.0,375.555556,168.888889],[370.0,373.333333,401.111111,403.333333]]","[[23.333333,312.222222,48.888889,334.444444],[136.666667,538.888889,164.444444,571.111111],[175.555556,212.222222,210.0,256.666667],[180.0,154.444444,220.0,188.888889],[264.444444,82.222222,303.333333,122.222222],[362.222222,222.222222,401.111111,262.222222],[395.555556,367.777778,425.555556,392.222222]]"
r_e6f6f29a71b20a13e1834b66,images/i_34c36bfb7f6dcf8abfe8d473.jpg,g_09a377ac3481af97c4e307ed,"[[548.888889,167.777778,582.222222,204.444444],[623.333333,218.888889,640.0,274.444444]]","[[267.777778,305.555556,323.333333,361.111111],[473.333333,263.333333,517.777778,305.555556],[512.222222,168.888889,545.555556,206.666667]]"
r_c7fe858a53b749d6c43b1b6e,images/i_fb9d4f4f4f9ae95217993d50.jpg,g_9b3e4390dc6e6c1714375aef,[],"[[335.555556,294.444444,374.444444,322.222222]]"
r_7e8fe86b96d21812a5f13e33,images/i_4e2088b9652ae4f8b9cca410.jpg,g_c6a92d076cb394f8a8747b4e,"[[556.666667,447.777778,597.777778,486.666667],[578.888889,394.444444,616.666667,431.111111]]","[[311.111111,321.111111,361.111111,376.666667],[585.555556,504.444444,611.111111,532.222222]]"
r_7e05487fba7108fce35da616,images/i_cf84a427c4a8001026092517.jpg,g_ba6e7e0f94fa8f8b65390c77,"[[0.0,515.555556,37.777778,568.888889],[40.0,476.666667,71.111111,501.111111],[237.777778,480.0,272.222222,520.0],[271.111111,0.0,454.444444,535.555556],[418.888889,240.0,571.111111,368.888889],[578.888889,414.444444,613.333333,445.555556]]","[[30.0,564.444444,60.0,598.888889],[63.333333,527.777778,93.333333,563.333333],[64.444444,613.333333,94.444444,640.0],[432.222222,190.0,517.777778,287.777778]]"
r_49151677028e9cc897a59b9f,images/i_82aced32e8546db6f327c36f.jpg,g_ba6e7e0f94fa8f8b65390c77,"[[274.444444,278.888889,313.333333,310.0],[313.333333,181.111111,341.111111,208.888889]]","[[177.777778,110.0,211.111111,137.777778],[326.666667,264.444444,358.888889,296.666667],[376.666667,326.666667,404.444444,361.111111]]"
r_beee52841ad90b8a7c4a8e58,images/i_adbb0c51e828f44a96443737.jpg,g_548716fabb146405ff0421e8,"[[120.0,592.222222,143.333333,623.333333],[253.333333,264.444444,320.0,317.777778],[493.333333,578.888889,601.111111,640.0],[583.333333,173.333333,606.666667,212.222222]]","[[177.777778,225.555556,220.0,270.0],[250.0,42.222222,286.666667,81.111111],[335.555556,441.111111,363.333333,471.111111],[584.444444,438.888889,614.444444,463.333333]]"
r_8ebccd886afeae5cc842085d,images/i_07dcd057f2fe0eda3b17390e.jpg,g_3cfdd35aed496afb89cca034,[],"[[334.444444,270.0,362.222222,332.222222]]"
r_fd3facc3ab2d9825ed628938,images/i_168a8474e6a823444b89192a.jpg,g_7a11747a42eb465d7b77082d,"[[353.333333,321.111111,431.111111,383.333333]]","[[306.666667,321.111111,404.444444,383.333333]]"
r_469a172fa1d868c3099a4b31,images/i_db6248cfeaad283a96b60854.jpg,g_58f1a79d8ccb1ac2cbbabfd1,"[[0.0,525.555556,134.444444,630.0],[0.0,583.333333,372.222222,640.0],[303.333333,303.333333,385.555556,364.444444],[324.444444,270.0,363.333333,303.333333],[334.444444,296.666667,365.555556,325.555556],[404.444444,336.666667,433.333333,366.666667],[433.333333,113.333333,507.777778,178.888889],[455.555556,298.888889,494.444444,334.444444],[485.555556,344.444444,516.666667,375.555556],[510.0,197.777778,537.777778,223.333333],[522.222222,231.111111,552.222222,262.222222],[538.888889,113.333333,557.777778,134.444444],[566.666667,106.666667,640.0,141.111111],[582.222222,0.0,640.0,118.888889]]","[[471.111111,134.444444,493.333333,152.222222],[471.111111,201.111111,504.444444,225.555556],[587.777778,442.222222,616.666667,466.666667]]"
r_3f35638b3cdd2739765cd3b9,images/i_a1edc0d15f47dbc8d18ae86f.jpg,g_fe024c475b0b9b3cd04dbb64,[],"[[114.444444,155.555556,348.888889,322.222222]]"
r_9c01fa37fd2da5323f8d7d3e,images/i_24a413b4c8a29f56309bb495.jpg,g_44d271278278e63b28fbdde4,"[[71.111111,164.444444,116.666667,215.555556],[116.666667,153.333333,178.888889,215.555556],[188.888889,608.888889,216.666667,640.0],[205.555556,581.111111,288.888889,640.0],[217.777778,34.444444,248.888889,70.0],[471.111111,52.222222,565.555556,148.888889]]","[[0.0,522.222222,85.555556,614.444444],[31.111111,412.222222,67.777778,451.111111],[88.888889,221.111111,138.888889,292.222222],[176.666667,494.444444,236.666667,590.0],[207.777778,127.777778,245.555556,165.555556],[213.333333,357.777778,245.555556,413.333333],[215.555556,548.888889,233.333333,576.666667],[284.444444,261.111111,390.0,387.777778],[477.777778,166.666667,606.666667,272.222222],[478.888889,294.444444,600.0,354.444444]]"
r_8318f488cdf1f3341acfe78a,images/i_85ce042957dbd72bb39e9613.jpg,g_bf935b4e57310b2488eee209,"[[134.444444,166.666667,166.666667,200.0],[142.222222,313.333333,170.0,340.0]]","[[85.555556,480.0,121.111111,511.111111],[263.333333,300.0,311.111111,340.0]]"
r_5e87dce647964df70e1a4415,images/i_e119df8d616d3e0195dcfc57.jpg,g_93b59beceb905336c07d33f8,[],"[[260.0,302.222222,322.222222,343.333333]]"
r_1016884837e493998f3a22d5,images/i_7586be50b89f63ae83743336.jpg,g_f479516160c7a6f8f937fd7d,[],"[[240.0,232.222222,347.777778,341.111111]]"
r_559e33606920a45ccfec7f75,images/i_340174fd8123c1415a989ff5.jpg,g_de647c5cff066faa1b3857af,[],"[[287.777778,308.888889,332.222222,353.333333]]"
r_701a7defcf1bb038ad5964f4,images/i_46ab0b7ea5c2f6bde1f95263.jpg,g_8f0438244c031c97984d870c,"[[261.111111,244.444444,350.0,331.111111]]","[[104.444444,372.222222,152.222222,418.888889]]"
r_7aed292c085130a71d930178,images/i_06bdf1bd5b028960ac800e95.jpg,g_548716fabb146405ff0421e8,"[[122.222222,608.888889,163.333333,640.0],[272.222222,308.888889,305.555556,346.666667],[397.777778,314.444444,435.555556,348.888889],[507.777778,234.444444,524.444444,252.222222],[622.222222,355.555556,640.0,377.777778]]","[[216.666667,303.333333,242.222222,330.0]]"
r_58fc8db55c677c6ae05dfe5f,images/i_baa8b76acfc3df498d0c3e75.jpg,g_1628d8e3c8388012af1cade1,[],"[[303.333333,257.777778,386.666667,328.888889]]"
r_6d0ea32eb43014e5bebb47d6,images/i_873e5914e2d80fe02ad37807.jpg,g_58f1a79d8ccb1ac2cbbabfd1,"[[64.444444,58.888889,94.444444,82.222222],[110.0,0.0,147.777778,97.777778],[193.333333,223.333333,222.222222,243.333333],[233.333333,67.777778,298.888889,212.222222],[254.444444,334.444444,328.888889,385.555556]]","[[585.555556,597.777778,636.666667,640.0]]"
r_54ee9aeff58d0bff42ebf5fb,images/i_de3d3389650d63a02bd2e8c5.jpg,g_91bafbb1065b050f02bdf065,"[[106.666667,233.333333,480.0,425.555556],[120.0,161.111111,158.888889,200.0],[292.222222,58.888889,490.0,155.555556],[343.333333,0.0,640.0,163.333333],[444.444444,96.666667,593.333333,298.888889],[481.111111,195.555556,508.888889,222.222222]]","[[290.0,226.666667,445.555556,297.777778],[417.777778,308.888889,442.222222,331.111111]]"
r_bddb3fb58a8ba05c59a44929,images/i_a70dedb2018a88e550b595e8.jpg,g_47c3435c5c27b818e0b6d9f8,"[[303.333333,498.888889,324.444444,521.111111],[318.888889,340.0,337.777778,364.444444]]","[[94.444444,427.777778,131.111111,464.444444],[202.222222,361.111111,225.555556,384.444444]]"
r_9140997a93617f5e42d73fbb,images/i_3227a56286bd1ee3a75c8a0f.jpg,g_495fc3e5170e839c82003c16,"[[127.777778,493.333333,158.888889,510.0],[136.666667,454.444444,161.111111,476.666667]]","[[273.333333,306.666667,322.222222,356.666667]]"
r_bc0eb05bfb3899841ad73b24,images/i_9af47d05c38d7759b07856ba.jpg,g_e672f1fb5fad98aedbf85682,"[[350.0,144.444444,508.888889,306.666667]]","[[295.555556,224.444444,408.888889,348.888889]]"
r_f39c456cb6f7591a95dad3ab,images/i_0268b3a8f58adf61478f9bc3.jpg,g_986eed83a5135fe045b4789c,"[[234.444444,64.444444,275.555556,112.222222]]","[[298.888889,317.777778,326.666667,344.444444]]"
r_22d4f51d1deb96a56a1a3e8b,images/i_77471af6885ad835862f001e.jpg,g_5a4a7c3a0145bac4a6fbcbe6,[],"[[331.111111,318.888889,358.888889,352.222222]]"
r_d5f7dddee50b56c258363545,images/i_a372219f2721bf7d025ff54d.jpg,g_9b515d3089eb61142547d3f0,"[[434.444444,78.888889,463.333333,112.222222],[477.777778,413.333333,506.666667,446.666667],[538.888889,282.222222,567.777778,315.555556],[601.111111,267.777778,621.111111,292.222222]]","[[291.111111,301.111111,343.333333,383.333333],[608.888889,251.111111,633.333333,274.444444]]"
r_ad69779e2c938d5160df6f15,images/i_4a2b5b3508829d2b622639e5.jpg,g_ee0ce13da6d8c46a4a6e3d13,[],"[[313.333333,276.666667,386.666667,370.0]]"
r_6e4f2fcb94b3d1ab90761e3a,images/i_be559c587ba5ac8c1f45aa34.jpg,g_76fd581d6eae929ab928c164,"[[320.0,323.333333,374.444444,377.777778]]","[[364.444444,411.111111,386.666667,443.333333]]"
r_86ce8429987d0071c13b888d,images/i_1621d51dbb031d95af41cdb1.jpg,g_d6cb9e1e058f0bc69cb8f2f2,"[[165.555556,484.444444,200.0,510.0],[167.777778,413.333333,198.888889,444.444444],[268.888889,587.777778,294.444444,613.333333],[422.222222,475.555556,442.222222,502.222222],[507.777778,142.222222,535.555556,171.111111],[533.333333,167.777778,566.666667,208.888889],[547.777778,284.444444,583.333333,306.666667],[586.666667,45.555556,631.111111,90.0],[605.555556,260.0,633.333333,290.0]]","[[276.666667,556.666667,304.444444,586.666667],[333.333333,298.888889,361.111111,341.111111],[475.555556,128.888889,497.777778,154.444444]]"
r_8427839cec539b82c1a1d136,images/i_89c39d0277dbf5c1a46e45ec.jpg,g_d2efee6c1b88466a59c95ced,[],"[[304.444444,328.888889,362.222222,364.444444]]"
r_3aeb6baea700edd44c13b3cf,images/i_92fdd76fed43c40490ce7ed1.jpg,g_f72c8d3b8d96ab6e0d56c87f,"[[432.222222,0.0,454.444444,12.222222]]","[[330.0,313.333333,352.222222,333.333333],[495.555556,0.0,523.333333,15.555556]]"
r_544323d25e471d570c7c5e3d,images/i_58a2ce45c083444c89984867.jpg,g_ba6e7e0f94fa8f8b65390c77,"[[224.444444,272.222222,256.666667,300.0],[246.666667,338.888889,273.333333,362.222222],[252.222222,561.111111,297.777778,592.222222],[292.222222,323.333333,324.444444,356.666667],[408.888889,553.333333,447.777778,590.0]]","[[0.0,343.333333,32.222222,381.111111],[143.333333,271.111111,171.111111,297.777778]]"
r_d57bfbcfe1a632aa6860dbd2,images/i_0e8fa2c163d087634978d584.jpg,g_0cd1b1bb4320c4889be0c4cb,"[[365.555556,620.0,390.0,640.0]]","[[273.333333,294.444444,315.555556,327.777778]]"
r_f0a8958aa38040ebd7fa060f,images/i_66543b852950987eff7f2d55.jpg,g_986eed83a5135fe045b4789c,"[[107.777778,20.0,162.222222,61.111111],[218.888889,31.111111,266.666667,70.0],[271.111111,256.666667,326.666667,331.111111],[393.333333,474.444444,465.555556,510.0],[481.111111,188.888889,510.0,216.666667]]","[[398.888889,0.0,432.222222,20.0]]"
r_b3e5820899912b24bfb34cc8,images/i_aece1caec88945f35f2444ed.jpg,g_29ae63e99286b19b26f52e0c,[],"[[285.555556,283.333333,354.444444,345.555556]]"
r_4bb1bbb9a1969b54992d96b8,images/i_19ac8d9a18ffa86bb7d69af5.jpg,g_e08d078b7366506501267c4e,[],"[[205.555556,151.111111,244.444444,190.0],[301.111111,297.777778,332.222222,330.0]]"
r_d586427f9e115b7862be5ff2,images/i_edab3fafb23c79306d59a212.jpg,g_b530884cc2bafaea79371b99,[],"[[232.222222,270.0,343.333333,381.111111]]"
r_f82f100861733cb33e4e43ae,images/i_90787e7d3b64fb33a7642278.jpg,g_bc4b41910ede1dbb166e4ff0,"[[256.666667,186.666667,311.111111,247.777778],[278.888889,312.222222,343.333333,398.888889],[301.111111,620.0,322.222222,640.0],[370.0,600.0,394.444444,624.444444]]","[[281.111111,485.555556,308.888889,518.888889]]"
r_7940fef07baeedf35dece496,images/i_683e70add49378632cc117bc.jpg,g_22e98dfea81ddd5d806b4742,"[[116.666667,0.0,141.111111,15.555556],[277.777778,324.444444,305.555556,353.333333]]","[[96.666667,0.0,124.444444,21.111111]]"
r_e499814dfd4853534b1754b8,images/i_646825e4fc6f30e765020ae4.jpg,g_36e625f0ba435ec41315a18c,"[[0.0,556.666667,21.111111,604.444444],[93.333333,606.666667,168.888889,640.0],[120.0,355.555556,161.111111,398.888889],[137.777778,545.555556,194.444444,604.444444],[147.777778,516.666667,174.444444,544.444444],[153.333333,590.0,238.888889,640.0],[213.333333,377.777778,246.666667,410.0],[227.777778,561.111111,253.333333,588.888889],[231.111111,432.222222,263.333333,462.222222],[252.222222,382.222222,283.333333,417.777778],[324.444444,500.0,363.333333,533.333333],[461.111111,496.666667,503.333333,544.444444]]","[[27.777778,596.666667,55.555556,621.111111],[164.444444,360.0,195.555556,395.555556],[191.111111,610.0,220.0,640.0],[202.222222,590.0,253.333333,632.222222],[328.888889,273.333333,360.0,306.666667],[470.0,448.888889,507.777778,482.222222]]"
r_052c7a71b5e9d2e24835bd7d,images/i_028c9765f83ca56d82262496.jpg,g_d6cb9e1e058f0bc69cb8f2f2,"[[222.222222,186.666667,255.555556,220.0],[231.111111,585.555556,255.555556,612.222222],[265.555556,513.333333,301.111111,540.0],[300.0,394.444444,327.777778,418.888889],[317.777778,623.333333,345.555556,640.0],[380.0,358.888889,410.0,395.555556],[396.666667,474.444444,432.222222,500.0],[422.222222,170.0,465.555556,217.777778],[457.777778,121.111111,513.333333,176.666667],[591.111111,17.777778,624.444444,51.111111],[594.444444,435.555556,617.777778,457.777778]]","[[192.222222,125.555556,258.888889,214.444444],[307.777778,254.444444,354.444444,418.888889],[332.222222,221.111111,366.666667,256.666667],[333.333333,0.0,381.111111,33.333333],[337.777778,70.0,400.0,121.111111],[400.0,45.555556,422.222222,75.555556]]"
r_66727344c4afa111ac86e6ad,images/i_195c6fa8be3449e7bf31452f.jpg,g_5dad77aac389efb623a0e27a,"[[144.444444,428.888889,172.222222,451.111111],[152.222222,395.555556,183.333333,426.666667],[194.444444,291.111111,222.222222,323.333333],[235.555556,370.0,264.444444,393.333333],[281.111111,443.333333,310.0,471.111111],[294.444444,307.777778,335.555556,337.777778],[326.666667,195.555556,351.111111,218.888889],[427.777778,387.777778,457.777778,412.222222],[532.222222,103.333333,572.222222,140.0]]","[[177.777778,211.111111,207.777778,241.111111],[207.777778,334.444444,238.888889,362.222222],[247.777778,358.888889,268.888889,381.111111],[268.888889,317.777778,304.444444,356.666667],[272.222222,365.555556,306.666667,395.555556]]"
r_9ebc41dab79ad962cc4b4728,images/i_23ceb991d327614ca59f4979.jpg,g_22e98dfea81ddd5d806b4742,"[[308.888889,313.333333,355.555556,361.111111]]","[[153.333333,312.222222,181.111111,335.555556],[565.555556,118.888889,594.444444,148.888889]]"
r_6379af60b74460b01a8c5b43,images/i_4b9f6bfa951e612851405cad.jpg,g_c121b8bc3c4d78635ab0c17a,[],"[[225.555556,216.666667,420.0,376.666667]]"
r_b5f07a749e6ee0a7346e9a5f,images/i_c8275c99a555bc4f970c8bfd.jpg,g_2bd6cd7b34f650038dc26ba2,"[[337.777778,293.333333,368.888889,322.222222]]","[[67.777778,376.666667,161.111111,640.0],[303.333333,0.0,343.333333,50.0]]"
r_2fc79d67cad7fcf62847d7ef,images/i_be5270a1ecff83c5dc244b65.jpg,g_146012b47cdbc82cff624cd4,[],"[[220.0,265.555556,383.333333,401.111111]]"
r_d8f4781d3d2fa21369e56be8,images/i_02503b50149b981256f3c843.jpg,g_c64613aeb7417d9fd582de30,[],"[[265.555556,276.666667,321.111111,342.222222]]"
r_65512089c16b6dfae713964b,images/i_7e6f89bfca89a1f0a2712e00.jpg,g_865d7b315188bc44ea2c5d0b,"[[37.777778,212.222222,78.888889,252.222222]]","[[262.222222,255.555556,458.888889,332.222222]]"
r_d38e10491d26f2848ce7535b,images/i_656f304209dd52f165a26d24.jpg,g_865d7b315188bc44ea2c5d0b,"[[291.111111,248.888889,360.0,353.333333]]","[[522.222222,606.666667,591.111111,640.0]]"
r_c9e20f5dc1d13dfa3079b67a,images/i_39371e85713d7309d5d33556.jpg,g_d6cb9e1e058f0bc69cb8f2f2,"[[91.111111,342.222222,174.444444,480.0],[128.888889,321.111111,167.777778,357.777778],[168.888889,312.222222,223.333333,370.0],[245.555556,505.555556,366.666667,622.222222],[264.444444,298.888889,296.666667,341.111111],[312.222222,120.0,353.333333,161.111111],[325.555556,98.888889,367.777778,140.0],[373.333333,603.333333,403.333333,640.0],[381.111111,416.666667,428.888889,464.444444],[406.666667,0.0,536.666667,114.444444],[412.222222,442.222222,442.222222,481.111111],[420.0,568.888889,510.0,640.0],[431.111111,194.444444,470.0,240.0],[433.333333,112.222222,458.888889,136.666667],[451.111111,154.444444,475.555556,182.222222],[456.666667,374.444444,547.777778,475.555556],[467.777778,151.111111,501.111111,192.222222],[488.888889,7.777778,544.444444,47.777778],[547.777778,73.333333,612.222222,175.555556]]","[[71.111111,603.333333,102.222222,640.0],[91.111111,407.777778,236.666667,441.111111],[230.0,173.333333,370.0,477.777778],[234.444444,420.0,267.777778,458.888889],[295.555556,255.555556,323.333333,287.777778],[405.555556,245.555556,451.111111,290.0],[412.222222,403.333333,455.555556,444.444444],[455.555556,115.555556,490.0,150.0],[470.0,171.111111,542.222222,368.888889],[577.777778,2.222222,603.333333,31.111111]]"
r_f5033d16632a800cbd158531,images/i_12a9dcd399d491e31bf3ba20.jpg,g_986eed83a5135fe045b4789c,"[[0.0,347.777778,125.555556,408.888889],[47.777778,416.666667,105.555556,457.777778],[213.333333,173.333333,276.666667,206.666667],[262.222222,430.0,285.555556,497.777778],[318.888889,4.444444,367.777778,42.222222],[351.111111,162.222222,436.666667,210.0],[470.0,37.777778,502.222222,70.0],[507.777778,336.666667,545.555556,363.333333],[531.111111,320.0,558.888889,345.555556],[545.555556,221.111111,575.555556,253.333333],[558.888889,162.222222,586.666667,193.333333]]","[[137.777778,54.444444,198.888889,120.0],[203.333333,360.0,240.0,391.111111],[254.444444,190.0,307.777778,246.666667],[296.666667,267.777778,380.0,350.0]]"
r_ec835eee5de552a3952ca7c5,images/i_875195e63e57335be6448b5a.jpg,g_42d729dbddb5095c7622cb4c,"[[21.111111,193.333333,54.444444,230.0],[52.222222,76.666667,85.555556,106.666667],[136.666667,392.222222,165.555556,421.111111],[234.444444,190.0,264.444444,223.333333],[282.222222,226.666667,301.111111,248.888889],[627.777778,264.444444,640.0,292.222222]]","[[83.333333,92.222222,115.555556,123.333333],[220.0,496.666667,247.777778,528.888889],[231.111111,375.555556,258.888889,406.666667],[281.111111,282.222222,308.888889,310.0]]"
r_82d502866d84386b27ab74e0,images/i_4e4b1939436403fb9b044de5.jpg,g_9fcf44edcc794f9a725aa4ef,"[[136.666667,556.666667,177.777778,594.444444],[157.777778,600.0,186.666667,631.111111],[204.444444,541.111111,245.555556,585.555556],[401.111111,356.666667,441.111111,391.111111],[475.555556,477.777778,510.0,505.555556],[497.777778,492.222222,532.222222,531.111111],[604.444444,317.777778,638.888889,356.666667]]","[[273.333333,271.111111,332.222222,321.111111],[317.777778,570.0,348.888889,601.111111],[398.888889,438.888889,440.0,488.888889],[421.111111,578.888889,454.444444,607.777778],[482.222222,500.0,506.666667,528.888889]]"
r_12a7ee9a755eecf515966e7f,images/i_0ce8cf5ac7736efc5d9bc9cf.jpg,g_ba6e7e0f94fa8f8b65390c77,"[[197.777778,473.333333,246.666667,518.888889],[277.777778,246.666667,393.333333,357.777778],[296.666667,416.666667,327.777778,441.111111],[422.222222,185.555556,446.666667,207.777778]]","[[307.777778,536.666667,353.333333,582.222222]]"
r_dc8d896073d27a070fc06a70,images/i_76c36775ba21c9190ca33b80.jpg,g_7b96b192a532440383458e94,"[[235.555556,258.888889,304.444444,290.0]]","[[291.111111,274.444444,351.111111,324.444444]]"
r_5e6018e2ec68880e2617bd68,images/i_17a70fcb28937da995e86601.jpg,g_d53c0806a84d48de3a05f1f6,[],"[[286.666667,287.777778,311.111111,310.0]]"
r_780e89eea64ee1e1ba70641d,images/i_2d4664cf0d4178ed26da7ce5.jpg,g_9bcb50d3d7f42264aba6f4ee,"[[276.666667,260.0,353.333333,331.111111],[290.0,392.222222,317.777778,420.0]]","[[318.888889,254.444444,345.555556,276.666667]]"
r_a1e51a99933088fd922513d3,images/i_0e17ef30f8742db78b88930a.jpg,g_58f1a79d8ccb1ac2cbbabfd1,"[[155.555556,97.777778,508.888889,551.111111],[182.222222,25.555556,205.555556,50.0]]","[[96.666667,394.444444,133.333333,455.555556]]"
r_37618bd6007444940dafaa63,images/i_4d0cc1f9bd23dbb927e820a9.jpg,g_de647c5cff066faa1b3857af,"[[185.555556,175.555556,212.222222,203.333333],[214.444444,553.333333,246.666667,588.888889],[233.333333,317.777778,266.666667,352.222222],[248.888889,251.111111,292.222222,292.222222],[291.111111,181.111111,323.333333,214.444444],[298.888889,417.777778,328.888889,447.777778],[301.111111,595.555556,336.666667,628.888889],[333.333333,163.333333,393.333333,338.888889],[361.111111,625.555556,394.444444,640.0],[505.555556,512.222222,543.333333,551.111111],[510.0,610.0,562.222222,640.0],[514.444444,547.777778,542.222222,576.666667]]","[[141.111111,245.555556,174.444444,275.555556],[204.444444,494.444444,243.333333,530.0],[280.0,247.777778,355.555556,338.888889],[317.777778,570.0,354.444444,604.444444],[601.111111,445.555556,628.888889,472.222222]]"
r_dd93bdddd36b97428d1af7cd,images/i_8dfa09efca2d134499e0dcd9.jpg,g_bf935b4e57310b2488eee209,"[[233.333333,70.0,264.444444,104.444444],[311.111111,298.888889,355.555556,341.111111],[544.444444,455.555556,568.888889,483.333333]]","[[544.444444,620.0,576.666667,640.0]]"
r_0d9c57b55a1e5b1c62c257df,images/i_741374efa517a5d90e3c95c6.jpg,g_8f2eaa224392e844aac89ed1,"[[282.222222,278.888889,337.777778,334.444444]]","[[553.333333,386.666667,640.0,520.0]]"
r_523b1e942b1b656358c30b59,images/i_7c3c9fd76c6389ffa89bf5bd.jpg,g_495fc3e5170e839c82003c16,"[[84.444444,216.666667,120.0,248.888889],[278.888889,271.111111,327.777778,325.555556],[447.777778,132.222222,470.0,157.777778],[464.444444,48.888889,492.222222,74.444444]]","[[411.111111,87.777778,436.666667,110.0],[425.555556,43.333333,461.111111,74.444444]]"
r_93ec9f8b930ff6538eebda66,images/i_9b0ab32dfc14f3752123ab26.jpg,g_44d271278278e63b28fbdde4,"[[250.0,83.333333,291.111111,114.444444],[261.111111,297.777778,366.666667,358.888889]]","[[157.777778,120.0,213.333333,175.555556]]"
r_80d14c0cbc262310b32d10d8,images/i_c4f779ee9544aba7d9e6670d.jpg,g_c1ac33658239876d7b7692a9,"[[380.0,464.444444,438.888889,543.333333]]","[[278.888889,274.444444,353.333333,346.666667]]"
r_0136bbca8b42ef6579b11a2a,images/i_ea09c94b866c1c1567f58ce4.jpg,g_0e7e63d99c257c2ba222a825,[],"[[268.888889,321.111111,307.777778,346.666667]]"
r_7a4d049cd43fa10146189d85,images/i_2fd68d7bfe15cd44e6900f0b.jpg,g_08078584fdbaab6966e0a038,"[[220.0,202.222222,350.0,260.0]]","[[238.888889,268.888889,382.222222,377.777778]]"
r_6bed65f1afa04ceccd46cd43,images/i_68673c9976d0cd96f7bc86e1.jpg,g_d53c0806a84d48de3a05f1f6,"[[12.222222,316.666667,84.444444,355.555556],[58.888889,181.111111,86.666667,208.888889],[271.111111,284.444444,303.333333,311.111111],[285.555556,348.888889,314.444444,380.0],[294.444444,263.333333,325.555556,290.0],[423.333333,320.0,466.666667,364.444444],[534.444444,185.555556,580.0,222.222222],[544.444444,215.555556,578.888889,245.555556],[592.222222,202.222222,640.0,245.555556],[597.777778,195.555556,640.0,217.777778]]","[[72.222222,253.333333,108.888889,283.333333]]"
r_e17e7b2afcac3ac22d9e56fe,images/i_b71644d2d8ce626dd2e4362f.jpg,g_a8e6e85e214208f83abba24a,"[[312.222222,332.222222,345.555556,364.444444]]","[[514.444444,495.555556,534.444444,524.444444]]"
r_ea268706d42ec0e937a3041a,images/i_11ac700d117ac0d01d78c113.jpg,g_146dc2b2eee78be8868b9575,"[[492.222222,475.555556,517.777778,520.0],[551.111111,491.111111,577.777778,516.666667],[562.222222,127.777778,586.666667,154.444444],[581.111111,415.555556,640.0,551.111111]]","[[295.555556,298.888889,340.0,365.555556],[317.777778,584.444444,434.444444,640.0],[492.222222,447.777778,523.333333,482.222222],[511.111111,458.888889,542.222222,487.777778],[522.222222,431.111111,575.555556,475.555556]]"
r_f173888e33204587782c3673,images/i_4fb31e36c271231519a88027.jpg,g_e4a808d3a08c575a87caa82b,[],"[[304.444444,276.666667,332.222222,321.111111]]"
r_01e3d02ad943d07ea7601b34,images/i_02cd991a04ddfe3f6653182f.jpg,g_54a03abcd865b2ee759e8706,"[[196.666667,280.0,226.666667,321.111111],[246.666667,266.666667,363.333333,350.0],[283.333333,266.666667,307.777778,283.333333],[514.444444,461.111111,554.444444,490.0]]","[[243.333333,266.666667,265.555556,286.666667],[244.444444,185.555556,270.0,212.222222],[437.777778,312.222222,480.0,350.0]]"
r_6e3d52a012f959ab1714999e,images/i_e013deb27dd90a3b77a1bfe4.jpg,g_a5be7b4b155948635b564e08,"[[15.555556,332.222222,67.777778,376.666667],[531.111111,507.777778,557.777778,527.777778]]","[[312.222222,273.333333,362.222222,355.555556]]"
r_a38bd72b6eca2390635a0131,images/i_2b6b8062e1b86d043264dd71.jpg,g_d5a6f73a81daf08e1b467d5f,"[[230.0,416.666667,270.0,463.333333],[301.111111,255.555556,341.111111,302.222222],[321.111111,506.666667,361.111111,552.222222],[380.0,594.444444,413.333333,626.666667],[411.111111,610.0,445.555556,640.0],[580.0,553.333333,640.0,640.0]]","[[285.555556,326.666667,311.111111,354.444444],[337.777778,376.666667,361.111111,404.444444],[466.666667,487.777778,508.888889,530.0]]"
r_5947035e1eeac912f5974f2b,images/i_444184923fc63362c4ecbf3b.jpg,g_986eed83a5135fe045b4789c,"[[123.333333,441.111111,146.666667,462.222222],[160.0,237.777778,195.555556,276.666667],[186.666667,251.111111,213.333333,275.555556],[245.555556,256.666667,395.555556,317.777778],[320.0,544.444444,342.222222,566.666667],[370.0,175.555556,395.555556,203.333333],[373.333333,586.666667,408.888889,612.222222],[456.666667,284.444444,484.444444,322.222222],[467.777778,206.666667,512.222222,253.333333],[475.555556,258.888889,504.444444,290.0],[488.888889,306.666667,523.333333,338.888889],[492.222222,262.222222,640.0,301.111111],[551.111111,558.888889,584.444444,592.222222],[577.777778,494.444444,603.333333,522.222222],[584.444444,516.666667,603.333333,538.888889]]","[[327.777778,197.777778,356.666667,225.555556],[345.555556,560.0,364.444444,581.111111],[381.111111,603.333333,417.777778,640.0],[400.0,210.0,456.666667,286.666667],[578.888889,190.0,614.444444,223.333333]]"
r_3c6f99e20fb83d76fe764f19,images/i_0add2f0c503795714abeee33.jpg,g_44d271278278e63b28fbdde4,[],"[[321.111111,290.0,386.666667,336.666667]]"
r_c90a6d09c867a52187ad8103,images/i_6f61618e2c7882b928771dc8.jpg,g_495fc3e5170e839c82003c16,"[[0.0,418.888889,58.888889,480.0],[63.333333,492.222222,86.666667,517.777778],[268.888889,296.666667,352.222222,374.444444],[350.0,108.888889,405.555556,174.444444]]","[[183.333333,140.0,303.333333,253.333333]]"
r_3807bcbc80c10d1bc536f057,images/i_006fe816ef5bac6e5b642a73.jpg,g_76fd581d6eae929ab928c164,[],"[[265.555556,250.0,326.666667,330.0]]"
r_8b954dfc1e01d0b0cfb0fff7,images/i_37a80aa41835ff088765f87e.jpg,g_0cfbea8000d5560ef52c095d,"[[262.222222,242.222222,284.444444,271.111111],[300.0,280.0,323.333333,303.333333],[412.222222,304.444444,447.777778,345.555556],[436.666667,566.666667,462.222222,600.0],[467.777778,392.222222,498.888889,417.777778]]","[[304.444444,253.333333,334.444444,282.222222],[321.111111,317.777778,375.555556,384.444444]]"
r_eac76bc853588d73dd3722e7,images/i_219006769f789d406d64b052.jpg,g_548716fabb146405ff0421e8,"[[51.111111,493.333333,84.444444,524.444444],[53.333333,557.777778,90.0,596.666667],[66.666667,126.666667,94.444444,155.555556],[81.111111,217.777778,104.444444,241.111111],[311.111111,311.111111,347.777778,343.333333]]","[[7.777778,205.555556,44.444444,244.444444],[32.222222,88.888889,67.777778,134.444444],[264.444444,444.444444,304.444444,471.111111],[293.333333,314.444444,322.222222,343.333333],[347.777778,343.333333,375.555556,374.444444],[362.222222,602.222222,383.333333,630.0],[420.0,488.888889,447.777778,517.777778]]"
r_4ebb7d5a740ba800ecdb08cf,images/i_cf5cf174ad75328fe082ab0b.jpg,g_f80a924dbeee6fe181643e62,[],"[[243.333333,282.222222,326.666667,363.333333]]"
r_0daf0e5ab24d03dbceb93464,images/i_c967d3ee5f233fc7d9b27d81.jpg,g_b41fd45db741a62cc11cd640,"[[287.777778,284.444444,311.111111,305.555556],[310.0,284.444444,343.333333,320.0],[358.888889,333.333333,390.0,361.111111],[614.444444,453.333333,640.0,484.444444]]","[[510.0,438.888889,541.111111,467.777778]]"
r_259dc1ef19dd0905682b7cc5,images/i_9960c3027b7af2e44089be2f.jpg,g_d53c0806a84d48de3a05f1f6,"[[292.222222,248.888889,406.666667,376.666667],[328.888889,487.777778,395.555556,554.444444],[358.888889,0.0,425.555556,185.555556]]","[[475.555556,432.222222,516.666667,485.555556]]"
r_22d8dd4c30293858173b04ba,images/i_05fd7d36283235da63749a3d.jpg,g_f26210b2ce81f13b891e97dd,[],"[[337.777778,272.222222,362.222222,300.0]]"
r_2dd01c475e25b050270140e7,images/i_e5ca78d154eba9a2fd02a076.jpg,g_d6cb9e1e058f0bc69cb8f2f2,"[[181.111111,618.888889,223.333333,640.0],[196.666667,285.555556,432.222222,392.222222],[196.666667,596.666667,236.666667,638.888889],[225.555556,438.888889,253.333333,480.0],[262.222222,352.222222,302.222222,394.444444],[303.333333,611.111111,328.888889,635.555556],[325.555556,613.333333,361.111111,640.0],[427.777778,123.333333,465.555556,170.0],[447.777778,500.0,473.333333,530.0],[513.333333,25.555556,582.222222,132.222222]]","[[140.0,121.111111,280.0,290.0],[156.666667,383.333333,214.444444,460.0],[175.555556,186.666667,198.888889,214.444444],[195.555556,137.777778,226.666667,168.888889],[198.888889,303.333333,240.0,344.444444],[245.555556,415.555556,280.0,452.222222],[248.888889,437.777778,406.666667,640.0],[292.222222,422.222222,378.888889,472.222222],[333.333333,0.0,397.777778,72.222222],[358.888889,505.555556,414.444444,546.666667],[417.777778,572.222222,481.111111,640.0],[423.333333,318.888889,461.111111,365.555556],[436.666667,157.777778,490.0,211.111111]]"
r_25536e2954484f47f4fcf37a,images/i_aceb05ba2e97858777a024d9.jpg,g_5c1373668118a2ecdb25dcce,"[[0.0,315.555556,37.777778,411.111111],[24.444444,581.111111,82.222222,637.777778],[112.222222,604.444444,173.333333,640.0],[128.888889,438.888889,152.222222,462.222222],[143.333333,503.333333,217.777778,545.555556],[173.333333,483.333333,201.111111,514.444444],[201.111111,500.0,252.222222,555.555556],[220.0,85.555556,247.777778,113.333333],[243.333333,168.888889,382.222222,422.222222],[281.111111,0.0,306.666667,24.444444],[282.222222,375.555556,306.666667,397.777778],[301.111111,260.0,328.888889,287.777778],[304.444444,448.888889,354.444444,497.777778],[317.777778,156.666667,350.0,190.0],[332.222222,168.888889,372.222222,228.888889],[358.888889,230.0,522.222222,278.888889],[372.222222,364.444444,398.888889,386.666667],[404.444444,448.888889,432.222222,481.111111],[410.0,395.555556,432.222222,417.777778],[418.888889,380.0,444.444444,407.777778],[428.888889,33.333333,464.444444,62.222222],[432.222222,365.555556,460.0,394.444444],[455.555556,478.888889,488.888889,508.888889]]","[[252.222222,415.555556,271.111111,436.666667],[432.222222,310.0,461.111111,343.333333],[458.888889,562.222222,482.222222,586.666667]]"
r_a674e51fd40f6eed5678fb6e,images/i_f4b61091a70ced78ae35e6a0.jpg,g_c96e38f77d47b4d3b2bb7261,"[[153.333333,258.888889,175.555556,286.666667],[166.666667,244.444444,194.444444,266.666667],[192.222222,130.0,222.222222,158.888889],[231.111111,550.0,257.777778,573.333333],[261.111111,38.888889,292.222222,72.222222],[266.666667,330.0,307.777778,366.666667],[288.888889,22.222222,321.111111,41.111111],[407.777778,288.888889,442.222222,311.111111],[421.111111,583.333333,463.333333,621.111111],[552.222222,544.444444,585.555556,583.333333]]","[[13.333333,540.0,45.555556,573.333333],[122.222222,0.0,156.666667,30.0],[158.888889,224.444444,188.888889,244.444444],[166.666667,303.333333,197.777778,324.444444],[251.111111,602.222222,280.0,626.666667],[362.222222,536.666667,404.444444,566.666667],[587.777778,191.111111,615.555556,224.444444],[618.888889,0.0,640.0,32.222222]]"
r_b2e0240a8614611f82600292,images/i_403a32bd72053c6e451c83a2.jpg,g_146012b47cdbc82cff624cd4,"[[0.0,368.888889,30.0,436.666667],[473.333333,144.444444,540.0,205.555556],[515.555556,408.888889,562.222222,453.333333]]","[[167.777778,273.333333,388.888889,393.333333],[498.888889,448.888889,593.333333,492.222222],[540.0,357.777778,574.444444,403.333333],[543.333333,388.888889,640.0,462.222222]]"
r_ed459e9f6f658570c1838d90,images/i_bda401b962f519ae8e394049.jpg,g_f21c32afa377934d1a668576,[],"[[267.777778,258.888889,332.222222,316.666667]]"
r_66528a7fc19ae10f59f8ffa8,images/i_fa692be8a6e9caf7450458fe.jpg,g_e945201141c5f419c16e09fd,"[[108.888889,360.0,137.777778,391.111111],[245.555556,285.555556,407.777778,410.0],[276.666667,136.666667,536.666667,346.666667],[385.555556,226.666667,491.111111,335.555556],[525.555556,115.555556,640.0,190.0],[532.222222,137.777778,551.111111,158.888889]]","[[0.0,432.222222,28.888889,454.444444],[0.0,487.777778,16.666667,523.333333],[22.222222,580.0,58.888889,606.666667],[56.666667,291.111111,163.333333,342.222222],[145.555556,360.0,171.111111,387.777778]]"
r_9818a2c8ceabadf30ff62e13,images/i_8446eee0f9ecea6bce6e856b.jpg,g_dd4b6c8d7a14241863f1910f,"[[283.333333,273.333333,322.222222,308.888889]]","[[252.222222,574.444444,294.444444,608.888889]]"
r_42ad929443e2d997235cb44a,images/i_3360f13a8e7bcd830ec599f0.jpg,g_45f9603b945f9ddbf464632f,[],"[[303.333333,297.777778,358.888889,353.333333]]"
r_5bc80def375ce34606f393e5,images/i_fb514cb346464b1ee5ca2f7a.jpg,g_3c0dfeffaa93e3887627bc47,"[[163.333333,271.111111,194.444444,310.0],[174.444444,314.444444,200.0,342.222222],[288.888889,236.666667,316.666667,270.0],[300.0,584.444444,327.777778,608.888889],[318.888889,313.333333,365.555556,355.555556],[383.333333,171.111111,411.111111,196.666667],[415.555556,302.222222,448.888889,323.333333],[526.666667,107.777778,548.888889,128.888889]]","[[192.222222,470.0,216.666667,490.0],[238.888889,401.111111,258.888889,423.333333]]"
r_0c8032bba562029a290b0599,images/i_35fa644cdac8be4cbc9a6f73.jpg,g_9fcf44edcc794f9a725aa4ef,"[[0.0,393.333333,45.555556,437.777778],[0.0,510.0,20.0,546.666667],[51.111111,511.111111,82.222222,548.888889],[51.111111,622.222222,86.666667,640.0],[93.333333,568.888889,134.444444,611.111111],[127.777778,571.111111,174.444444,617.777778],[148.888889,354.444444,184.444444,393.333333],[201.111111,144.444444,272.222222,208.888889],[248.888889,238.888889,446.666667,363.333333],[273.333333,178.888889,328.888889,234.444444],[301.111111,128.888889,368.888889,200.0],[317.777778,86.666667,350.0,114.444444],[321.111111,196.666667,356.666667,231.111111],[333.333333,231.111111,374.444444,270.0],[374.444444,197.777778,427.777778,253.333333],[397.777778,225.555556,444.444444,270.0],[580.0,64.444444,618.888889,91.111111],[614.444444,201.111111,640.0,234.444444],[616.666667,34.444444,640.0,73.333333]]","[[16.666667,431.111111,57.777778,470.0],[44.444444,478.888889,80.0,516.666667],[148.888889,166.666667,188.888889,197.777778],[172.222222,324.444444,210.0,363.333333],[181.111111,281.111111,225.555556,330.0]]"
r_b79ece96c4826b11d09970d8,images/i_c511aa3f0ff2ec84194f4859.jpg,g_d5a6f73a81daf08e1b467d5f,"[[0.0,101.111111,41.111111,144.444444],[0.0,213.333333,46.666667,257.777778],[11.111111,550.0,42.222222,585.555556],[107.777778,184.444444,134.444444,212.222222],[298.888889,245.555556,398.888889,328.888889],[306.666667,446.666667,340.0,475.555556],[364.444444,378.888889,387.777778,404.444444],[392.222222,535.555556,432.222222,581.111111],[396.666667,353.333333,418.888889,378.888889],[418.888889,231.111111,442.222222,256.666667]]","[[0.0,280.0,36.666667,327.777778],[0.0,434.444444,172.222222,632.222222],[32.222222,197.777778,58.888889,226.666667],[243.333333,556.666667,286.666667,600.0],[274.444444,392.222222,341.111111,445.555556],[327.777778,316.666667,363.333333,356.666667],[341.111111,461.111111,373.333333,491.111111],[355.555556,173.333333,383.333333,204.444444],[495.555556,115.555556,518.888889,140.0]]"
r_ae36f6a02dcab7d9c946851a,images/i_52494415cf5ac3f0edadf772.jpg,g_36f313abcc5aa53c9ff80ec5,"[[305.555556,307.777778,368.888889,363.333333],[382.222222,596.666667,428.888889,630.0],[467.777778,515.555556,495.555556,540.0]]","[[296.666667,257.777778,352.222222,302.222222]]"
r_bb8f2a5886ae7e13671ab6a4,images/i_ce79eeba5f855dbe9740ec88.jpg,g_c6a92d076cb394f8a8747b4e,"[[147.777778,173.333333,175.555556,193.333333],[211.111111,150.0,238.888889,178.888889],[230.0,414.444444,252.222222,442.222222],[263.333333,431.111111,285.555556,460.0],[288.888889,531.111111,383.333333,616.666667],[314.444444,321.111111,350.0,354.444444],[314.444444,406.666667,338.888889,431.111111],[348.888889,395.555556,372.222222,415.555556],[377.777778,426.666667,404.444444,453.333333],[400.0,456.666667,416.666667,476.666667],[415.555556,467.777778,444.444444,493.333333],[444.444444,462.222222,461.111111,484.444444],[561.111111,546.666667,604.444444,573.333333]]","[[330.0,451.111111,350.0,470.0],[521.111111,512.222222,561.111111,575.555556]]"
r_64508374b2ffb141325f2775,images/i_e56aa19f491ff866d4720dc2.jpg,g_b6f920436b9a428b73297028,"[[265.555556,174.444444,298.888889,206.666667],[302.222222,265.555556,325.555556,290.0]]","[[304.444444,282.222222,340.0,315.555556]]"
r_ba840e61958f2eef05b13b62,images/i_ac01a5e0562268245ee49c6b.jpg,g_8f2eaa224392e844aac89ed1,[],"[[278.888889,300.0,373.333333,371.111111]]"
r_e9f37acd0d811f6483deae9c,images/i_ee03e50afc75d9a3d5fccb74.jpg,g_4b3a4deefd231d65a6c61f5e,[],"[[326.666667,298.888889,382.222222,353.333333]]"
r_14d71d765853480b37344dd7,images/i_ef97ad810db08f0e45abe0a2.jpg,g_ba6e7e0f94fa8f8b65390c77,"[[81.111111,440.0,153.333333,623.333333],[237.777778,235.555556,404.444444,333.333333]]","[[307.777778,366.666667,332.222222,395.555556]]"
r_1781fb327e8ca21a04185cc9,images/i_303e12cfde616f87f5d8f46f.jpg,g_47c3435c5c27b818e0b6d9f8,"[[253.333333,325.555556,345.555556,382.222222],[354.444444,37.777778,391.111111,73.333333]]","[[161.111111,107.777778,181.111111,130.0],[394.444444,291.111111,416.666667,315.555556]]"
r_0818247f6f5751e7f88f909e,images/i_ebc1183e3133da912372ad70.jpg,g_15ee6bdec434a30a1c27101d,"[[196.666667,441.111111,227.777778,470.0],[246.666667,238.888889,283.333333,273.333333],[313.333333,42.222222,338.888889,64.444444]]","[[280.0,320.0,324.444444,364.444444]]"
r_87fdec17926ad3e0cfe3cec7,images/i_c7e3087539793c70be6a277f.jpg,g_736f1ad9814c9a488119a643,"[[246.666667,268.888889,383.333333,337.777778],[286.666667,337.777778,368.888889,387.777778]]","[[302.222222,174.444444,394.444444,267.777778]]"
r_952404099130a99f71186aa9,images/i_1e9a77a533664330631eaa77.jpg,g_cd2ef0422a57f279f0c6ffac,"[[254.444444,348.888889,282.222222,381.111111],[314.444444,293.333333,361.111111,336.666667],[321.111111,198.888889,535.555556,312.222222],[375.555556,256.666667,414.444444,288.888889],[434.444444,320.0,478.888889,362.222222],[451.111111,390.0,480.0,413.333333]]","[[204.444444,474.444444,253.333333,521.111111],[390.0,611.111111,430.0,640.0],[475.555556,401.111111,514.444444,433.333333],[483.333333,301.111111,524.444444,345.555556],[483.333333,373.333333,524.444444,405.555556]]"
r_32188bef12eb979b582eafff,images/i_be5dce575af4d83af9ade621.jpg,g_b4279552e702d5ed56cf6729,[],"[[306.666667,263.333333,382.222222,355.555556]]"
r_878acb235d08602be3f7b040,images/i_ea9dfe7bb935b8dda066d9d2.jpg,g_d53c0806a84d48de3a05f1f6,[],"[[305.555556,325.555556,366.666667,386.666667]]"
r_452b93a56e66f3eb127223bd,images/i_f33183385da987c7438a8571.jpg,g_d53c0806a84d48de3a05f1f6,"[[96.666667,236.666667,265.555556,431.111111],[291.111111,556.666667,380.0,640.0],[414.444444,293.333333,573.333333,397.777778]]","[[176.666667,223.333333,412.222222,451.111111],[320.0,400.0,492.222222,550.0],[384.444444,407.777778,506.666667,522.222222],[440.0,563.333333,575.555556,640.0]]"
r_96eacbfb258e25fb1e24f45e,images/i_c9c715a05e56d4a81814b805.jpg,g_53aa2c044134aff49aaaa298,"[[546.666667,14.444444,603.333333,64.444444]]","[[272.222222,265.555556,365.555556,315.555556]]"
r_e63bdc3edbe8abcf8acc188e,images/i_71006d4b2fbb48a6baf9bab9.jpg,g_90adb39f2860875dfb51dceb,"[[0.0,284.444444,51.111111,450.0],[502.222222,341.111111,640.0,394.444444]]","[[217.777778,34.444444,453.333333,120.0],[250.0,222.222222,442.222222,377.777778]]"
r_f997feaf5ef918879033d323,images/i_e9599b25fee0f42031133f52.jpg,g_85ed2208154a5815297446b0,[],"[[305.555556,311.111111,347.777778,361.111111]]"
r_af57625a62c17222cf0eec4a,images/i_a2b9d9a01b1a96614a32c9a8.jpg,g_d082e97aa6e2b874a3e154b2,[],"[[256.666667,320.0,338.888889,367.777778]]"
r_f1a74b3641c13713e3a30603,images/i_8820cdbf9a1e32d9c7dfa67c.jpg,g_52c4dfc1908e081c9ccd963a,[],"[[284.444444,335.555556,315.555556,364.444444]]"
r_944e6a3595eca14e91640438,images/i_aae65971f42391690accd89d.jpg,g_24bb95a7b91e90df1b79f3bf,[],"[[285.555556,263.333333,332.222222,315.555556]]"
r_d5781322c5da83e9126f8209,images/i_32d56dad8e36062689a32dde.jpg,g_5c1373668118a2ecdb25dcce,"[[151.111111,123.333333,361.111111,333.333333],[386.666667,601.111111,425.555556,640.0],[388.888889,174.444444,414.444444,204.444444],[531.111111,443.333333,603.333333,534.444444]]","[[173.333333,586.666667,212.222222,618.888889],[324.444444,442.222222,427.777778,511.111111],[333.333333,426.666667,358.888889,465.555556],[575.555556,585.555556,640.0,640.0]]"
r_5c58c3fcee6d4576ffed52a7,images/i_b41616c7e9b0315f7bdc8b21.jpg,g_153f2ceabbf7fb25df867ef6,"[[340.0,343.333333,392.222222,391.111111],[495.555556,510.0,550.0,556.666667],[568.888889,335.555556,616.666667,371.111111]]","[[75.555556,304.444444,143.333333,368.888889],[204.444444,385.555556,262.222222,441.111111],[295.555556,315.555556,367.777778,384.444444],[428.888889,402.222222,461.111111,440.0],[478.888889,378.888889,525.555556,410.0]]"
r_7ba598f018a6023402182e21,images/i_1eb0b89540be6ce744174a05.jpg,g_5c1373668118a2ecdb25dcce,"[[38.888889,0.0,81.111111,32.222222],[257.777778,617.777778,298.888889,640.0],[327.777778,312.222222,370.0,358.888889],[376.666667,0.0,478.888889,73.333333]]","[[280.0,555.555556,302.222222,575.555556],[612.222222,117.777778,632.222222,148.888889]]"
r_7708e1921f2b952fd4856757,images/i_041a83dd6ff9b86ba8d1023a.jpg,g_60311e780a136147b3e08279,"[[97.777778,262.222222,118.888889,285.555556],[268.888889,7.777778,296.666667,34.444444],[387.777778,531.111111,416.666667,564.444444]]","[[34.444444,82.222222,68.888889,117.777778],[254.444444,21.111111,284.444444,48.888889],[270.0,223.333333,315.555556,277.777778],[334.444444,330.0,367.777778,365.555556],[395.555556,511.111111,500.0,565.555556]]"
r_8ec91539c8aa6219434ddad4,images/i_0ae6acc5959ace3ac395d2e0.jpg,g_5c1373668118a2ecdb25dcce,"[[350.0,36.666667,380.0,70.0],[371.111111,38.888889,393.333333,75.555556],[418.888889,102.222222,474.444444,210.0],[421.111111,105.555556,443.333333,130.0],[428.888889,361.111111,516.666667,478.888889],[441.111111,550.0,581.111111,640.0]]","[[208.888889,332.222222,253.333333,378.888889],[258.888889,274.444444,316.666667,307.777778]]"
r_78b3ab38d27026d2de0cc49a,images/i_79ee608137a99f5f57050bd3.jpg,g_9fcf44edcc794f9a725aa4ef,"[[26.666667,0.0,68.888889,37.777778],[173.333333,228.888889,237.777778,293.333333],[203.333333,153.333333,253.333333,204.444444],[226.666667,187.777778,260.0,222.222222],[313.333333,306.666667,378.888889,387.777778],[321.111111,531.111111,381.111111,577.777778],[396.666667,380.0,445.555556,428.888889],[433.333333,445.555556,464.444444,471.111111],[455.555556,455.555556,482.222222,481.111111]]","[[387.777778,453.333333,436.666667,501.111111]]"
r_09b3cf96b39c9ae1d45456a6,images/i_a78d12af71ff8c80ea16cf6d.jpg,g_de9c8bc8431c17b37cfcb146,[],"[[343.333333,331.111111,367.777778,353.333333]]"
r_fd2fb54edbb49893948d042f,images/i_c37ac6627900b84c085262a7.jpg,g_5cbec34ec45decb5b2ed3683,"[[35.555556,103.333333,61.111111,142.222222],[100.0,185.555556,136.666667,213.333333],[131.111111,236.666667,168.888889,267.777778],[198.888889,205.555556,220.0,230.0]]","[[108.888889,217.777778,133.333333,250.0],[155.555556,264.444444,181.111111,285.555556],[330.0,335.555556,373.333333,376.666667]]"
r_4790020e96935b90abd506fe,images/i_5ee051fdbff81dcd63f4a077.jpg,g_a4210be79774593b4d46de0a,[],"[[265.555556,248.888889,418.888889,400.0]]"
r_3ec3f2f7236f2c4f8f427dea,images/i_84ba458c2e493bf8abe0dd3c.jpg,g_70af325bb5a7565601c5b1fb,"[[0.0,208.888889,73.333333,251.111111],[95.555556,402.222222,197.777778,473.333333],[97.777778,281.111111,153.333333,352.222222],[461.111111,527.777778,552.222222,632.222222]]","[[303.333333,290.0,402.222222,395.555556]]"
r_1308bb6ffcc0e121f029690e,images/i_1e9b8628a12f2213261c74a8.jpg,g_a82a49a6a0d728a0265ea05b,"[[227.777778,201.111111,261.111111,232.222222]]","[[255.555556,243.333333,350.0,337.777778]]"
r_2128e7ac0c5ddda987030f5b,images/i_2e6920a7a7edc21a01099fb5.jpg,g_9fcf44edcc794f9a725aa4ef,"[[16.666667,35.555556,71.111111,71.111111],[290.0,387.777778,345.555556,443.333333],[295.555556,115.555556,328.888889,148.888889],[310.0,293.333333,364.444444,348.888889],[323.333333,177.777778,367.777778,212.222222],[351.111111,234.444444,400.0,271.111111],[366.666667,386.666667,412.222222,423.333333],[396.666667,0.0,450.0,25.555556]]","[[115.555556,365.555556,153.333333,398.888889],[355.555556,420.0,381.111111,451.111111]]"
r_5c64a5984bacc25c3f0a05dc,images/i_5c372a34639afe0097c79063.jpg,g_9211f1a370d3940156018225,"[[20.0,405.555556,66.666667,466.666667],[33.333333,300.0,50.0,331.111111],[47.777778,256.666667,75.555556,285.555556],[57.777778,394.444444,82.222222,431.111111],[121.111111,388.888889,155.555556,424.444444],[193.333333,304.444444,221.111111,331.111111],[217.777778,78.888889,278.888889,154.444444],[218.888889,422.222222,252.222222,447.777778],[225.555556,607.777778,262.222222,640.0],[267.777778,82.222222,298.888889,116.666667],[311.111111,254.444444,345.555556,286.666667],[313.333333,292.222222,364.444444,370.0],[315.555556,541.111111,353.333333,574.444444],[318.888889,136.666667,361.111111,185.555556],[354.444444,405.555556,390.0,433.333333],[378.888889,347.777778,407.777778,364.444444],[385.555556,470.0,418.888889,502.222222],[424.444444,436.666667,456.666667,466.666667],[426.666667,292.222222,454.444444,316.666667],[476.666667,270.0,511.111111,302.222222],[498.888889,31.111111,532.222222,71.111111],[521.111111,518.888889,554.444444,550.0],[596.666667,308.888889,626.666667,347.777778],[610.0,198.888889,640.0,233.333333],[625.555556,222.222222,640.0,247.777778]]","[[6.666667,390.0,43.333333,431.111111],[33.333333,292.222222,55.555556,311.111111],[33.333333,375.555556,65.555556,408.888889],[81.111111,91.111111,123.333333,141.111111],[94.444444,363.333333,132.222222,403.333333],[113.333333,120.0,181.111111,177.777778],[121.111111,416.666667,152.222222,442.222222],[226.666667,341.111111,257.777778,361.111111],[237.777778,538.888889,260.0,563.333333],[253.333333,65.555556,281.111111,94.444444],[272.222222,134.444444,300.0,163.333333],[295.555556,292.222222,330.0,324.444444],[315.555556,455.555556,357.777778,500.0],[326.666667,505.555556,353.333333,533.333333],[347.777778,558.888889,387.777778,581.111111],[352.222222,516.666667,391.111111,547.777778],[356.666667,436.666667,385.555556,466.666667],[362.222222,453.333333,387.777778,481.111111],[380.0,441.111111,403.333333,470.0],[395.555556,262.222222,422.222222,288.888889],[397.777778,407.777778,436.666667,444.444444],[397.777778,442.222222,430.0,477.777778],[496.666667,527.777778,534.444444,568.888889],[573.333333,131.111111,610.0,162.222222],[578.888889,314.444444,606.666667,342.222222],[601.111111,148.888889,632.222222,175.555556]]"
r_d52c39bee03bedbaad06858a,images/i_542f8c42774d7d31f7055c85.jpg,g_cb72947b5686f3baba1f7986,"[[85.555556,268.888889,114.444444,298.888889],[231.111111,55.555556,258.888889,88.888889],[320.0,300.0,353.333333,337.777778],[392.222222,502.222222,420.0,530.0],[502.222222,330.0,538.888889,360.0],[513.333333,563.333333,538.888889,595.555556],[520.0,532.222222,542.222222,557.777778],[561.111111,122.222222,592.222222,152.222222],[575.555556,507.777778,605.555556,541.111111],[591.111111,356.666667,622.222222,387.777778],[624.444444,413.333333,640.0,440.0]]","[[397.777778,530.0,427.777778,562.222222],[450.0,293.333333,475.555556,316.666667],[485.555556,337.777778,513.333333,365.555556],[508.888889,304.444444,533.333333,330.0],[527.777778,324.444444,561.111111,357.777778],[614.444444,521.111111,640.0,557.777778],[616.666667,247.777778,640.0,282.222222]]"
r_8d3c22afe083228493bd8eaa,images/i_ecbc0bbb138131b73a06f1ee.jpg,g_ffa90c178359a98d23f9b712,"[[0.0,101.111111,94.444444,132.222222],[317.777778,231.111111,384.444444,295.555556]]","[[240.0,273.333333,425.555556,356.666667]]"
r_f34ef9772a5a29c3ce9841b2,images/i_742ab5a1f695a3dd1ff84086.jpg,g_737c098f2eaa8dbc653abe34,[],"[[336.666667,300.0,375.555556,335.555556]]"
r_d1e2a9d2236f56c887e1a4f6,images/i_f44b13838fb2329b1c4d2570.jpg,g_3e7f5d4c1b871125c1e99076,[],"[[274.444444,275.555556,330.0,331.111111]]"
r_87fbe799545fe4af96b8be93,images/i_c4453c5853622a3650c17d23.jpg,g_52a5a31a024c019749099b13,[],"[[298.888889,271.111111,337.777778,312.222222]]"
r_3855e3dd9ba8bec162f2ae87,images/i_4872e76ffc4d76a2eba99517.jpg,g_c024da279fbcd373eae3ebfb,"[[171.111111,301.111111,194.444444,323.333333],[216.666667,310.0,447.777778,360.0],[263.333333,287.777778,311.111111,323.333333],[296.666667,342.222222,330.0,376.666667]]","[[194.444444,213.333333,232.222222,245.555556],[410.0,171.111111,463.333333,232.222222]]"
r_cd4714c933926e9c099a45c7,images/i_9db48c98a375f8a9b1d79b67.jpg,g_5c1373668118a2ecdb25dcce,"[[40.0,524.444444,68.888889,553.333333],[48.888889,552.222222,74.444444,582.222222],[225.555556,251.111111,400.0,345.555556],[333.333333,612.222222,351.111111,634.444444],[367.777778,565.555556,390.0,591.111111]]","[[193.333333,407.777778,240.0,452.222222],[247.777778,375.555556,364.444444,474.444444]]"
r_6c736c59a12ef637afacb5fa,images/i_36e232a42ba9547342d7ff43.jpg,g_73c9cfb7a0e4fd20a4da1072,[],"[[321.111111,323.333333,353.333333,366.666667]]"
r_90685748d32254e5f4373a2a,images/i_72915194813d02fa3d921183.jpg,g_109f4846890ffea143facf71,"[[234.444444,312.222222,473.333333,397.777778]]","[[297.777778,552.222222,325.555556,574.444444]]"
r_9801676364b9024c044118f0,images/i_4a1abba90340c10cfbf3839d.jpg,g_26808958ac59704f654ca805,"[[160.0,402.222222,370.0,498.888889],[221.111111,207.777778,405.555556,391.111111]]","[[26.666667,366.666667,71.111111,405.555556]]"
r_9b7e56b58e07745c254a7df5,images/i_998906a3ee30fb380647f85e.jpg,g_146012b47cdbc82cff624cd4,"[[207.777778,227.777778,457.777778,396.666667],[375.555556,190.0,640.0,435.555556]]","[[505.555556,202.222222,598.888889,276.666667]]"
r_e7cbec280b30f30bf55b63ba,images/i_7ce2d126d326d8780146fe68.jpg,g_6badc004333368347e94e9ff,"[[281.111111,308.888889,314.444444,344.444444]]","[[316.666667,318.888889,338.888889,348.888889]]"
r_5a4a22a9e3619dd2ba3043be,images/i_e87630511c726b9ac97cc246.jpg,g_97708d237a2b75dbb2f531e5,"[[27.777778,0.0,108.888889,66.666667],[114.444444,52.222222,185.555556,121.111111],[115.555556,443.333333,143.333333,466.666667],[318.888889,326.666667,346.666667,358.888889]]","[[207.777778,6.666667,318.888889,116.666667],[365.555556,0.0,424.444444,54.444444]]"
r_66e48e9b2d7d92aa6a2322cb,images/i_e1c1066f7a9166aa4f540ce2.jpg,g_22e98dfea81ddd5d806b4742,"[[274.444444,327.777778,292.222222,348.888889],[285.555556,348.888889,307.777778,373.333333]]","[[303.333333,292.222222,334.444444,365.555556]]"
r_45d1a6bba92ee20b5359346b,images/i_3a8fad737324d4e3f73c4d26.jpg,g_d2462da5ee45bf6d8548d9c1,[],"[[281.111111,250.0,367.777778,408.888889]]"
r_b9ae776dbf3492368684c6c1,images/i_35c06bf3716c57eb68531953.jpg,g_58a4e5bac2f1ed154d9faa01,"[[150.0,304.444444,173.333333,322.222222],[317.777778,298.888889,345.555556,327.777778]]","[[146.666667,371.111111,173.333333,398.888889],[413.333333,198.888889,446.666667,228.888889]]"
r_633b5f92ba7feabb0ad95d8f,images/i_c6107e48b7296ffbfd00bd79.jpg,g_ba87be3352eeffda4dc03a29,"[[0.0,251.111111,35.555556,292.222222],[84.444444,153.333333,121.111111,191.111111],[123.333333,211.111111,160.0,257.777778],[216.666667,243.333333,254.444444,286.666667],[238.888889,438.888889,288.888889,472.222222],[240.0,112.222222,282.222222,153.333333],[305.555556,174.444444,338.888889,213.333333],[358.888889,62.222222,407.777778,122.222222],[366.666667,123.333333,392.222222,147.777778],[482.222222,267.777778,518.888889,301.111111],[486.666667,86.666667,520.0,120.0]]","[[40.0,355.555556,73.333333,391.111111],[117.777778,383.333333,161.111111,424.444444],[278.888889,142.222222,317.777778,176.666667],[292.222222,322.222222,347.777778,377.777778],[453.333333,354.444444,500.0,396.666667],[453.333333,435.555556,486.666667,472.222222]]"
r_5c923423d153eae3b415926f,images/i_4aa2237195f1000909ed1256.jpg,g_97708d237a2b75dbb2f531e5,"[[123.333333,132.222222,170.0,175.555556],[222.222222,136.666667,250.0,165.555556],[306.666667,290.0,390.0,400.0]]","[[262.222222,228.888889,284.444444,262.222222]]"
r_94a488c2f17e163e6fdf2470,images/i_91ce53de0b87bce25a3ec862.jpg,g_7d822a5e24314710e9cfac18,"[[296.666667,281.111111,331.111111,330.0],[371.111111,305.555556,395.555556,343.333333],[380.0,72.222222,413.333333,103.333333]]","[[482.222222,211.111111,508.888889,235.555556]]"
r_a175b9c11c5bea36ed008914,images/i_9af08a2d548057b52a85c0a3.jpg,g_d53c0806a84d48de3a05f1f6,"[[58.888889,11.111111,101.111111,32.222222],[115.555556,306.666667,174.444444,373.333333],[274.444444,291.111111,357.777778,385.555556],[305.555556,166.666667,347.777778,211.111111],[364.444444,415.555556,410.0,467.777778],[463.333333,406.666667,506.666667,447.777778]]","[[76.666667,274.444444,104.444444,297.777778]]"
r_53dd66b0447b566275e89ca2,images/i_3ad61eee83712d3dcbb8d35e.jpg,g_495fc3e5170e839c82003c16,"[[282.222222,475.555556,307.777778,497.777778],[318.888889,521.111111,341.111111,546.666667],[533.333333,506.666667,560.0,533.333333]]","[[271.111111,305.555556,321.111111,352.222222],[296.666667,431.111111,332.222222,464.444444],[335.555556,436.666667,363.333333,464.444444],[532.222222,542.222222,640.0,604.444444],[602.222222,175.555556,636.666667,207.777778]]"
r_718f8c1d2b818f6a700a33a4,images/i_108b60faf9ccf547b9361b84.jpg,g_6f8d8fcdce160f3fc3fd5cea,[],"[[280.0,305.555556,315.555556,343.333333]]"
r_0cbcd69f5b0e5b2135fd52ac,images/i_b9ea3f67efad65933762b78b.jpg,g_b5ef5cc30e187371926b3e73,"[[265.555556,265.555556,426.666667,326.666667]]","[[180.0,332.222222,406.666667,373.333333]]"
r_0915f720afec19adc6d0e884,images/i_97b807bf9f3859d4fd820a5c.jpg,g_d6cb9e1e058f0bc69cb8f2f2,"[[0.0,533.333333,37.777778,585.555556],[32.222222,548.888889,65.555556,572.222222],[65.555556,577.777778,90.0,607.777778],[106.666667,544.444444,148.888889,588.888889],[165.555556,565.555556,198.888889,602.222222],[235.555556,432.222222,365.555556,604.444444]]","[[0.0,437.777778,30.0,472.222222],[0.0,561.111111,21.111111,588.888889],[226.666667,246.666667,376.666667,452.222222]]"
r_0466df98e8a281cf793598d9,images/i_129ee5cf19b9d5652fb71b50.jpg,g_05692e9bd4cd70cde82f1eb8,"[[275.555556,292.222222,351.111111,405.555556]]","[[85.555556,202.222222,110.0,230.0]]"
r_f9438c0a9737d61cab13779f,images/i_da9394c07714d6b919bf623c.jpg,g_a4210be79774593b4d46de0a,[],"[[288.888889,296.666667,398.888889,357.777778]]"
r_3e72fac2e7bdcefc148ec1d9,images/i_25a8c116fcd9cecf07914825.jpg,g_d6cb9e1e058f0bc69cb8f2f2,"[[0.0,172.222222,46.666667,216.666667],[0.0,384.444444,48.888889,420.0],[2.222222,484.444444,63.333333,632.222222],[44.444444,310.0,71.111111,331.111111],[71.111111,601.111111,110.0,634.444444],[72.222222,182.222222,105.555556,212.222222],[87.777778,326.666667,143.333333,371.111111],[105.555556,93.333333,154.444444,152.222222],[121.111111,155.555556,160.0,188.888889],[121.111111,423.333333,168.888889,482.222222],[133.333333,293.333333,174.444444,331.111111],[135.555556,510.0,171.111111,543.333333],[137.777778,365.555556,157.777778,390.0],[163.333333,212.222222,191.111111,235.555556],[180.0,162.222222,215.555556,195.555556],[191.111111,510.0,210.0,534.444444],[198.888889,340.0,241.111111,384.444444],[198.888889,560.0,233.333333,593.333333],[210.0,205.555556,237.777778,228.888889],[235.555556,252.222222,452.222222,321.111111],[322.222222,0.0,370.0,32.222222],[371.111111,420.0,400.0,452.222222],[430.0,392.222222,452.222222,426.666667]]","[[35.555556,343.333333,80.0,371.111111],[52.222222,204.444444,82.222222,230.0],[82.222222,547.777778,124.444444,576.666667],[93.333333,293.333333,146.666667,331.111111],[96.666667,215.555556,124.444444,255.555556],[135.555556,320.0,180.0,362.222222],[160.0,190.0,193.333333,222.222222],[177.777778,186.666667,214.444444,215.555556],[227.777778,301.111111,260.0,342.222222],[232.222222,492.222222,257.777778,521.111111],[265.555556,332.222222,391.111111,408.888889],[307.777778,283.333333,402.222222,387.777778],[313.333333,536.666667,356.666667,578.888889],[373.333333,601.111111,408.888889,640.0],[398.888889,445.555556,460.0,501.111111]]"
r_2e422a91e5b9b71ae713c632,images/i_d5e25b5a5c464e1251dbd0b4.jpg,g_548716fabb146405ff0421e8,[],"[[324.444444,337.777778,350.0,368.888889]]"
r_d59bec9d76c8e90dce2b33bd,images/i_5db2b62c80d533b17a45acd5.jpg,g_60311e780a136147b3e08279,"[[204.444444,514.444444,237.777778,547.777778],[215.555556,338.888889,257.777778,387.777778],[218.888889,248.888889,243.333333,278.888889],[266.666667,311.111111,287.777778,334.444444],[276.666667,43.333333,312.222222,77.777778],[287.777778,262.222222,401.111111,316.666667],[413.333333,90.0,457.777778,126.666667],[467.777778,472.222222,486.666667,495.555556]]","[[171.111111,584.444444,257.777778,640.0],[398.888889,173.333333,424.444444,201.111111]]"
r_e76f1d410229018c80e78bc3,images/i_4680057841293c5be3739916.jpg,g_60311e780a136147b3e08279,[],"[[246.666667,260.0,374.444444,410.0]]"
r_f23bb5953918c914c171d317,images/i_86765c0e4c482aeebd0d3c9b.jpg,g_6782ab60ee5fb70e23d9ba83,"[[348.888889,315.555556,376.666667,342.222222],[445.555556,577.777778,471.111111,600.0]]","[[288.888889,312.222222,328.888889,361.111111]]"
r_83f26dc0f245c13c529fb684,images/i_ebb1e2bde3a22f956128f458.jpg,g_9fcf44edcc794f9a725aa4ef,"[[45.555556,184.444444,85.555556,222.222222],[56.666667,205.555556,102.222222,252.222222],[132.222222,518.888889,173.333333,567.777778],[135.555556,611.111111,175.555556,640.0],[154.444444,398.888889,187.777778,427.777778],[197.777778,17.777778,243.333333,58.888889],[214.444444,477.777778,241.111111,507.777778],[284.444444,333.333333,331.111111,376.666667]]","[[35.555556,311.111111,82.222222,350.0],[52.222222,405.555556,82.222222,435.555556],[164.444444,233.333333,204.444444,257.777778],[208.888889,500.0,242.222222,527.777778],[231.111111,476.666667,264.444444,515.555556],[263.333333,252.222222,361.111111,346.666667]]"
r_e620c0eb0dcf428cc3972a00,images/i_baa22d49c35b277686d055d1.jpg,g_e6281796d0f4b8fc643190b3,"[[0.0,576.666667,17.777778,606.666667],[285.555556,280.0,370.0,373.333333],[466.666667,405.555556,494.444444,430.0]]","[[355.555556,363.333333,403.333333,403.333333],[540.0,357.777778,571.111111,386.666667]]"
r_6079e093d45a6b7cbcc6c3f7,images/i_a889243fb60b6d58331ca5f8.jpg,g_b4c454603fbee2555a70c026,"[[0.0,123.333333,24.444444,161.111111],[227.777778,237.777778,291.111111,311.111111],[247.777778,573.333333,291.111111,610.0],[281.111111,377.777778,303.333333,410.0],[311.111111,317.777778,345.555556,350.0],[341.111111,356.666667,366.666667,377.777778],[350.0,420.0,400.0,470.0],[384.444444,401.111111,422.222222,438.888889],[388.888889,451.111111,510.0,547.777778],[396.666667,440.0,462.222222,497.777778],[415.555556,257.777778,493.333333,308.888889],[418.888889,358.888889,450.0,392.222222],[521.111111,426.666667,551.111111,454.444444],[521.111111,473.333333,562.222222,525.555556]]","[[56.666667,102.222222,103.333333,144.444444],[230.0,252.222222,387.777778,338.888889],[391.111111,605.555556,426.666667,636.666667]]"
r_e1a07f937f9b3590d484d95b,images/i_0405a5f42e39e27250906cc0.jpg,g_a95532e563b6ed8d303068c5,"[[274.444444,213.333333,361.111111,264.444444],[294.444444,303.333333,334.444444,345.555556],[344.444444,212.222222,374.444444,236.666667],[417.777778,314.444444,476.666667,355.555556]]","[[236.666667,505.555556,294.444444,561.111111],[245.555556,86.666667,272.222222,113.333333],[257.777778,336.666667,311.111111,384.444444],[283.333333,245.555556,377.777778,366.666667],[305.555556,592.222222,350.0,640.0],[377.777778,381.111111,428.888889,431.111111],[422.222222,397.777778,450.0,423.333333]]"
r_1d9fb0f2d0276a155f9486fc,images/i_f33b7f1eba4b49f9667a5280.jpg,g_548716fabb146405ff0421e8,"[[2.222222,228.888889,81.111111,308.888889],[37.777778,554.444444,75.555556,594.444444],[318.888889,337.777778,344.444444,370.0],[610.0,484.444444,637.777778,514.444444]]","[[300.0,240.0,408.888889,375.555556]]"
r_40a102e2ff5ba6ea84997415,images/i_0f66b4e1210d78863c7a7232.jpg,g_f4b15b4d2c7a1c49f9f0c269,"[[24.444444,11.111111,53.333333,74.444444],[100.0,0.0,141.111111,30.0],[321.111111,274.444444,367.777778,341.111111]]","[[238.888889,375.555556,283.333333,423.333333],[311.111111,88.888889,368.888889,152.222222],[366.666667,326.666667,416.666667,381.111111]]"
r_221a1ce5c3dc335e1a0084e9,images/i_f1b3ab0370a81737eef16f54.jpg,g_2a5616900e2d25e1d6bf7bf6,[],"[[400.0,355.555556,444.444444,443.333333]]"
r_f0f68f5edd6a08cb9f1cb281,images/i_abc2f89e0e3a773d12ac6ce7.jpg,g_2d8fcf969894eed25df4be6c,"[[256.666667,446.666667,284.444444,474.444444],[258.888889,417.777778,292.222222,451.111111],[292.222222,198.888889,330.0,232.222222],[306.666667,466.666667,334.444444,494.444444]]","[[246.666667,126.666667,270.0,155.555556],[274.444444,104.444444,302.222222,132.222222],[313.333333,287.777778,348.888889,324.444444],[316.666667,172.222222,344.444444,191.111111]]"
r_fb5b56ecdbe2d84f70559811,images/i_92361b4686c4b5d734c86ea3.jpg,g_dfcdb9f3eaade72b7aee0dae,"[[5.555556,147.777778,28.888889,170.0],[10.0,531.111111,37.777778,553.333333],[133.333333,91.111111,153.333333,110.0]]","[[335.555556,324.444444,357.777778,354.444444]]"
r_6e161a40af24c722fe4679da,images/i_2fb717654277457fbdfb0fe1.jpg,g_146012b47cdbc82cff624cd4,[],"[[250.0,327.777778,323.333333,374.444444]]"
r_6dc7115c6722b2bcab677a03,images/i_0d9f339af0504ee8ea35764f.jpg,g_c1ac33658239876d7b7692a9,"[[323.333333,310.0,374.444444,358.888889]]","[[388.888889,61.111111,448.888889,132.222222]]"
r_00599749392b49578dcb4976,images/i_0f87575225a1957eeb895121.jpg,g_d53c0806a84d48de3a05f1f6,[],"[[255.555556,321.111111,338.888889,354.444444]]"
r_d5bdef76c55e0a471ace8423,images/i_214de1031891cf9d7501ec54.jpg,g_ba6e7e0f94fa8f8b65390c77,"[[231.111111,490.0,274.444444,542.222222],[327.777778,210.0,363.333333,387.777778],[364.444444,187.777778,386.666667,207.777778],[397.777778,221.111111,418.888889,243.333333],[415.555556,11.111111,447.777778,35.555556],[418.888889,304.444444,448.888889,337.777778],[471.111111,600.0,524.444444,640.0],[492.222222,238.888889,514.444444,257.777778],[513.333333,430.0,540.0,458.888889],[514.444444,135.555556,555.555556,168.888889],[521.111111,377.777778,550.0,407.777778],[541.111111,526.666667,567.777778,555.555556],[542.222222,574.444444,580.0,615.555556],[560.0,302.222222,587.777778,330.0],[570.0,493.333333,601.111111,523.333333],[611.111111,225.555556,637.777778,254.444444]]","[[75.555556,196.666667,95.555556,216.666667],[223.333333,340.0,247.777778,360.0],[228.888889,44.444444,264.444444,80.0],[254.444444,470.0,284.444444,502.222222],[294.444444,556.666667,325.555556,586.666667],[397.777778,54.444444,421.111111,80.0],[441.111111,76.666667,472.222222,98.888889],[457.777778,471.111111,491.111111,511.111111],[460.0,171.111111,493.333333,207.777778],[466.666667,353.333333,488.888889,376.666667],[491.111111,135.555556,508.888889,157.777778],[494.444444,188.888889,524.444444,222.222222],[513.333333,481.111111,540.0,510.0],[584.444444,321.111111,623.333333,373.333333],[592.222222,234.444444,618.888889,263.333333]]"
r_7c16c823a6cd3c560e1a8dc7,images/i_83c3cad720a408e5bc076a9a.jpg,g_63a0200e0e708ab30df42a1e,[],"[[293.333333,290.0,340.0,332.222222]]"
r_c4befd4a035bb6cf3113a1b0,images/i_3868e796794d77c987603646.jpg,g_77d0c2859fc64cd9bfbd480e,[],"[[301.111111,327.777778,340.0,361.111111]]"
r_b51cf50291624cf624f0e6bb,images/i_5336c0eec078bdd36a2223a0.jpg,g_548716fabb146405ff0421e8,"[[307.777778,277.777778,344.444444,315.555556],[390.0,427.777778,426.666667,458.888889],[423.333333,331.111111,456.666667,366.666667],[472.222222,221.111111,506.666667,255.555556]]","[[297.777778,86.666667,350.0,118.888889],[361.111111,131.111111,410.0,187.777778],[412.222222,236.666667,450.0,274.444444],[552.222222,607.777778,595.555556,640.0]]"
r_1d65b5a0ed0c17a0b9c9361f,images/i_c601e4c03b7bf951b0512ba3.jpg,g_7a9c319df898a4d34e6f52ad,"[[74.444444,195.555556,111.111111,228.888889]]","[[262.222222,262.222222,365.555556,362.222222]]"
r_dbad6124cb0a501d507ce1dc,images/i_4bc63f9e8adfce2590c78606.jpg,g_548716fabb146405ff0421e8,"[[70.0,0.0,94.444444,22.222222],[355.555556,501.111111,386.666667,526.666667],[475.555556,40.0,500.0,66.666667]]","[[0.0,344.444444,35.555556,388.888889],[473.333333,174.444444,541.111111,304.444444],[521.111111,527.777778,548.888889,556.666667]]"
r_b975ac7157d7df0c8e675b63,images/i_667c0a166bc9e7b379e3bf5c.jpg,g_5c1373668118a2ecdb25dcce,"[[0.0,100.0,117.777778,186.666667],[2.222222,556.666667,25.555556,580.0],[18.888889,554.444444,43.333333,576.666667],[24.444444,582.222222,50.0,605.555556],[103.333333,304.444444,142.222222,337.777778],[131.111111,625.555556,156.666667,640.0],[140.0,371.111111,170.0,395.555556],[167.777778,100.0,196.666667,124.444444],[194.444444,404.444444,227.777778,437.777778],[222.222222,298.888889,246.666667,325.555556],[224.444444,70.0,263.333333,108.888889],[224.444444,346.666667,261.111111,374.444444],[246.666667,276.666667,450.0,395.555556],[263.333333,357.777778,292.222222,390.0],[273.333333,35.555556,297.777778,58.888889],[290.0,335.555556,335.555556,378.888889],[294.444444,10.0,334.444444,52.222222],[311.111111,114.444444,334.444444,136.666667],[317.777778,611.111111,348.888889,640.0],[355.555556,186.666667,455.555556,276.666667],[363.333333,0.0,424.444444,36.666667],[363.333333,130.0,396.666667,165.555556],[416.666667,85.555556,452.222222,107.777778],[424.444444,18.888889,477.777778,56.666667],[450.0,186.666667,530.0,280.0],[472.222222,66.666667,494.444444,111.111111]]","[[96.666667,515.555556,128.888889,541.111111],[133.333333,587.777778,164.444444,617.777778],[167.777778,153.333333,200.0,176.666667],[235.555556,92.222222,285.555556,142.222222],[251.111111,17.777778,274.444444,41.111111],[291.111111,88.888889,313.333333,111.111111],[452.222222,282.222222,494.444444,315.555556]]"
r_69810268811a413451ef86c6,images/i_8fea691ec59a00d5b5963f30.jpg,g_6badc004333368347e94e9ff,[],"[[224.444444,256.666667,372.222222,432.222222],[383.333333,314.444444,421.111111,353.333333]]"
r_9421fd71feedb3bf27f5644f,images/i_fbed529308d2c969e0db63d0.jpg,g_9b515d3089eb61142547d3f0,"[[233.333333,87.777778,270.0,128.888889],[244.444444,63.333333,266.666667,98.888889],[288.888889,351.111111,327.777778,390.0],[353.333333,331.111111,377.777778,362.222222],[402.222222,237.777778,435.555556,272.222222],[411.111111,384.444444,436.666667,408.888889],[488.888889,512.222222,525.555556,542.222222],[503.333333,534.444444,533.333333,558.888889],[617.777778,614.444444,640.0,640.0]]","[[115.555556,135.555556,158.888889,186.666667],[223.333333,0.0,260.0,35.555556],[315.555556,293.333333,370.0,351.111111],[352.222222,280.0,381.111111,312.222222]]"
r_88c86cf8ad851436dd12c2b5,images/i_8b6f9adb730e09d2dd426790.jpg,g_5c1373668118a2ecdb25dcce,"[[0.0,180.0,162.222222,248.888889],[28.888889,594.444444,61.111111,626.666667],[30.0,546.666667,66.666667,576.666667],[53.333333,578.888889,88.888889,616.666667],[137.777778,255.555556,188.888889,341.111111],[142.222222,470.0,198.888889,526.666667],[213.333333,523.333333,237.777778,551.111111],[255.555556,202.222222,313.333333,257.777778],[345.555556,196.666667,392.222222,241.111111],[380.0,180.0,413.333333,213.333333],[396.666667,230.0,430.0,252.222222],[493.333333,183.333333,537.777778,235.555556]]","[[52.222222,540.0,92.222222,584.444444],[87.777778,574.444444,116.666667,606.666667],[128.888889,588.888889,176.666667,633.333333],[198.888889,504.444444,221.111111,534.444444],[218.888889,322.222222,243.333333,344.444444],[246.666667,236.666667,331.111111,412.222222],[304.444444,212.222222,441.111111,270.0],[371.111111,58.888889,410.0,100.0],[428.888889,122.222222,454.444444,152.222222],[430.0,183.333333,460.0,211.111111],[430.0,246.666667,464.444444,280.0]]"
r_f41b224228c4e3d0bd693a33,images/i_3cd704cdd6e6c556bdd9a1fa.jpg,g_11503c2aa369a139662152e9,"[[267.777778,232.222222,340.0,367.777778]]","[[276.666667,134.444444,372.222222,213.333333]]"
r_fe6eec455a4d0b70d3cf422f,images/i_4b18fe43babe7b8477a155ea.jpg,g_bc930b282ae70bc7768a92af,"[[285.555556,320.0,323.333333,366.666667],[426.666667,320.0,462.222222,367.777778]]","[[261.111111,494.444444,288.888889,512.222222],[293.333333,467.777778,330.0,505.555556]]"
r_dc9f86a6cc1ca059049da4e3,images/i_0c1c22f8cfa350751a2ba347.jpg,g_e6281796d0f4b8fc643190b3,"[[48.888889,446.666667,74.444444,472.222222],[96.666667,0.0,127.777778,25.555556],[195.555556,576.666667,224.444444,600.0],[242.222222,491.111111,273.333333,521.111111]]","[[70.0,146.666667,93.333333,170.0],[326.666667,315.555556,360.0,344.444444]]"
r_4c87e45265b1856c9ba96c11,images/i_d611c45b1fb80116a11f82a4.jpg,g_d53c0806a84d48de3a05f1f6,"[[84.444444,344.444444,105.555556,370.0],[110.0,283.333333,135.555556,311.111111],[142.222222,523.333333,165.555556,547.777778],[167.777778,315.555556,271.111111,431.111111],[204.444444,247.777778,232.222222,278.888889],[205.555556,481.111111,231.111111,510.0],[271.111111,270.0,298.888889,303.333333],[487.777778,334.444444,544.444444,381.111111],[504.444444,453.333333,553.333333,500.0],[574.444444,511.111111,600.0,540.0]]","[[43.333333,395.555556,64.444444,421.111111],[286.666667,401.111111,312.222222,430.0],[322.222222,472.222222,347.777778,501.111111],[384.444444,478.888889,410.0,507.777778],[390.0,327.777778,428.888889,371.111111]]"
r_15b842923be0a0c246b823c0,images/i_5c4e67cf212978ec9fd7db28.jpg,g_e08d078b7366506501267c4e,"[[601.111111,352.222222,623.333333,394.444444]]","[[265.555556,317.777778,316.666667,367.777778],[333.333333,564.444444,362.222222,600.0],[572.222222,357.777778,610.0,395.555556],[573.333333,11.111111,596.666667,34.444444]]"
r_348ce308e8d3b2ccc4a50be2,images/i_dcc0e027c0ed56faef3840dd.jpg,g_986eed83a5135fe045b4789c,"[[211.111111,178.888889,238.888889,203.333333],[216.666667,194.444444,240.0,222.222222],[218.888889,304.444444,250.0,333.333333],[263.333333,331.111111,284.444444,352.222222],[277.777778,376.666667,302.222222,398.888889],[295.555556,170.0,330.0,201.111111],[335.555556,283.333333,374.444444,316.666667],[336.666667,151.111111,366.666667,173.333333],[357.777778,206.666667,383.333333,231.111111],[380.0,420.0,407.777778,450.0],[441.111111,284.444444,463.333333,315.555556],[441.111111,363.333333,463.333333,394.444444],[472.222222,348.888889,496.666667,391.111111],[491.111111,303.333333,516.666667,325.555556]]","[[281.111111,338.888889,307.777778,365.555556],[301.111111,431.111111,324.444444,454.444444],[611.111111,232.222222,633.333333,256.666667]]"
r_20d438a579861e4b0ce081c7,images/i_af8cc50bb57137433c2db806.jpg,g_4f8a47d873a44a66c738c7b2,"[[63.333333,115.555556,91.111111,143.333333],[97.777778,283.333333,131.111111,318.888889],[273.333333,307.777778,306.666667,332.222222],[466.666667,118.888889,497.777778,143.333333]]","[[294.444444,386.666667,322.222222,414.444444],[377.777778,577.777778,508.888889,640.0],[470.0,207.777778,497.777778,235.555556]]"
r_07229b6d127c8be4620ba65b,images/i_c202c60a5dbaeba26145b5d0.jpg,g_548716fabb146405ff0421e8,"[[136.666667,595.555556,170.0,635.555556],[157.777778,271.111111,188.888889,301.111111],[298.888889,526.666667,404.444444,587.777778],[322.222222,255.555556,371.111111,316.666667],[475.555556,66.666667,508.888889,105.555556]]","[[0.0,522.222222,25.555556,561.111111],[31.111111,267.777778,58.888889,300.0],[58.888889,346.666667,85.555556,375.555556],[171.111111,507.777778,195.555556,536.666667],[338.888889,13.333333,377.777778,53.333333],[436.666667,455.555556,472.222222,496.666667]]"
r_a608f1ead05faa4b4fb12963,images/i_aa9b480d5a3764864e6ef29f.jpg,g_355cdcee4ea37b9bc8e6bf16,"[[267.777778,295.555556,395.555556,398.888889],[477.777778,341.111111,507.777778,371.111111],[518.888889,76.666667,550.0,104.444444],[591.111111,321.111111,624.444444,351.111111]]","[[453.333333,387.777778,486.666667,432.222222]]"
r_f1c1dd707f09ad1b29f6cc39,images/i_7efce13330328344de045c61.jpg,g_986eed83a5135fe045b4789c,"[[0.0,28.888889,11.111111,51.111111],[222.222222,285.555556,257.777778,323.333333],[283.333333,280.0,312.222222,355.555556],[296.666667,606.666667,330.0,637.777778],[355.555556,326.666667,384.444444,345.555556],[355.555556,340.0,384.444444,367.777778],[432.222222,416.666667,461.111111,447.777778],[542.222222,536.666667,573.333333,564.444444],[565.555556,404.444444,611.111111,444.444444]]","[[13.333333,12.222222,35.555556,35.555556],[180.0,287.777778,216.666667,322.222222],[288.888889,348.888889,321.111111,377.777778],[468.888889,145.555556,498.888889,171.111111]]"
r_d271f161fa9d1ce429e351fe,images/i_c185db20ee38dc78d87028a4.jpg,g_79462de03b585b4bede00486,[],"[[333.333333,273.333333,372.222222,312.222222]]"
r_fd2a4c1017e4db221ff25cb6,images/i_862750688059201f6bb4b608.jpg,g_f479516160c7a6f8f937fd7d,[],"[[316.666667,286.666667,372.222222,342.222222]]"
r_8cebcce6b671dc3fbaf62d06,images/i_3cc613bb7afd047e20049fe6.jpg,g_153f2ceabbf7fb25df867ef6,"[[242.222222,291.111111,333.333333,368.888889]]","[[576.666667,391.111111,640.0,443.333333]]"
r_ea4215c71f74ed54fa3e741d,images/i_9bc2a5c5d0a9be07a664a01f.jpg,g_34069ada4455e034b50c9255,"[[0.0,517.777778,23.333333,556.666667],[1.111111,526.666667,41.111111,571.111111],[50.0,582.222222,95.555556,630.0],[63.333333,468.888889,85.555556,493.333333],[152.222222,557.777778,184.444444,598.888889],[165.555556,530.0,201.111111,565.555556],[176.666667,238.888889,206.666667,264.444444],[206.666667,324.444444,234.444444,345.555556],[242.222222,166.666667,274.444444,198.888889],[286.666667,332.222222,314.444444,357.777778],[301.111111,277.777778,332.222222,307.777778],[326.666667,265.555556,373.333333,326.666667],[342.222222,238.888889,375.555556,266.666667],[495.555556,13.333333,531.111111,50.0],[560.0,63.333333,640.0,226.666667]]","[[27.777778,546.666667,52.222222,574.444444],[45.555556,571.111111,78.888889,607.777778],[85.555556,446.666667,115.555556,482.222222],[135.555556,543.333333,175.555556,574.444444],[226.666667,515.555556,253.333333,541.111111],[347.777778,587.777778,381.111111,624.444444],[423.333333,212.222222,486.666667,268.888889]]"
r_9940e0ced4c4f7834738d964,images/i_e0ee96552b686287b534c70a.jpg,g_1ec0632eababcf044b2c5bb3,"[[295.555556,294.444444,397.777778,388.888889]]","[[145.555556,196.666667,182.222222,227.777778]]"
r_0d783a5fb5960331259022bd,images/i_d6015d5dbf9d9aaf8f371cc5.jpg,g_26808958ac59704f654ca805,"[[222.222222,392.222222,252.222222,424.444444]]","[[286.666667,185.555556,433.333333,375.555556]]"
r_85e359903da33026eea1ab9d,images/i_54a10706bde4a18bc6b026ba.jpg,g_a70e5ed0dc6a7d30a3db8c75,"[[23.333333,158.888889,53.333333,192.222222],[136.666667,151.111111,158.888889,175.555556],[215.555556,244.444444,263.333333,313.333333],[267.777778,262.222222,306.666667,298.888889],[313.333333,283.333333,337.777778,310.0]]","[[57.777778,191.111111,91.111111,225.555556],[126.666667,233.333333,188.888889,287.777778]]"
r_4732106d103ef13df6933e7c,images/i_32af4f633546f6582080828b.jpg,g_e7794f96fa0c593133a89d90,"[[157.777778,316.666667,201.111111,346.666667]]","[[317.777778,330.0,367.777778,374.444444]]"
r_3de3775c927a17d51ff7c17b,images/i_db38868c7090c7d6a2b65c79.jpg,g_c9545e3fb6e174332f462924,[],"[[330.0,302.222222,357.777778,330.0]]"
r_664795540f488537683275f8,images/i_c68c0eb10efb6df4ccef2729.jpg,g_f4e8fc7c0392c04cc48d8952,[],"[[308.888889,263.333333,364.444444,317.777778]]"
r_83f9c09cf767ebca7c5f29cd,images/i_62302ce21a2103ca8931aed5.jpg,g_f80a924dbeee6fe181643e62,[],"[[313.333333,293.333333,353.333333,335.555556]]"
r_2152dd56749cfce653a566c5,images/i_08f95f53aec352380c765304.jpg,g_a70e5ed0dc6a7d30a3db8c75,"[[142.222222,236.666667,497.777778,331.111111]]","[[210.0,221.111111,260.0,303.333333]]"
r_4aa1087b35ca3b9855e18d60,images/i_5321cd97b1bcc3a5a0ffb4c4.jpg,g_1b1f0d440141117fefd1107a,[],"[[164.444444,304.444444,480.0,360.0]]"
r_825b8a8224d9a17263810b67,images/i_672d6588bc1a5498f7a3032e.jpg,g_986eed83a5135fe045b4789c,"[[0.0,2.222222,76.666667,70.0],[0.0,302.222222,48.888889,363.333333],[30.0,326.666667,57.777778,354.444444],[60.0,170.0,106.666667,207.777778],[75.555556,328.888889,140.0,380.0],[97.777778,297.777778,140.0,341.111111],[161.111111,224.444444,188.888889,252.222222],[228.888889,92.222222,288.888889,157.777778],[283.333333,213.333333,333.333333,285.555556],[407.777778,278.888889,446.666667,318.888889],[446.666667,61.111111,480.0,92.222222],[563.333333,21.111111,591.111111,47.777778],[597.777778,48.888889,640.0,86.666667]]","[[35.555556,283.333333,83.333333,320.0],[52.222222,464.444444,90.0,510.0],[120.0,0.0,173.333333,22.222222],[151.111111,5.555556,213.333333,38.888889],[313.333333,296.666667,394.444444,368.888889]]"
r_18b1f7e17f0cbf8ddec74377,images/i_76641d7705128ca147f34d62.jpg,g_7ff694f5713c1a79eafd230c,"[[251.111111,258.888889,290.0,276.666667],[295.555556,278.888889,334.444444,312.222222],[345.555556,65.555556,378.888889,96.666667]]","[[426.666667,57.777778,454.444444,87.777778]]"
r_8606d0307c43efa52bfef7a4,images/i_af35d622807830c491565ec9.jpg,g_cf9939c3fb1ecc83391114fe,[],"[[284.444444,242.222222,362.222222,368.888889]]"
r_4f2ed91a3b80066225fa2206,images/i_8f743628c61680fbbf302dd0.jpg,g_6f69c41f7d219e43a3afa384,[],"[[281.111111,175.555556,345.555556,435.555556]]"
r_6d08c0e361fa832adc710fb9,images/i_1295ab837d2c71948cd7c475.jpg,g_f80a924dbeee6fe181643e62,"[[527.777778,135.555556,558.888889,174.444444]]","[[292.222222,277.777778,335.555556,322.222222],[401.111111,230.0,434.444444,263.333333]]"
r_602a817df1dc1de574bfb5e0,images/i_a81bc1efa654871a63a73081.jpg,g_153f2ceabbf7fb25df867ef6,"[[324.444444,295.555556,360.0,317.777778],[331.111111,564.444444,367.777778,598.888889],[466.666667,404.444444,504.444444,445.555556],[557.777778,371.111111,587.777778,400.0]]","[[394.444444,90.0,427.777778,132.222222],[433.333333,15.555556,468.888889,52.222222]]"
r_09a8da47debf07b0d7757691,images/i_37e079a401c49ce2d3a6542d.jpg,g_146dc2b2eee78be8868b9575,"[[0.0,376.666667,22.222222,411.111111],[30.0,441.111111,56.666667,472.222222],[106.666667,532.222222,133.333333,560.0],[108.888889,554.444444,136.666667,586.666667],[162.222222,214.444444,194.444444,252.222222],[218.888889,526.666667,244.444444,551.111111],[224.444444,556.666667,251.111111,580.0],[225.555556,576.666667,251.111111,602.222222],[256.666667,556.666667,280.0,591.111111],[324.444444,288.888889,363.333333,327.777778]]","[[42.222222,404.444444,72.222222,438.888889],[147.777778,247.777778,170.0,268.888889],[151.111111,317.777778,173.333333,343.333333],[173.333333,528.888889,197.777778,554.444444],[257.777778,321.111111,286.666667,355.555556]]"
r_eda358331c8a4bcfd26f1558,images/i_bdbe10ce3f3bb2fdd3d0b639.jpg,g_0235d1a86cf53fa9bcc317ac,[],"[[285.555556,304.444444,352.222222,360.0]]"
r_f06a4442a7fee736382b8263,images/i_adc3d76fc2ab2222b86b05bd.jpg,g_dfcdb9f3eaade72b7aee0dae,"[[297.777778,288.888889,350.0,327.777778],[325.555556,357.777778,350.0,378.888889],[548.888889,204.444444,585.555556,226.666667]]","[[117.777778,523.333333,137.777778,551.111111],[447.777778,218.888889,475.555556,241.111111]]"
r_12ec21083ed061aeb2af8d23,images/i_749cd903f877281b8e8ef549.jpg,g_5c1373668118a2ecdb25dcce,"[[54.444444,312.222222,85.555556,413.333333],[137.777778,37.777778,165.555556,71.111111]]","[[221.111111,485.555556,260.0,524.444444],[287.777778,303.333333,342.222222,370.0]]"
r_a290a94ce6214a42c6b1a0db,images/i_2a44ecef25fa4909902d1fd0.jpg,g_da96a0749494b37993c877e7,"[[300.0,232.222222,364.444444,297.777778]]","[[222.222222,321.111111,295.555556,388.888889],[267.777778,292.222222,353.333333,364.444444]]"
r_9456e69c535c6dc228648ff6,images/i_0e45c3ed9a596045d8d5c18e.jpg,g_c96e38f77d47b4d3b2bb7261,"[[0.0,114.444444,30.0,156.666667],[0.0,214.444444,111.111111,506.666667],[0.0,255.555556,10.0,285.555556],[26.666667,558.888889,50.0,583.333333],[32.222222,272.222222,64.444444,296.666667],[95.555556,335.555556,121.111111,363.333333],[163.333333,322.222222,198.888889,361.111111],[188.888889,555.555556,212.222222,577.777778],[196.666667,461.111111,226.666667,494.444444],[227.777778,450.0,262.222222,482.222222],[248.888889,464.444444,278.888889,503.333333],[301.111111,420.0,328.888889,454.444444],[384.444444,458.888889,410.0,492.222222]]","[[30.0,618.888889,72.222222,640.0],[48.888889,505.555556,76.666667,537.777778],[63.333333,332.222222,94.444444,368.888889],[76.666667,397.777778,135.555556,463.333333],[272.222222,286.666667,425.555556,425.555556],[317.777778,607.777778,348.888889,640.0],[390.0,286.666667,432.222222,328.888889],[436.666667,436.666667,470.0,472.222222],[500.0,593.333333,538.888889,621.111111],[606.666667,543.333333,632.222222,571.111111]]"
r_c0944ef0346600aa52c5d185,images/i_81354fff951fecba4144a083.jpg,g_0a629472bcc43880721e264b,[],"[[257.777778,258.888889,433.333333,407.777778]]"
r_c365be8d89547901aa49399d,images/i_3910814ebb10045e4b97453f.jpg,g_a8e6e85e214208f83abba24a,"[[47.777778,0.0,145.555556,76.666667],[107.777778,252.222222,277.777778,293.333333],[116.666667,23.333333,161.111111,54.444444],[130.0,304.444444,487.777778,395.555556],[256.666667,236.666667,520.0,303.333333]]","[[456.666667,154.444444,601.111111,370.0]]"
r_d599f19ba5ebaeb5850b32ff,images/i_206a249c8d7e145ed19cfc76.jpg,g_00a2705ceabce754e7a07e41,[],"[[284.444444,221.111111,426.666667,421.111111]]"
r_200112e91be8e0a428da25e6,images/i_8018574f311828bead8a4b30.jpg,g_ce13e71e2fcafc528a00bae7,"[[22.222222,97.777778,52.222222,120.0],[85.555556,118.888889,118.888889,147.777778],[206.666667,265.555556,235.555556,298.888889],[594.444444,37.777778,615.555556,62.222222]]","[[31.111111,34.444444,52.222222,53.333333],[60.0,46.666667,87.777778,74.444444],[317.777778,313.333333,373.333333,368.888889]]"
r_7bd4aa58922cc386df51eeef,images/i_56840f11812ed173ac87704e.jpg,g_06759fdff160cb2d240d218c,[],"[[285.555556,287.777778,324.444444,323.333333]]"
r_19a98afde4df398e1fcee446,images/i_9a21f4d6518020f037692ca0.jpg,g_cd2ef0422a57f279f0c6ffac,"[[312.222222,300.0,376.666667,357.777778]]","[[548.888889,0.0,610.0,46.666667]]"
r_e3ef6bde525e1dfdf5e84c27,images/i_84bfe96cde11727bc6c49514.jpg,g_3b2fb0d541f33400c10951d1,[],"[[287.777778,261.111111,334.444444,307.777778]]"
r_563f338c84e1e36b11555936,images/i_54f88bf67585ac9345b54b0b.jpg,g_850a903ad1d8c58061c45f47,"[[298.888889,290.0,331.111111,325.555556],[410.0,384.444444,640.0,532.222222]]","[[192.222222,140.0,224.444444,175.555556]]"
r_6810598176c2408ac4c4998a,images/i_06b9b8154581e51acac3f7d6.jpg,g_bf40289918a132528c415b4e,[],"[[297.777778,303.333333,318.888889,327.777778]]"
r_51d799ef221186f3b59d24cf,images/i_e07c41b58d87983687b71a37.jpg,g_146dc2b2eee78be8868b9575,"[[265.555556,44.444444,291.111111,71.111111],[306.666667,333.333333,331.111111,356.666667],[351.111111,294.444444,377.777778,322.222222],[361.111111,280.0,401.111111,318.888889],[381.111111,356.666667,412.222222,383.333333],[384.444444,272.222222,406.666667,297.777778],[397.777778,430.0,442.222222,463.333333],[402.222222,405.555556,442.222222,441.111111],[405.555556,341.111111,450.0,387.777778]]","[[158.888889,114.444444,193.333333,151.111111],[224.444444,0.0,253.333333,16.666667],[240.0,8.888889,265.555556,35.555556],[253.333333,26.666667,278.888889,53.333333],[267.777778,285.555556,317.777778,333.333333],[390.0,380.0,423.333333,413.333333],[436.666667,332.222222,464.444444,361.111111]]"
r_9661446c76ea468711c8800d,images/i_3d9badcda38a9949bf13758b.jpg,g_146012b47cdbc82cff624cd4,"[[126.666667,191.111111,303.333333,396.666667],[134.444444,474.444444,210.0,541.111111],[145.555556,154.444444,228.888889,224.444444],[217.777778,410.0,314.444444,495.555556],[256.666667,157.777778,440.0,474.444444],[512.222222,163.333333,583.333333,274.444444]]","[[234.444444,130.0,347.777778,237.777778]]"
r_9ad687be2b680d28360c2930,images/i_94855a677d3540e41235e2be.jpg,g_3e7f5d4c1b871125c1e99076,"[[75.555556,387.777778,163.333333,434.444444],[283.333333,286.666667,372.222222,373.333333],[396.666667,7.777778,481.111111,96.666667]]","[[321.111111,42.222222,370.0,96.666667],[364.444444,33.333333,383.333333,52.222222],[517.777778,240.0,640.0,280.0]]"
r_cef06f987f0f36474b8ddabc,images/i_4dffc4d9a90d891b34d3d644.jpg,g_1b1f0d440141117fefd1107a,[],"[[312.222222,252.222222,377.777778,328.888889]]"
r_c1327b5227fbe93280a38357,images/i_c32eed2763ca9af481474924.jpg,g_fbb7215b901b25b75ee7c6c4,"[[267.777778,274.444444,306.666667,316.666667]]","[[391.111111,34.444444,412.222222,54.444444]]"
r_741b146551ee6433f07ed0e6,images/i_da4b3a20955b54147a7afe88.jpg,g_986eed83a5135fe045b4789c,"[[51.111111,217.777778,78.888889,243.333333],[286.666667,194.444444,317.777778,225.555556],[294.444444,106.666667,318.888889,138.888889],[324.444444,260.0,352.222222,288.888889],[338.888889,214.444444,363.333333,238.888889],[377.777778,106.666667,405.555556,134.444444],[447.777778,193.333333,476.666667,223.333333],[507.777778,316.666667,541.111111,342.222222],[513.333333,301.111111,541.111111,325.555556],[530.0,261.111111,550.0,290.0],[571.111111,0.0,600.0,32.222222],[591.111111,305.555556,613.333333,336.666667]]","[[300.0,286.666667,355.555556,342.222222],[415.555556,58.888889,450.0,82.222222],[444.444444,214.444444,474.444444,243.333333],[444.444444,267.777778,471.111111,298.888889],[483.333333,203.333333,521.111111,236.666667],[485.555556,265.555556,502.222222,283.333333],[493.333333,256.666667,516.666667,277.777778],[613.333333,343.333333,640.0,373.333333]]"
r_653aa08c6a9d060ea9b66a71,images/i_fb4d9f41feabed6f820ad66c.jpg,g_2d8fcf969894eed25df4be6c,"[[472.222222,275.555556,496.666667,301.111111],[516.666667,370.0,553.333333,411.111111]]","[[214.444444,236.666667,254.444444,270.0],[266.666667,310.0,327.777778,390.0],[397.777778,186.666667,427.777778,223.333333],[524.444444,341.111111,544.444444,381.111111],[600.0,128.888889,640.0,164.444444]]"
r_c409534862bf2d6b1593f2bf,images/i_7e7f9eb3176c28bf8a4a0e27.jpg,g_f1cbae0626c27c37bea3d945,"[[342.222222,622.222222,372.222222,640.0]]","[[312.222222,327.777778,347.777778,366.666667]]"
r_c0d8e4dc12a95a084c169b43,images/i_fae7db2acafcbb3cf8276cd9.jpg,g_35340ca7eb897fe0da902590,"[[154.444444,185.555556,260.0,228.888889],[186.666667,214.444444,520.0,364.444444],[194.444444,262.222222,250.0,308.888889]]","[[282.222222,284.444444,322.222222,323.333333]]"
r_b291f588aaa44ee913978313,images/i_8f74f6fd1d8f03a640c5f02b.jpg,g_5cff7f74e6e249eb45ac9f05,[],"[[287.777778,307.777778,321.111111,343.333333]]"
r_574a41d57836c6f8b51b3315,images/i_800f0d19c17d944cf5a83c87.jpg,g_29fea756161746c27e6a7ded,[],"[[333.333333,317.777778,364.444444,345.555556]]"
r_ded8735f672dd847b026a73a,images/i_d32fad259e4ba56c935e1bee.jpg,g_c96e38f77d47b4d3b2bb7261,"[[12.222222,274.444444,34.444444,301.111111],[126.666667,515.555556,162.222222,543.333333],[133.333333,478.888889,158.888889,506.666667],[165.555556,240.0,191.111111,267.777778],[198.888889,78.888889,224.444444,106.666667],[202.222222,143.333333,227.777778,170.0],[236.666667,97.777778,262.222222,125.555556],[250.0,300.0,276.666667,326.666667],[250.0,563.333333,278.888889,588.888889],[298.888889,318.888889,323.333333,348.888889],[375.555556,621.111111,407.777778,640.0],[443.333333,177.777778,477.777778,206.666667],[510.0,403.333333,545.555556,453.333333],[573.333333,626.666667,600.0,640.0]]","[[35.555556,56.666667,64.444444,83.333333],[91.111111,386.666667,122.222222,414.444444],[127.777778,176.666667,156.666667,206.666667],[154.444444,521.111111,178.888889,548.888889],[284.444444,585.555556,316.666667,621.111111],[340.0,585.555556,375.555556,628.888889],[432.222222,543.333333,462.222222,580.0],[451.111111,546.666667,478.888889,574.444444],[583.333333,342.222222,613.333333,382.222222]]"
r_de21aa2f74a9087e20f3929d,images/i_efad2df5ec97effdc16ef9d1.jpg,g_58f1a79d8ccb1ac2cbbabfd1,"[[0.0,0.0,86.666667,126.666667],[163.333333,212.222222,186.666667,236.666667],[191.111111,287.777778,223.333333,316.666667],[191.111111,354.444444,277.777778,508.888889],[197.777778,492.222222,304.444444,537.777778],[308.888889,505.555556,328.888889,525.555556],[314.444444,622.222222,344.444444,640.0],[330.0,588.888889,357.777778,614.444444],[360.0,503.333333,434.444444,570.0],[576.666667,68.888889,640.0,141.111111]]","[[66.666667,533.333333,124.444444,573.333333],[158.888889,0.0,350.0,408.888889],[363.333333,592.222222,396.666667,616.666667],[374.444444,525.555556,396.666667,544.444444]]"
r_102d41302d3c0a308999b638,images/i_691b10278672e3e1ecc502ab.jpg,g_b530884cc2bafaea79371b99,"[[451.111111,114.444444,508.888889,181.111111]]","[[312.222222,274.444444,388.888889,380.0]]"
r_28997a6ada0de725b702d9a0,images/i_c9301752313b4ea85644f21d.jpg,g_d53c0806a84d48de3a05f1f6,"[[0.0,185.555556,22.222222,261.111111],[0.0,584.444444,110.0,640.0],[230.0,497.777778,430.0,640.0],[268.888889,150.0,396.666667,488.888889],[274.444444,261.111111,338.888889,388.888889],[284.444444,94.444444,317.777778,133.333333],[290.0,0.0,320.0,33.333333],[317.777778,284.444444,360.0,322.222222],[341.111111,444.444444,385.555556,483.333333],[372.222222,483.333333,400.0,514.444444],[427.777778,488.888889,455.555556,533.333333],[572.222222,315.555556,607.777778,350.0]]","[[376.666667,245.555556,482.222222,314.444444],[487.777778,600.0,511.111111,636.666667],[563.333333,265.555556,583.333333,292.222222]]"
r_c276acb12dc5a2611892d62f,images/i_99e9f39278ac25493cd8ee6a.jpg,g_153f2ceabbf7fb25df867ef6,"[[285.555556,295.555556,357.777778,392.222222]]","[[501.111111,461.111111,534.444444,500.0]]"
r_01b3e64c65def48709590ba6,images/i_ff54394f5f2d3a611a8a844b.jpg,g_ea61804ec1b67732d75ad156,[],"[[580.0,301.111111,626.666667,352.222222]]"
r_d9663c1e310051a0c3d76208,images/i_21fa930fbd342565d2e92840.jpg,g_a525ec32c239c64fd691dc72,[],"[[196.666667,216.666667,396.666667,433.333333]]"
r_166746e724ef997eb16c580d,images/i_0a300cc4c7b533c489d6c63d.jpg,g_0f3acf4fe96ef13cee00a326,"[[278.888889,8.888889,306.666667,36.666667],[355.555556,388.888889,382.222222,414.444444]]","[[286.666667,351.111111,305.555556,368.888889],[302.222222,325.555556,337.777778,358.888889]]"
r_673f9c2aafaa987073dc0bb7,images/i_29d1d66163e19feca75c5b42.jpg,g_495fc3e5170e839c82003c16,[],"[[126.666667,2.222222,172.222222,40.0],[298.888889,246.666667,398.888889,430.0]]"
r_9616a356effd198786e2d6e4,images/i_c51abbec7f1f7a6929a7a008.jpg,g_b6f920436b9a428b73297028,"[[25.555556,240.0,136.666667,337.777778],[201.111111,278.888889,473.333333,403.333333],[287.777778,45.555556,315.555556,67.777778],[346.666667,154.444444,384.444444,202.222222],[355.555556,17.777778,384.444444,46.666667],[375.555556,146.666667,501.111111,257.777778]]","[[0.0,271.111111,51.111111,361.111111],[223.333333,113.333333,407.777778,248.888889],[240.0,93.333333,273.333333,123.333333]]"
r_da03657b523dfb54b9b0c3cd,images/i_88ec043f5d262f92972ebea8.jpg,g_c2b41f46dc3fa2d486c1b0a8,[],"[[277.777778,325.555556,313.333333,364.444444]]"
r_70340346bea8b32e7f7d7be7,images/i_c3d62904602f8c75bca78768.jpg,g_d53c0806a84d48de3a05f1f6,[],"[[308.888889,298.888889,352.222222,342.222222]]"
r_da7a1c3499fab8fa19fe3836,images/i_8c4469f7ff49447b395c2a0d.jpg,g_adb1b8e08dd019a2d46c1d0b,[],"[[291.111111,287.777778,404.444444,387.777778]]"
r_01d539b16634c3d32ac1ea23,images/i_44db16ca66d83fe7bb0cf693.jpg,g_a9a23a0876fb9aef8c77c7b6,"[[373.333333,263.333333,397.777778,283.333333],[437.777778,221.111111,460.0,243.333333]]","[[333.333333,292.222222,362.222222,312.222222]]"
r_ab981da880ac4f9e6343cb76,images/i_e4e93e01ef9b37ba202669e6.jpg,g_d6cb9e1e058f0bc69cb8f2f2,"[[335.555556,138.888889,378.888889,178.888889],[366.666667,84.444444,405.555556,117.777778],[388.888889,34.444444,438.888889,77.777778],[388.888889,90.0,427.777778,131.111111],[393.333333,557.777778,421.111111,587.777778],[404.444444,457.777778,430.0,485.555556],[422.222222,145.555556,467.777778,197.777778],[450.0,186.666667,485.555556,225.555556],[457.777778,538.888889,510.0,583.333333],[471.111111,73.333333,515.555556,127.777778],[483.333333,487.777778,510.0,520.0],[506.666667,466.666667,546.666667,505.555556],[507.777778,308.888889,537.777778,336.666667],[517.777778,170.0,560.0,231.111111],[535.555556,108.888889,571.111111,142.222222],[613.333333,312.222222,633.333333,338.888889]]","[[232.222222,327.777778,374.444444,607.777778],[266.666667,86.666667,334.444444,155.555556],[367.777778,172.222222,412.222222,211.111111],[394.444444,128.888889,416.666667,164.444444],[395.555556,486.666667,423.333333,520.0],[416.666667,487.777778,446.666667,516.666667],[428.888889,543.333333,465.555556,577.777778],[445.555556,568.888889,477.777778,596.666667],[490.0,42.222222,518.888889,66.666667],[573.333333,78.888889,627.777778,134.444444],[602.222222,100.0,631.111111,133.333333]]"
r_466544cc44ea3489f9bcf6b6,images/i_8cd6978efbb132eda7190c3c.jpg,g_d19fa880907fbd71defcb1a7,[],"[[292.222222,298.888889,386.666667,376.666667]]"
r_5d488b42f6f757597aa9c1a0,images/i_7e19a6c1b94dbfffeac0e53b.jpg,g_a4efb78e3e419f3048ef9a40,[],"[[175.555556,486.666667,202.222222,510.0],[274.444444,298.888889,328.888889,370.0],[307.777778,437.777778,335.555556,463.333333]]"
r_1325cb5bfa6567e977c84d2a,images/i_ceb6005e49539d0e4035a772.jpg,g_c64613aeb7417d9fd582de30,[],"[[252.222222,250.0,351.111111,425.555556],[315.555556,354.444444,346.666667,395.555556]]"
r_61dced341f980e41052e596f,images/i_d7f2a4f6d2542dd350d84d1e.jpg,g_0f3acf4fe96ef13cee00a326,"[[325.555556,275.555556,353.333333,312.222222],[375.555556,110.0,407.777778,140.0],[403.333333,186.666667,431.111111,214.444444],[421.111111,34.444444,446.666667,64.444444]]","[[227.777778,453.333333,256.666667,482.222222],[375.555556,184.444444,408.888889,216.666667],[408.888889,145.555556,435.555556,165.555556]]"
r_d74d1df1910f80b2cc417ced,images/i_1c546a90b523b77708e8b8a0.jpg,g_361d01b7aa6e31537b15495c,"[[183.333333,108.888889,297.777778,238.888889],[261.111111,264.444444,377.777778,385.555556]]","[[0.0,72.222222,62.222222,208.888889],[261.111111,483.333333,366.666667,595.555556]]"
r_acae7e024796c3a505490557,images/i_bbb7265493eaa8078634718c.jpg,g_9fd19a10fc3a357c727ed85d,"[[165.555556,358.888889,237.777778,438.888889]]","[[280.0,248.888889,395.555556,321.111111]]"
r_7c4d2ac7d5a54d56a7f5443f,images/i_bd060f40266d153cd903f93b.jpg,g_d928d121bc8243a8396c07b6,[],"[[325.555556,288.888889,367.777778,337.777778]]"
r_5146c020b871bcfb7bc8b0ce,images/i_ab18aa98c83c7fff756182cd.jpg,g_f80a924dbeee6fe181643e62,[],"[[276.666667,292.222222,334.444444,366.666667]]"
r_0123d9892bf4cd4f059abddd,images/i_ee778d375c702e8e3ac4b2b6.jpg,g_1979157cf402029e930d18f9,"[[283.333333,298.888889,314.444444,337.777778],[583.333333,112.222222,628.888889,156.666667],[620.0,0.0,640.0,35.555556]]","[[5.555556,78.888889,101.111111,148.888889]]"
r_6e422e759a7c349a707be617,images/i_4508b090c514f8dc8e267371.jpg,g_d6cb9e1e058f0bc69cb8f2f2,"[[224.444444,247.777778,268.888889,288.888889],[285.555556,263.333333,325.555556,308.888889],[467.777778,567.777778,604.444444,640.0]]","[[210.0,196.666667,236.666667,241.111111],[220.0,611.111111,248.888889,633.333333],[341.111111,290.0,381.111111,330.0]]"
r_653348f584a915e249a846a9,images/i_ea12389b07d7ce79806a53e5.jpg,g_a8273baf76779cc47f55df4a,"[[233.333333,290.0,372.222222,371.111111],[320.0,278.888889,350.0,304.444444],[352.222222,473.333333,388.888889,505.555556],[431.111111,295.555556,475.555556,337.777778],[446.666667,482.222222,470.0,511.111111],[458.888889,432.222222,481.111111,460.0]]","[[21.111111,337.777778,73.333333,376.666667],[90.0,358.888889,145.555556,412.222222],[311.111111,364.444444,336.666667,387.777778],[375.555556,497.777778,397.777778,522.222222]]"
r_28ad1b4d47e8efe1443bf1fb,images/i_70a680b1d227545dc7dc0d3d.jpg,g_789e503e7e540ac443554fd8,"[[138.888889,12.222222,155.555556,33.333333],[161.111111,83.333333,188.888889,105.555556],[164.444444,20.0,186.666667,42.222222],[174.444444,173.333333,264.444444,262.222222],[181.111111,64.444444,213.333333,84.444444],[238.888889,125.555556,263.333333,155.555556],[242.222222,38.888889,274.444444,72.222222],[277.777778,331.111111,462.222222,430.0],[280.0,8.888889,504.444444,57.777778],[304.444444,90.0,337.777778,114.444444],[324.444444,83.333333,355.555556,116.666667],[355.555556,0.0,388.888889,25.555556],[407.777778,33.333333,551.111111,86.666667],[476.666667,0.0,510.0,20.0],[560.0,17.777778,588.888889,50.0]]","[[157.777778,34.444444,194.444444,66.666667],[192.222222,36.666667,222.222222,70.0],[225.555556,67.777778,300.0,134.444444],[250.0,0.0,288.888889,27.777778],[264.444444,192.222222,327.777778,497.777778],[270.0,44.444444,296.666667,67.777778],[298.888889,42.222222,394.444444,94.444444],[340.0,67.777778,400.0,97.777778],[606.666667,5.555556,630.0,25.555556]]"
r_7acea416c457a3329cd405f1,images/i_8dad28bb2ac3d1ff1e308c9f.jpg,g_3dbdc9c0a9f52245c5ee1324,"[[23.333333,452.222222,68.888889,512.222222],[70.0,210.0,114.444444,285.555556],[100.0,105.555556,128.888889,138.888889],[132.222222,103.333333,161.111111,130.0],[162.222222,544.444444,260.0,637.777778],[170.0,0.0,214.444444,124.444444],[246.666667,201.111111,263.333333,217.777778],[266.666667,44.444444,288.888889,58.888889],[268.888889,0.0,295.555556,17.777778],[288.888889,55.555556,306.666667,71.111111],[336.666667,332.222222,361.111111,354.444444],[391.111111,127.777778,407.777778,146.666667],[422.222222,196.666667,452.222222,230.0],[438.888889,257.777778,455.555556,273.333333],[487.777778,150.0,505.555556,165.555556],[522.222222,72.222222,546.666667,88.888889]]","[[117.777778,193.333333,140.0,217.777778],[346.666667,65.555556,365.555556,80.0],[396.666667,32.222222,418.888889,54.444444],[407.777778,345.555556,430.0,365.555556],[422.222222,227.777778,455.555556,250.0],[444.444444,161.111111,488.888889,201.111111],[494.444444,135.555556,513.333333,146.666667]]"
r_c5eee59f66454459c10bdf18,images/i_06e66686d888a322a61453ca.jpg,g_d6cb9e1e058f0bc69cb8f2f2,"[[208.888889,425.555556,257.777778,498.888889],[222.222222,614.444444,263.333333,640.0],[242.222222,546.666667,300.0,596.666667],[244.444444,0.0,395.555556,158.888889],[250.0,464.444444,270.0,485.555556],[257.777778,281.111111,297.777778,336.666667],[286.666667,393.333333,324.444444,448.888889],[305.555556,227.777778,357.777778,275.555556],[404.444444,114.444444,432.222222,144.444444],[427.777778,44.444444,457.777778,72.222222],[434.444444,208.888889,461.111111,236.666667],[440.0,97.777778,476.666667,133.333333],[468.888889,94.444444,521.111111,138.888889],[517.777778,22.222222,557.777778,61.111111]]","[[147.777778,600.0,194.444444,640.0],[188.888889,386.666667,218.888889,418.888889],[233.333333,532.222222,274.444444,563.333333],[280.0,532.222222,308.888889,577.777778],[291.111111,601.111111,322.222222,633.333333],[308.888889,250.0,352.222222,350.0],[325.555556,320.0,361.111111,361.111111],[338.888889,242.222222,378.888889,290.0],[372.222222,343.333333,432.222222,392.222222],[376.666667,457.777778,410.0,482.222222],[380.0,600.0,418.888889,636.666667],[406.666667,42.222222,434.444444,75.555556],[415.555556,12.222222,441.111111,40.0],[456.666667,125.555556,488.888889,153.333333],[494.444444,44.444444,521.111111,75.555556]]"
r_8f78fa3a3ee7b7cacbdc31fc,images/i_1bf752df0c783e73afc1211d.jpg,g_76c960aa4b4cf4c78de449ec,"[[0.0,40.0,21.111111,68.888889],[1.111111,10.0,27.777778,34.444444],[10.0,178.888889,37.777778,212.222222],[418.888889,14.444444,444.444444,41.111111],[422.222222,52.222222,454.444444,85.555556],[473.333333,190.0,505.555556,223.333333],[493.333333,91.111111,515.555556,114.444444],[511.111111,424.444444,535.555556,451.111111],[523.333333,415.555556,551.111111,443.333333],[537.777778,75.555556,558.888889,97.777778],[628.888889,396.666667,640.0,417.777778]]","[[102.222222,173.333333,133.333333,207.777778],[115.555556,494.444444,147.777778,527.777778],[305.555556,317.777778,337.777778,351.111111]]"
r_4627fc14f2faaaa0c707ad75,images/i_8bb425b67adabf39bf799297.jpg,g_17e743a0ed217f68d71b6ed8,"[[193.333333,128.888889,232.222222,171.111111],[293.333333,190.0,335.555556,235.555556],[322.222222,148.888889,368.888889,202.222222]]","[[160.0,0.0,274.444444,26.666667],[315.555556,260.0,371.111111,354.444444]]"
r_796d811f161dbe4ac4275a18,images/i_8366bcc6ee2128141c2c0483.jpg,g_26808958ac59704f654ca805,"[[2.222222,541.111111,22.222222,574.444444],[7.777778,283.333333,38.888889,315.555556],[61.111111,580.0,91.111111,596.666667],[108.888889,510.0,133.333333,535.555556]]","[[44.444444,394.444444,74.444444,426.666667],[55.555556,613.333333,85.555556,640.0],[90.0,555.555556,117.777778,580.0],[101.111111,453.333333,131.111111,485.555556],[305.555556,280.0,333.333333,307.777778]]"
r_df6c1991e5a6b5a8d8a34d74,images/i_fc1037264185e5db7889d3f6.jpg,g_de647c5cff066faa1b3857af,"[[23.333333,165.555556,50.0,193.333333],[70.0,94.444444,103.333333,124.444444],[145.555556,0.0,177.777778,17.777778],[163.333333,35.555556,205.555556,74.444444],[181.111111,187.777778,217.777778,230.0],[306.666667,302.222222,348.888889,346.666667],[471.111111,271.111111,500.0,298.888889],[576.666667,81.111111,602.222222,103.333333]]","[[117.777778,255.555556,152.222222,293.333333],[291.111111,114.444444,330.0,152.222222],[487.777778,135.555556,511.111111,154.444444],[491.111111,125.555556,518.888889,142.222222],[502.222222,4.444444,535.555556,35.555556]]"
r_e7742a5e89688abefc10d22b,images/i_67f941821579a219c640d997.jpg,g_9460cd605065b1928360bcb6,[],"[[262.222222,313.333333,308.888889,363.333333]]"
r_946cb9168dab21004e9c7df0,images/i_3a01cd71eb1d2f413c7f72bb.jpg,g_1e2e609c8acce8ce42c85ecf,"[[130.0,367.777778,153.333333,432.222222],[145.555556,531.111111,166.666667,555.555556],[163.333333,541.111111,186.666667,563.333333],[230.0,368.888889,252.222222,396.666667],[311.111111,308.888889,336.666667,344.444444],[331.111111,290.0,353.333333,315.555556],[425.555556,12.222222,452.222222,45.555556]]","[[284.444444,361.111111,310.0,385.555556],[374.444444,276.666667,398.888889,301.111111]]"
r_f6d84278f99c2517dc7eb945,images/i_2db47edee4ec68d523ce5e11.jpg,g_1979157cf402029e930d18f9,[],"[[300.0,282.222222,373.333333,387.777778]]"
r_7669014995c07737e2df6548,images/i_713fad597072565807f83bdf.jpg,g_548716fabb146405ff0421e8,"[[58.888889,477.777778,95.555556,508.888889],[217.777778,343.333333,240.0,370.0],[317.777778,324.444444,361.111111,364.444444],[317.777778,558.888889,348.888889,586.666667],[612.222222,0.0,640.0,22.222222]]","[[182.222222,214.444444,207.777778,247.777778],[316.666667,623.333333,342.222222,640.0],[380.0,263.333333,411.111111,301.111111],[580.0,0.0,613.333333,41.111111]]"
r_3adf7242ea10fd2879f42872,images/i_e4d684db9920972fb533dd02.jpg,g_172ee9d2d14ae55cdfb08529,[],"[[288.888889,288.888889,316.666667,314.444444]]"
r_2540bddc0126d6c30f72821b,images/i_86037d228e1e4ef861d0399e.jpg,g_abc3b08d09ce1c59b628c6d1,[],"[[331.111111,270.0,377.777778,320.0]]"
r_26a8a0a23163ceb1d2db1d5e,images/i_a63a7024662d934b21f6b464.jpg,g_d6cb9e1e058f0bc69cb8f2f2,[],"[[242.222222,186.666667,377.777778,392.222222]]"
r_edc5b1a64f2b24bf8dcc8af3,images/i_29edf8d2c713b3abbdee5b23.jpg,g_9c5de3ce82a1d2be0e8f37ea,"[[300.0,256.666667,361.111111,328.888889],[394.444444,256.666667,434.444444,297.777778]]","[[443.333333,566.666667,468.888889,615.555556],[451.111111,418.888889,478.888889,450.0]]"
r_e9c47e48d6d8e4850eb72c72,images/i_c4bb93b8e8f85a9daabf560d.jpg,g_9bf49bcd144dfcf2d7a8b013,"[[144.444444,427.777778,192.222222,473.333333]]","[[320.0,328.888889,344.444444,356.666667]]"
r_84837cab64f1f7aa8b48f96f,images/i_8c2eb8579f325bcf3c6652a3.jpg,g_d6cb9e1e058f0bc69cb8f2f2,"[[60.0,561.111111,140.0,640.0],[330.0,266.666667,374.444444,316.666667],[535.555556,563.333333,571.111111,598.888889],[591.111111,347.777778,624.444444,366.666667]]","[[576.666667,294.444444,607.777778,322.222222]]"
r_8215a64675767444366b58b7,images/i_5ae9b45e205402c943e70ba0.jpg,g_ba6e7e0f94fa8f8b65390c77,"[[433.333333,366.666667,471.111111,395.555556],[477.777778,312.222222,502.222222,338.888889]]","[[303.333333,304.444444,333.333333,335.555556]]"
r_18d2c96328c0e9bd2b32fbf5,images/i_2a3bdd0746f2f80c72f595f7.jpg,g_d6cb9e1e058f0bc69cb8f2f2,"[[235.555556,314.444444,257.777778,346.666667],[263.333333,411.111111,292.222222,430.0],[418.888889,255.555556,461.111111,292.222222],[463.333333,334.444444,640.0,471.111111]]","[[295.555556,330.0,326.666667,360.0],[444.444444,13.333333,466.666667,36.666667],[450.0,153.333333,480.0,184.444444],[452.222222,0.0,493.333333,13.333333],[576.666667,0.0,640.0,144.444444],[624.444444,77.777778,640.0,106.666667]]"
r_15ecedcd605d268cd4cee157,images/i_ca313fd6028144d422597928.jpg,g_97708d237a2b75dbb2f531e5,"[[91.111111,245.555556,158.888889,302.222222],[286.666667,164.444444,344.444444,208.888889],[392.222222,271.111111,508.888889,331.111111],[548.888889,428.888889,628.888889,491.111111]]","[[205.555556,261.111111,400.0,338.888889]]"
r_355588242cd076493d198c9a,images/i_76acaa529dc760e88f97b0d7.jpg,g_d53c0806a84d48de3a05f1f6,"[[267.777778,251.111111,392.222222,433.333333]]","[[386.666667,383.333333,436.666667,436.666667]]"
r_fb892bece132c962a91a134e,images/i_e8346f909386d67019e12a59.jpg,g_44d271278278e63b28fbdde4,"[[41.111111,56.666667,75.555556,103.333333],[151.111111,383.333333,190.0,421.111111],[297.777778,504.444444,323.333333,535.555556],[320.0,255.555556,364.444444,305.555556],[436.666667,331.111111,466.666667,364.444444],[448.888889,153.333333,475.555556,183.333333],[512.222222,50.0,550.0,90.0]]","[[26.666667,620.0,53.333333,640.0],[296.666667,65.555556,325.555556,95.555556],[310.0,578.888889,328.888889,603.333333],[414.444444,380.0,444.444444,410.0],[453.333333,416.666667,474.444444,443.333333],[603.333333,494.444444,622.222222,516.666667]]"
r_6a2e5593958a393acf74d685,images/i_0529159240a2a572ac97834a.jpg,g_0a4bc4edb1485ac9b9622e50,[],"[[180.0,265.555556,438.888889,371.111111]]"
r_656fc747182834590c16592a,images/i_e40f0ad91867c6b1cf46011c.jpg,g_9211f1a370d3940156018225,"[[278.888889,498.888889,321.111111,535.555556],[330.0,271.111111,372.222222,310.0],[565.555556,314.444444,601.111111,352.222222],[566.666667,506.666667,602.222222,544.444444]]","[[80.0,390.0,115.555556,426.666667]]"
r_482c29bfdca6484b1fc9d324,images/i_08cf86bc94837e2e9d863b7c.jpg,g_a8e6e85e214208f83abba24a,"[[60.0,185.555556,94.444444,218.888889],[172.222222,321.111111,455.555556,371.111111]]","[[73.333333,227.777778,246.666667,257.777778],[117.777778,404.444444,222.222222,640.0]]"
r_ab94343889086871d43716a2,images/i_f6759ea073081a1a4aadcd56.jpg,g_58f1a79d8ccb1ac2cbbabfd1,"[[0.0,0.0,106.666667,62.222222],[0.0,494.444444,23.333333,526.666667],[28.888889,608.888889,57.777778,640.0],[93.333333,405.555556,121.111111,427.777778]]","[[287.777778,308.888889,336.666667,352.222222],[377.777778,150.0,441.111111,213.333333]]"
r_d95b1d69801611fa8d18bda8,images/i_1432998f59a7a530e2e404f3.jpg,g_9fcf44edcc794f9a725aa4ef,"[[565.555556,243.333333,640.0,333.333333]]","[[318.888889,302.222222,365.555556,352.222222]]"
r_69dfa2ed4c39d08eaa5d9d7d,images/i_bc5cb3ca7835353730ef9f1f.jpg,g_e6281796d0f4b8fc643190b3,[],"[[307.777778,276.666667,345.555556,308.888889]]"
r_60f9f6493d489d4ec8334ec2,images/i_2b3bd2d39c601b27ac172b25.jpg,g_3e7f5d4c1b871125c1e99076,"[[38.888889,127.777778,88.888889,173.333333],[261.111111,283.333333,327.777778,396.666667],[464.444444,178.888889,498.888889,205.555556]]","[[36.666667,161.111111,134.444444,205.555556],[145.555556,35.555556,200.0,85.555556],[244.444444,233.333333,277.777778,258.888889],[272.222222,236.666667,308.888889,278.888889],[338.888889,283.333333,372.222222,305.555556]]"
r_83234927e94367b1945388e9,images/i_b3c43cc0a9fec75f04e1df33.jpg,g_c858d11984846fceccfa4a32,"[[298.888889,318.888889,371.111111,360.0],[623.333333,180.0,640.0,201.111111]]","[[583.333333,208.888889,616.666667,230.0]]"
r_90344d77fdc32cc1c0156347,images/i_47163bdc9ae0a7ed6bb15d3c.jpg,g_06759fdff160cb2d240d218c,[],"[[303.333333,336.666667,335.555556,375.555556]]"
r_01efd5feaaf76aaa218abb06,images/i_326362147c78361d59c9e05a.jpg,g_ffa90c178359a98d23f9b712,[],"[[67.777778,128.888889,640.0,445.555556]]"
r_1effe4bc45b650d08979d44d,images/i_0cc6f573a0b1ff29ab68ec93.jpg,g_70ddbb134422cf203b739bd7,[],"[[288.888889,283.333333,394.444444,400.0]]"
r_86f356519f101dc68b1d85fa,images/i_89de48b28877e0a8e8ed4409.jpg,g_60311e780a136147b3e08279,"[[318.888889,312.222222,380.0,376.666667],[385.555556,441.111111,418.888889,477.777778]]","[[338.888889,530.0,372.222222,563.333333],[360.0,610.0,388.888889,640.0],[450.0,493.333333,472.222222,516.666667]]"
r_900f84318e373a0e6c6598c8,images/i_e356537de278fbed719dc3d1.jpg,g_153f2ceabbf7fb25df867ef6,"[[0.0,0.0,58.888889,46.666667],[148.888889,340.0,188.888889,372.222222],[161.111111,95.555556,212.222222,193.333333],[293.333333,520.0,320.0,550.0],[334.444444,584.444444,397.777778,640.0],[373.333333,483.333333,416.666667,528.888889],[531.111111,513.333333,567.777778,582.222222]]","[[75.555556,51.111111,108.888889,82.222222],[277.777778,570.0,322.222222,623.333333],[287.777778,273.333333,394.444444,375.555556]]"
r_8f1b21ab27caa5ebfb3521db,images/i_5fbf537b8195305384d99765.jpg,g_4f8a47d873a44a66c738c7b2,"[[84.444444,233.333333,123.333333,266.666667],[312.222222,318.888889,358.888889,365.555556],[408.888889,276.666667,438.888889,312.222222]]","[[281.111111,443.333333,333.333333,467.777778],[566.666667,32.222222,600.0,67.777778]]"
r_06fb8d5f94ed1699cf0181c4,images/i_af16e7646354c98442c101a3.jpg,g_495fc3e5170e839c82003c16,[],"[[331.111111,307.777778,357.777778,335.555556]]"
r_b4f66bb321fd406ba5290e2f,images/i_8b4f477bb9054bc2c44ed7c9.jpg,g_419ccf068e65a6d76bdc2ab6,[],"[[241.111111,314.444444,338.888889,386.666667]]"
r_6ccb837b351231bce8119770,images/i_82fa11749cb4fdeccc697c1e.jpg,g_80fa950419025c758347855f,[],"[[314.444444,321.111111,370.0,376.666667]]"
r_29f6dfc71ac9437b0921fd34,images/i_a3a401954153e8a373c1a2e8.jpg,g_c7aefcbe2b5bc4d8f988c4c0,"[[237.777778,295.555556,271.111111,328.888889],[294.444444,198.888889,336.666667,245.555556],[354.444444,165.555556,382.222222,198.888889],[482.222222,236.666667,515.555556,273.333333],[562.222222,348.888889,603.333333,395.555556]]","[[0.0,167.777778,32.222222,204.444444],[161.111111,206.666667,191.111111,236.666667],[280.0,336.666667,340.0,372.222222],[332.222222,247.777778,365.555556,278.888889],[345.555556,201.111111,387.777778,245.555556],[595.555556,237.777778,640.0,283.333333]]"
r_fd24a409a4569410df04a021,images/i_b0393597b0be08add6c32274.jpg,g_05692e9bd4cd70cde82f1eb8,[],"[[251.111111,291.111111,336.666667,384.444444]]"
r_6c6e706c549a663e565fb25d,images/i_3e601cc9a4a314a2ff84a0bd.jpg,g_b41fd45db741a62cc11cd640,[],"[[290.0,300.0,328.888889,328.888889]]"
r_91ed380dd9dda4d0882b848f,images/i_eaa34ac96691550c34043f7e.jpg,g_c0cd027017659575823e68ff,"[[371.111111,347.777778,408.888889,381.111111],[403.333333,304.444444,471.111111,367.777778],[457.777778,122.222222,497.777778,161.111111]]","[[226.666667,162.222222,351.111111,410.0],[371.111111,598.888889,398.888889,632.222222],[435.555556,590.0,475.555556,628.888889]]"
r_422352847cdf36e562a01aaa,images/i_e06f22c50c8b51def0ae4572.jpg,g_ddc536e2a5ceb1699f1b81f1,"[[330.0,337.777778,360.0,367.777778]]","[[303.333333,303.333333,330.0,336.666667]]"
r_23fe644b0b3c5b0702058052,images/i_57fcb8214592751f7b989cfb.jpg,g_6adc33dc1549779e76d13509,"[[103.333333,518.888889,127.777778,545.555556],[136.666667,530.0,168.888889,552.222222],[278.888889,357.777778,357.777778,418.888889],[544.444444,22.222222,613.333333,55.555556]]","[[251.111111,285.555556,434.444444,391.111111],[444.444444,151.111111,474.444444,181.111111]]"
r_ee4d45a914a6952307b8f6df,images/i_8e519a34591fd4a254ade24f.jpg,g_d53c0806a84d48de3a05f1f6,"[[56.666667,450.0,90.0,481.111111],[101.111111,308.888889,185.555556,450.0],[145.555556,346.666667,231.111111,430.0],[151.111111,470.0,170.0,497.777778],[223.333333,226.666667,398.888889,413.333333],[227.777778,217.777778,280.0,288.888889],[361.111111,261.111111,411.111111,298.888889]]","[[0.0,342.222222,45.555556,413.333333],[27.777778,187.777778,212.222222,304.444444],[217.777778,411.111111,255.555556,458.888889],[295.555556,375.555556,318.888889,405.555556]]"
r_468201b2387db071848fe252,images/i_13c54a4189baf985c0abce99.jpg,g_e87b83548d3424ad3cecc65e,"[[284.444444,186.666667,322.222222,214.444444],[301.111111,86.666667,331.111111,123.333333],[331.111111,25.555556,361.111111,62.222222]]","[[223.333333,70.0,256.666667,106.666667],[283.333333,252.222222,342.222222,295.555556],[300.0,283.333333,355.555556,337.777778]]"
r_579e47eae3db651b1384c0c3,images/i_a2dc3015aee6487a45be5b52.jpg,g_427875b42dd6fcdf8d70d783,"[[290.0,276.666667,340.0,316.666667]]","[[0.0,532.222222,37.777778,588.888889]]"
r_6d1bfad7bd5b1e35496dd28d,images/i_68278096b4b9e330bba18ad7.jpg,g_456d93caa1a43ec0761b3c9b,[],"[[258.888889,260.0,314.444444,315.555556]]"
r_f3dada487fb4a592dab7ca54,images/i_e7a67e041e3a460bb484c95e.jpg,g_5b60df49db635ed7b140012c,"[[282.222222,276.666667,306.666667,315.555556]]","[[291.111111,304.444444,317.777778,332.222222]]"
r_1ea38bbc00d538036b76f701,images/i_ebf86ea9637228873864c68a.jpg,g_1e76a1d946408a810a055fab,"[[280.0,263.333333,341.111111,318.888889],[448.888889,573.333333,496.666667,640.0]]","[[344.444444,343.333333,371.111111,371.111111]]"
r_4d750aecfd03ee525b5bd03f,images/i_38575c93fa6ac09c628a8959.jpg,g_6adc33dc1549779e76d13509,"[[244.444444,301.111111,266.666667,326.666667],[265.555556,267.777778,297.777778,301.111111],[265.555556,291.111111,338.888889,397.777778],[318.888889,306.666667,383.333333,391.111111]]","[[232.222222,266.666667,260.0,287.777778],[310.0,230.0,352.222222,268.888889]]"
r_5190c898c83eb1591b87889e,images/i_421117adfe133c447abeae53.jpg,g_d53c0806a84d48de3a05f1f6,"[[262.222222,293.333333,373.333333,404.444444]]","[[0.0,462.222222,63.333333,541.111111]]"
r_912162d041ebefb656f7929c,images/i_864e5c6e1f406671207ae12b.jpg,g_fdc1ca5a028f94243ab926fa,[],"[[301.111111,340.0,318.888889,356.666667],[325.555556,321.111111,355.555556,352.222222]]"
r_1134386b34ae637aea780d6b,images/i_cc3b8c8d3a1236c0dfd5e38c.jpg,g_6acfc01192495df3a23c50fe,"[[297.777778,24.444444,367.777778,101.111111]]","[[255.555556,16.666667,305.555556,57.777778],[293.333333,293.333333,373.333333,387.777778]]"
r_5fa28645936f3a84694d2b16,images/i_b950d6b92b06b144ffda4ada.jpg,g_ba6e7e0f94fa8f8b65390c77,"[[155.555556,342.222222,194.444444,371.111111],[250.0,355.555556,277.777778,376.666667],[253.333333,513.333333,285.555556,545.555556],[324.444444,228.888889,338.888889,252.222222],[335.555556,287.777778,368.888889,325.555556],[468.888889,353.333333,501.111111,384.444444],[543.333333,212.222222,567.777778,237.777778]]","[[216.666667,406.666667,244.444444,428.888889],[237.777778,502.222222,263.333333,524.444444],[277.777778,371.111111,314.444444,401.111111],[438.888889,82.222222,472.222222,106.666667],[463.333333,198.888889,488.888889,223.333333],[606.666667,34.444444,640.0,67.777778]]"
r_f085675a56a4aa3042b45942,images/i_4bf539ae070f90615d6fe3ec.jpg,g_60311e780a136147b3e08279,"[[0.0,418.888889,25.555556,451.111111],[186.666667,368.888889,207.777778,391.111111],[290.0,293.333333,317.777778,323.333333],[411.111111,195.555556,434.444444,225.555556],[438.888889,68.888889,462.222222,92.222222],[451.111111,190.0,473.333333,217.777778],[454.444444,37.777778,487.777778,75.555556]]","[[92.222222,348.888889,117.777778,372.222222]]"
r_fcc07094835ca037033bf145,images/i_65c6b88b3c8d8009dce5aecb.jpg,g_63562fc889388b7b4769f276,"[[330.0,297.777778,380.0,340.0],[340.0,530.0,367.777778,557.777778]]","[[368.888889,433.333333,407.777778,468.888889]]"
r_84d98430a01fab7d1380eee9,images/i_ff50840de415a9d6265ea3b9.jpg,g_9fcf44edcc794f9a725aa4ef,[],"[[306.666667,267.777778,354.444444,307.777778],[538.888889,53.333333,588.888889,98.888889]]"
r_bc7bb19c10435203afd52119,images/i_ab27d6c8a370bb0081c2f8d0.jpg,g_1d4eb1eeed3e39bf83f96b11,[],"[[261.111111,191.111111,453.333333,413.333333],[538.888889,490.0,565.555556,517.777778]]"
r_60464624edddc380e68f6a8c,images/i_16fd5304657dddfff8b77887.jpg,g_5f24e12d13cfee74d122526a,"[[297.777778,205.555556,380.0,356.666667],[407.777778,523.333333,480.0,558.888889]]","[[296.666667,523.333333,374.444444,573.333333]]"
r_b6519faad8be610e58eb1aad,images/i_0596cd55461cd07ef8ce08f1.jpg,g_e08d078b7366506501267c4e,"[[2.222222,556.666667,61.111111,632.222222],[180.0,454.444444,210.0,478.888889],[204.444444,608.888889,232.222222,640.0],[238.888889,523.333333,291.111111,565.555556],[241.111111,448.888889,285.555556,487.777778],[263.333333,487.777778,305.555556,517.777778],[263.333333,512.222222,287.777778,540.0],[280.0,531.111111,304.444444,551.111111],[318.888889,237.777778,378.888889,288.888889],[352.222222,52.222222,386.666667,70.0],[373.333333,178.888889,403.333333,211.111111],[380.0,370.0,401.111111,397.777778],[396.666667,188.888889,457.777778,213.333333]]","[[35.555556,597.777778,74.444444,637.777778],[174.444444,614.444444,216.666667,640.0],[182.222222,365.555556,210.0,434.444444],[196.666667,432.222222,235.555556,475.555556],[204.444444,390.0,260.0,440.0],[268.888889,324.444444,440.0,362.222222],[282.222222,100.0,318.888889,141.111111],[333.333333,403.333333,367.777778,437.777778],[352.222222,294.444444,391.111111,328.888889],[422.222222,0.0,458.888889,35.555556]]"
r_7e7ca4ece9d91982dfc54d3d,images/i_c1516c55bf7a634c41b394ed.jpg,g_153f2ceabbf7fb25df867ef6,"[[3.333333,212.222222,34.444444,251.111111],[270.0,245.555556,397.777778,444.444444],[558.888889,338.888889,640.0,407.777778]]","[[0.0,478.888889,27.777778,507.777778],[403.333333,158.888889,430.0,185.555556]]"
r_cb3fabed53bb9880959ce8fe,images/i_7e36e96324a0891b7dd284dc.jpg,g_de647c5cff066faa1b3857af,"[[192.222222,161.111111,228.888889,190.0],[298.888889,290.0,334.444444,323.333333],[464.444444,393.333333,485.555556,417.777778],[531.111111,246.666667,567.777778,282.222222]]","[[265.555556,165.555556,293.333333,191.111111],[376.666667,102.222222,410.0,128.888889],[452.222222,96.666667,481.111111,126.666667]]"
r_6042f36b90ed4d337df187ee,images/i_bbf627577b21346c477df1a8.jpg,g_de647c5cff066faa1b3857af,"[[8.888889,421.111111,46.666667,460.0],[28.888889,197.777778,51.111111,226.666667],[56.666667,234.444444,102.222222,281.111111],[93.333333,176.666667,127.777778,210.0],[273.333333,211.111111,295.555556,231.111111],[282.222222,372.222222,306.666667,397.777778],[290.0,273.333333,392.222222,355.555556],[416.666667,15.555556,448.888889,43.333333],[551.111111,344.444444,581.111111,377.777778]]","[[16.666667,158.888889,62.222222,246.666667],[325.555556,605.555556,360.0,640.0],[382.222222,228.888889,427.777778,271.111111],[437.777778,496.666667,464.444444,533.333333]]"
r_61679845bb25f11578787115,images/i_73f034a23691f9978c3aaaf4.jpg,g_9048a0696bf9eb3e98e6ab2a,[],"[[265.555556,263.333333,360.0,382.222222]]"
r_a3fb6c64f2babcb5bcbe2347,images/i_589c2ec3651a1f45a934bec9.jpg,g_4f8a47d873a44a66c738c7b2,"[[175.555556,108.888889,211.111111,128.888889],[181.111111,14.444444,208.888889,42.222222],[327.777778,270.0,363.333333,303.333333]]","[[112.222222,522.222222,153.333333,555.555556]]"
r_c618ae414ee76c2ac7312a4e,images/i_d2434186c6e9bb1b5f1e6f27.jpg,g_e21cc6a5fb6ae7806e81a365,"[[63.333333,244.444444,168.888889,347.777778],[261.111111,415.555556,313.333333,480.0],[311.111111,244.444444,375.555556,431.111111]]","[[408.888889,50.0,441.111111,85.555556]]"
r_7ec7341509bcb71840d4e829,images/i_190f83acfd9fdaaaab3abe66.jpg,g_495fc3e5170e839c82003c16,"[[71.111111,432.222222,98.888889,461.111111]]","[[325.555556,307.777778,364.444444,346.666667]]"
r_d07515ce1d23db4f3b4c8a4b,images/i_c2caca49327024d023ce8f45.jpg,g_495fc3e5170e839c82003c16,"[[305.555556,287.777778,377.777778,342.222222],[373.333333,30.0,404.444444,47.777778]]","[[372.222222,0.0,395.555556,14.444444],[400.0,432.222222,444.444444,471.111111]]"
r_ad22e82d911cce8a20f525b1,images/i_95dbf0ccd514479dd630b616.jpg,g_ea61804ec1b67732d75ad156,"[[205.555556,322.222222,250.0,377.777778]]","[[87.777778,434.444444,113.333333,460.0]]"
r_d1220c6e4bac49f501c5b25a,images/i_e2da12b17c55e35a6f495552.jpg,g_986eed83a5135fe045b4789c,"[[5.555556,388.888889,50.0,426.666667],[64.444444,377.777778,88.888889,405.555556],[110.0,546.666667,141.111111,576.666667],[126.666667,350.0,171.111111,388.888889],[233.333333,508.888889,264.444444,537.777778],[255.555556,253.333333,336.666667,322.222222],[625.555556,448.888889,640.0,480.0]]","[[627.777778,418.888889,640.0,450.0]]"
r_720fb60c2d63a67b04dbd3fe,images/i_a876774076c44f405a1cd023.jpg,g_d52aec7fea32342d70d4f2db,"[[420.0,336.666667,437.777778,360.0]]","[[280.0,305.555556,344.444444,377.777778]]"
r_a9771b81535e2dd75698e910,images/i_9057c7de27603491d5e2f000.jpg,g_5b8c86fe0427df19bb8b313e,"[[283.333333,573.333333,311.111111,607.777778],[290.0,432.222222,316.666667,456.666667],[292.222222,615.555556,314.444444,640.0],[322.222222,292.222222,361.111111,334.444444]]","[[310.0,388.888889,333.333333,416.666667],[347.777778,604.444444,373.333333,637.777778],[375.555556,602.222222,397.777778,630.0]]"
r_aae708e47a40286ec8e29c42,images/i_d66dc57b6fc9231934f05b41.jpg,g_d53c0806a84d48de3a05f1f6,"[[114.444444,364.444444,142.222222,392.222222],[238.888889,458.888889,266.666667,486.666667],[560.0,305.555556,585.555556,338.888889]]","[[0.0,531.111111,210.0,640.0],[138.888889,0.0,640.0,464.444444],[237.777778,356.666667,402.222222,455.555556],[415.555556,308.888889,448.888889,338.888889]]"
r_6ffa1f5f41811477f3a73d92,images/i_3d46313db6d57a8cf3057e5e.jpg,g_24bb95a7b91e90df1b79f3bf,[],"[[253.333333,232.222222,350.0,344.444444]]"
r_456f9963bf0a35c66e6a34c9,images/i_df5db73045c5ee2830b1e0c4.jpg,g_de647c5cff066faa1b3857af,"[[0.0,314.444444,17.777778,346.666667],[30.0,324.444444,60.0,356.666667],[34.444444,442.222222,65.555556,481.111111],[43.333333,276.666667,78.888889,312.222222],[106.666667,598.888889,137.777778,628.888889],[215.555556,527.777778,248.888889,555.555556],[215.555556,608.888889,256.666667,640.0],[251.111111,423.333333,273.333333,456.666667],[280.0,258.888889,321.111111,316.666667],[354.444444,586.666667,393.333333,630.0],[387.777778,575.555556,420.0,612.222222],[404.444444,251.111111,431.111111,275.555556],[417.777778,220.0,443.333333,247.777778]]","[[34.444444,531.111111,71.111111,564.444444],[96.666667,373.333333,117.777778,400.0],[122.222222,3.333333,171.111111,41.111111],[146.666667,358.888889,173.333333,391.111111],[221.111111,313.333333,245.555556,340.0],[322.222222,492.222222,355.555556,526.666667],[335.555556,0.0,400.0,98.888889],[354.444444,281.111111,386.666667,323.333333],[411.111111,570.0,451.111111,612.222222]]"
r_3512e830aa8024d714b7f3cb,images/i_b39ee133fdc6d46bf4444622.jpg,g_9211f1a370d3940156018225,"[[12.222222,291.111111,60.0,333.333333],[17.777778,62.222222,42.222222,92.222222],[76.666667,380.0,116.666667,411.111111],[105.555556,333.333333,152.222222,363.333333],[144.444444,252.222222,184.444444,285.555556],[150.0,83.333333,183.333333,116.666667],[273.333333,513.333333,301.111111,541.111111],[300.0,267.777778,410.0,352.222222],[301.111111,90.0,335.555556,114.444444],[352.222222,335.555556,443.333333,426.666667],[375.555556,330.0,406.666667,366.666667],[376.666667,273.333333,410.0,313.333333],[393.333333,580.0,421.111111,607.777778],[410.0,335.555556,431.111111,357.777778],[434.444444,70.0,454.444444,97.777778],[454.444444,548.888889,486.666667,572.222222],[492.222222,303.333333,521.111111,322.222222],[495.555556,231.111111,547.777778,281.111111],[534.444444,596.666667,556.666667,621.111111],[567.777778,566.666667,606.666667,604.444444]]","[[60.0,190.0,88.888889,224.444444],[88.888889,92.222222,121.111111,114.444444],[111.111111,380.0,150.0,415.555556],[146.666667,455.555556,184.444444,483.333333],[217.777778,341.111111,261.111111,374.444444],[223.333333,418.888889,255.555556,441.111111],[227.777778,101.111111,262.222222,125.555556],[252.222222,371.111111,290.0,407.777778],[271.111111,185.555556,315.555556,252.222222],[404.444444,295.555556,434.444444,322.222222],[420.0,223.333333,456.666667,258.888889],[432.222222,250.0,458.888889,274.444444],[512.222222,322.222222,534.444444,338.888889],[560.0,555.555556,595.555556,585.555556]]"
r_d06e819b60051ad712b087d6,images/i_8110fc1113ef718cf0febb51.jpg,g_146dc2b2eee78be8868b9575,"[[242.222222,253.333333,441.111111,315.555556]]","[[112.222222,275.555556,192.222222,553.333333]]"
r_107bacb90fd74bb294533af5,images/i_1c0f8a02a8248d8fec3d2360.jpg,g_44d271278278e63b28fbdde4,"[[92.222222,102.222222,117.777778,127.777778],[103.333333,77.777778,131.111111,111.111111],[108.888889,177.777778,136.666667,207.777778],[174.444444,105.555556,196.666667,133.333333],[224.444444,206.666667,255.555556,236.666667],[225.555556,277.777778,441.111111,427.777778],[235.555556,246.666667,267.777778,275.555556],[240.0,222.222222,273.333333,255.555556],[240.0,338.888889,262.222222,365.555556],[246.666667,280.0,277.777778,305.555556],[318.888889,390.0,363.333333,430.0],[366.666667,307.777778,433.333333,376.666667],[374.444444,183.333333,405.555556,227.777778],[428.888889,305.555556,455.555556,333.333333],[432.222222,330.0,466.666667,377.777778]]","[[25.555556,12.222222,74.444444,62.222222],[151.111111,100.0,184.444444,141.111111],[240.0,371.111111,274.444444,400.0],[300.0,94.444444,338.888889,136.666667],[348.888889,457.777778,374.444444,485.555556]]"
r_81305cd51a6cac719ca21312,images/i_5a0e1b56b3f3d2536d75db69.jpg,g_a4210be79774593b4d46de0a,[],"[[278.888889,271.111111,412.222222,404.444444]]"
r_97eef27d575dac74115301a3,images/i_0b33536d26ab5183bbe79925.jpg,g_249b1652a9fd7dc77f8aca9c,"[[280.0,292.222222,378.888889,376.666667]]","[[442.222222,316.666667,481.111111,347.777778]]"
r_1a90c82e4aead57080e4099d,images/i_377c55afb4fcee5f065ace6c.jpg,g_33f8f2f2a16216f44a4bce64,"[[252.222222,364.444444,277.777778,398.888889],[333.333333,305.555556,364.444444,337.777778]]","[[354.444444,466.666667,378.888889,500.0]]"
r_8380e3483cb4b3647b23a9f5,images/i_89eb7b6a6e886bdfefe321ec.jpg,g_e6281796d0f4b8fc643190b3,"[[213.333333,228.888889,270.0,298.888889],[225.555556,265.555556,375.555556,361.111111],[262.222222,257.777778,292.222222,290.0],[447.777778,392.222222,475.555556,415.555556],[470.0,420.0,497.777778,443.333333],[522.222222,384.444444,583.333333,472.222222]]","[[318.888889,478.888889,472.222222,640.0]]"
r_328c74c62ec8808fd95d50b6,images/i_8e7321f302b0b0ff5b4fb014.jpg,g_29fea756161746c27e6a7ded,[],"[[285.555556,286.666667,316.666667,320.0]]"
r_65d36c6fd2b514f96ca31828,images/i_3dce8417e38f4d4e683df51d.jpg,g_dd4b6c8d7a14241863f1910f,"[[224.444444,470.0,252.222222,492.222222],[283.333333,296.666667,311.111111,324.444444]]","[[518.888889,270.0,552.222222,298.888889]]"
r_2d975a17a1a7e5dcc3127e96,images/i_ed3ad4c12cb26dcc671cd866.jpg,g_3bfaaac3355132d6d8905906,"[[112.222222,530.0,222.222222,627.777778]]","[[228.888889,280.0,392.222222,361.111111]]"
r_391b0302c2a91221a963ba15,images/i_35b6bde1eccd9248e4ffe020.jpg,g_eb31dda3ce35617b48d4e47b,[],"[[281.111111,302.222222,394.444444,363.333333]]"
r_8c2712ca186ec137d85cb845,images/i_236bafdafd3c60a906623dfc.jpg,g_239649af8ecf5be870fe3866,[],"[[272.222222,268.888889,354.444444,365.555556]]"
r_4ec51795d7cdfbb9c2039c0c,images/i_962383ab154564f296df3952.jpg,g_6acfc01192495df3a23c50fe,"[[162.222222,150.0,438.888889,460.0],[376.666667,471.111111,421.111111,515.555556],[607.777778,0.0,640.0,215.555556]]","[[476.666667,490.0,515.555556,528.888889]]"
r_2325e7e79c7eace867ba866b,images/i_a9aba6f4be161aaa6ee1b2f6.jpg,g_de398b0eb8b821fa64895be4,[],"[[265.555556,297.777778,304.444444,325.555556]]"
r_2203f23ef679e0d56ef9ec86,images/i_3333e307de1906a5d12a9c8b.jpg,g_44d271278278e63b28fbdde4,"[[117.777778,398.888889,147.777778,428.888889]]","[[292.222222,317.777778,314.444444,334.444444]]"
r_72336a861708bb2fa27c3504,images/i_4c785cfe2bea8592e0de7f64.jpg,g_ba6e7e0f94fa8f8b65390c77,"[[34.444444,375.555556,84.444444,417.777778],[197.777778,0.0,301.111111,116.666667]]","[[171.111111,520.0,240.0,582.222222],[311.111111,267.777778,358.888889,370.0]]"
r_b676599cd4676320416624c8,images/i_ca999e3a40d596d4d8646bd0.jpg,g_44d271278278e63b28fbdde4,"[[4.444444,100.0,37.777778,130.0],[16.666667,532.222222,55.555556,565.555556],[161.111111,97.777778,202.222222,147.777778],[166.666667,14.444444,215.555556,66.666667],[177.777778,417.777778,214.444444,458.888889],[197.777778,188.888889,233.333333,223.333333],[208.888889,55.555556,244.444444,102.222222],[287.777778,326.666667,323.333333,364.444444],[330.0,163.333333,374.444444,204.444444],[375.555556,265.555556,410.0,304.444444],[387.777778,118.888889,415.555556,146.666667],[396.666667,163.333333,451.111111,206.666667],[397.777778,295.555556,424.444444,326.666667],[457.777778,262.222222,484.444444,310.0],[501.111111,251.111111,531.111111,278.888889],[542.222222,324.444444,567.777778,347.777778],[598.888889,212.222222,637.777778,251.111111]]","[[345.555556,246.666667,380.0,282.222222],[353.333333,98.888889,385.555556,130.0],[372.222222,50.0,415.555556,91.111111],[482.222222,167.777778,536.666667,218.888889],[547.777778,248.888889,577.777778,276.666667]]"
r_a546593f397242748775a6e8,images/i_eb18b11ced448e709728bcb4.jpg,g_e6281796d0f4b8fc643190b3,"[[75.555556,236.666667,98.888889,257.777778],[244.444444,274.444444,361.111111,368.888889]]","[[211.111111,152.222222,250.0,180.0],[377.777778,90.0,405.555556,114.444444],[446.666667,0.0,513.333333,57.777778]]"
r_2116c6223a311b3926fd1ed2,images/i_978a2d04add912b037601e58.jpg,g_e21cc6a5fb6ae7806e81a365,[],"[[317.777778,308.888889,378.888889,360.0]]"
r_5b9d89cad8cdcfc491f900b3,images/i_dbc24847dc26fa6d3b0b49f3.jpg,g_ba6e7e0f94fa8f8b65390c77,"[[304.444444,307.777778,338.888889,341.111111],[577.777778,140.0,612.222222,173.333333]]","[[492.222222,177.777778,526.666667,211.111111],[612.222222,4.444444,640.0,58.888889]]"
r_21b88438b4c10a4f467cac6b,images/i_e5fb41cb03eb00b68e257c39.jpg,g_cc3ea388b4d4e004f65afd57,"[[52.222222,482.222222,77.777778,511.111111],[321.111111,330.0,357.777778,373.333333],[415.555556,360.0,441.111111,390.0],[482.222222,437.777778,508.888889,471.111111],[598.888889,531.111111,633.333333,555.555556]]","[[154.444444,432.222222,193.333333,465.555556],[185.555556,246.666667,218.888889,284.444444],[536.666667,437.777778,565.555556,471.111111]]"
r_6375c973181e19f0fcddb93e,images/i_aba2b311d8f27047d5633e1b.jpg,g_7ff694f5713c1a79eafd230c,[],"[[267.777778,268.888889,310.0,315.555556]]"
r_90f72a184c680f3c6634c795,images/i_8fb55c72ad2d47b45af3df82.jpg,g_ce9c9e9e3f753dc631b7277b,[],"[[276.666667,267.777778,332.222222,323.333333]]"
r_21e4a1db364598017c7d7b92,images/i_40ee822deef5f97a6f5d5b52.jpg,g_42d729dbddb5095c7622cb4c,"[[183.333333,44.444444,215.555556,75.555556],[210.0,476.666667,243.333333,511.111111],[282.222222,58.888889,307.777778,86.666667],[293.333333,0.0,315.555556,20.0],[305.555556,264.444444,354.444444,314.444444]]","[[343.333333,310.0,382.222222,347.777778]]"
r_52eab5b1ba349a3d949af7cf,images/i_ac954bfca271e8748ee167cf.jpg,g_e6281796d0f4b8fc643190b3,"[[394.444444,313.333333,552.222222,406.666667],[466.666667,25.555556,494.444444,47.777778],[516.666667,0.0,577.777778,78.888889]]","[[230.0,123.333333,477.777778,473.333333],[443.333333,0.0,471.111111,21.111111]]"
r_349afa075fc39e24cfcc1516,images/i_4cdbe5a78d7d0282bb8fcad9.jpg,g_5cfda05e5cb8a679b4722802,[],"[[303.333333,280.0,342.222222,318.888889]]"
r_f4679a0eae0934cf53f14633,images/i_4a80794ecf0360b9eeba999f.jpg,g_4e10546f281c565f8b3f30b3,[],"[[311.111111,286.666667,362.222222,341.111111]]"
r_b5c4d30bc51645c789498762,images/i_8d4ac30933ae531e0b716e45.jpg,g_23eb36a8c4d463a340780911,"[[265.555556,295.555556,337.777778,405.555556]]","[[275.555556,258.888889,307.777778,291.111111]]"
r_47b9e5252fa62428b8e149bb,images/i_d7ca0275a85b1d27cc59a343.jpg,g_d6cb9e1e058f0bc69cb8f2f2,"[[201.111111,451.111111,233.333333,488.888889],[236.666667,517.777778,276.666667,552.222222],[260.0,445.555556,295.555556,485.555556],[300.0,457.777778,350.0,501.111111],[370.0,225.555556,427.777778,308.888889],[414.444444,54.444444,453.333333,101.111111],[457.777778,132.222222,525.555556,190.0],[466.666667,392.222222,492.222222,431.111111],[513.333333,546.666667,552.222222,583.333333],[524.444444,328.888889,555.555556,357.777778],[527.777778,395.555556,553.333333,445.555556],[538.888889,264.444444,566.666667,297.777778],[570.0,445.555556,640.0,568.888889],[591.111111,561.111111,614.444444,585.555556],[603.333333,331.111111,640.0,451.111111]]","[[282.222222,248.888889,333.333333,458.888889],[427.777778,103.333333,461.111111,136.666667],[438.888889,295.555556,468.888889,323.333333],[441.111111,353.333333,494.444444,396.666667],[475.555556,588.888889,546.666667,637.777778],[492.222222,186.666667,522.222222,226.666667],[552.222222,492.222222,591.111111,533.333333],[564.444444,591.111111,597.777778,624.444444],[588.888889,256.666667,625.555556,314.444444]]"
r_8f0c82b1d5ced7a46c641d4e,images/i_6627f555f0647b33e8e6590c.jpg,g_9b515d3089eb61142547d3f0,"[[277.777778,305.555556,318.888889,333.333333],[334.444444,332.222222,357.777778,360.0]]","[[268.888889,200.0,297.777778,248.888889]]"
r_37b2b125b5d17b79d3ed06a1,images/i_83168b5a323264877f306ee2.jpg,g_c74e313efe1e9313ec2eab55,[],"[[307.777778,245.555556,391.111111,343.333333]]"
r_b3618abb44c425df9f0bcc11,images/i_a1c04928c9772350782a20e6.jpg,g_de9c8bc8431c17b37cfcb146,[],"[[331.111111,303.333333,363.333333,342.222222]]"
r_14afeb4ab0bec30db5a5b718,images/i_4c43482915cc203c26d3ce90.jpg,g_a254a7d4bf548371f00ec9c3,"[[335.555556,315.555556,368.888889,350.0]]","[[351.111111,503.333333,373.333333,528.888889]]"
r_83e9e46f0ec5bf4d7b3d222d,images/i_e930789aa4bf21de817e2388.jpg,g_5c1373668118a2ecdb25dcce,"[[38.888889,533.333333,80.0,577.777778],[295.555556,106.666667,512.222222,362.222222],[345.555556,270.0,382.222222,308.888889],[401.111111,34.444444,431.111111,61.111111],[488.888889,346.666667,515.555556,377.777778],[522.222222,0.0,546.666667,12.222222],[554.444444,0.0,640.0,58.888889],[578.888889,232.222222,603.333333,255.555556]]","[[108.888889,187.777778,228.888889,256.666667],[166.666667,270.0,421.111111,394.444444],[217.777778,0.0,247.777778,23.333333],[356.666667,407.777778,392.222222,441.111111],[475.555556,0.0,496.666667,18.888889],[541.111111,0.0,587.777778,23.333333],[541.111111,516.666667,623.333333,590.0],[577.777778,476.666667,632.222222,533.333333]]"
r_dd8958402d960c32f2b8c35d,images/i_ebb94ac16bf99f97a35d69a4.jpg,g_6e8e0013c90631588dd146c0,[],"[[245.555556,261.111111,334.444444,336.666667]]"
r_fad4e99fb3ca85edd13172d5,images/i_fab20878e9adf66a297540cc.jpg,g_0235d1a86cf53fa9bcc317ac,"[[298.888889,295.555556,332.222222,367.777778]]","[[246.666667,157.777778,276.666667,185.555556]]"
r_87c176f74e73382ba90bb0ed,images/i_23fe646a3d03d55ea5b3571f.jpg,g_ea61804ec1b67732d75ad156,"[[252.222222,290.0,316.666667,343.333333],[365.555556,136.666667,397.777778,164.444444],[401.111111,145.555556,431.111111,177.777778],[416.666667,324.444444,448.888889,355.555556]]","[[347.777778,228.888889,390.0,267.777778]]"
r_0a0bfb1f0fc8de46d5090d60,images/i_21c6f45daf525114c7701d13.jpg,g_29ae63e99286b19b26f52e0c,[],"[[277.777778,275.555556,335.555556,344.444444]]"
r_0e5549afb5f579edfddd2cca,images/i_35c06229893ebd6574e4cfb2.jpg,g_cb72947b5686f3baba1f7986,"[[16.666667,451.111111,56.666667,490.0],[183.333333,566.666667,213.333333,594.444444],[217.777778,497.777778,240.0,520.0],[360.0,574.444444,382.222222,598.888889],[370.0,418.888889,398.888889,442.222222],[382.222222,334.444444,410.0,358.888889],[390.0,522.222222,420.0,550.0]]","[[26.666667,548.888889,56.666667,576.666667],[73.333333,474.444444,103.333333,502.222222],[225.555556,524.444444,253.333333,543.333333],[261.111111,555.555556,286.666667,582.222222],[305.555556,333.333333,338.888889,368.888889],[438.888889,480.0,468.888889,507.777778]]"
r_4a6e69dee14c8e2de17b8b38,images/i_183bc12624243748e3661991.jpg,g_6a1e0ae9c64195095fc69ee4,[],"[[250.0,178.888889,292.222222,230.0],[315.555556,310.0,345.555556,341.111111]]"
r_f72c77ea0f9edd8388990569,images/i_d3571c4124b9060d209d2bc6.jpg,g_c858d11984846fceccfa4a32,[],"[[274.444444,290.0,328.888889,347.777778]]"
r_f568461b7a03d75b15a77d9d,images/i_a143fee587199c4acb974728.jpg,g_78130b1b05552b8405310655,"[[257.777778,415.555556,302.222222,448.888889],[277.777778,174.444444,307.777778,202.222222],[287.777778,246.666667,324.444444,274.444444],[296.666667,322.222222,335.555556,364.444444]]","[[254.444444,226.666667,276.666667,252.222222],[420.0,37.777778,452.222222,71.111111]]"
r_cf4bab9f13c1b3e9a161dc8c,images/i_e5626313094fb935a4b5f8d7.jpg,g_5c1373668118a2ecdb25dcce,"[[187.777778,341.111111,371.111111,563.333333],[194.444444,526.666667,226.666667,556.666667],[280.0,444.444444,307.777778,471.111111],[307.777778,435.555556,334.444444,471.111111],[314.444444,522.222222,350.0,551.111111],[524.444444,308.888889,565.555556,350.0]]","[[167.777778,507.777778,198.888889,537.777778],[188.888889,403.333333,220.0,433.333333],[211.111111,316.666667,396.666667,406.666667],[283.333333,510.0,318.888889,548.888889],[407.777778,322.222222,446.666667,366.666667]]"
r_dc5cfdd43774c4b89f7ae652,images/i_d9a814397b011ef2274a133b.jpg,g_184172b40442bf5ad50fe06f,[],"[[268.888889,257.777778,378.888889,368.888889],[415.555556,385.555556,541.111111,427.777778]]"
r_60d439b29e7a5f13d235ee91,images/i_715db62bd79ed7c4e4cfafed.jpg,g_f1c9bd53aaaf4c0e6ad83d17,"[[342.222222,288.888889,370.0,338.888889]]","[[530.0,331.111111,640.0,526.666667]]"
r_c78b5cc60759810c69c8b277,images/i_5e57b762a59093efc70a8309.jpg,g_44d271278278e63b28fbdde4,"[[7.777778,120.0,40.0,154.444444],[202.222222,317.777778,236.666667,353.333333],[235.555556,557.777778,263.333333,587.777778],[255.555556,58.888889,284.444444,90.0],[260.0,86.666667,287.777778,117.777778],[261.111111,311.111111,312.222222,365.555556],[280.0,576.666667,300.0,600.0],[438.888889,42.222222,467.777778,73.333333],[451.111111,582.222222,484.444444,617.777778],[455.555556,256.666667,493.333333,295.555556],[600.0,136.666667,621.111111,164.444444],[622.222222,305.555556,640.0,334.444444]]","[[243.333333,43.333333,271.111111,74.444444],[495.555556,216.666667,517.777778,242.222222],[565.555556,190.0,596.666667,225.555556]]"
r_020db564d459f44ca72c4d33,images/i_d9f1ba44222f696819a94b70.jpg,g_153f2ceabbf7fb25df867ef6,[],"[[237.777778,258.888889,346.666667,390.0]]"
r_7bc1d4938f420ea54574a142,images/i_ae8941977749be5a320f4b43.jpg,g_ea42b193f242d41a0351a59c,"[[178.888889,268.888889,213.333333,304.444444]]","[[291.111111,282.222222,348.888889,328.888889]]"
r_cc1ebe6ea324a18dc7af72d0,images/i_869eb0f2134185261d2d3a46.jpg,g_d55f5493062a9cbb1e7e3d9e,[],"[[292.222222,256.666667,401.111111,400.0]]"
r_f064d976c9a65ca2b0c53edb,images/i_96995e392b5a5bd04ce38985.jpg,g_6c88eb88dbf1badd5e32be34,[],"[[272.222222,271.111111,304.444444,308.888889]]"
r_b33574fc36f85ba2353f08f5,images/i_0efca2b168bb6b8b42abc9ca.jpg,g_1d81aad40de49082b4d26c48,"[[285.555556,330.0,343.333333,374.444444]]","[[498.888889,197.777778,536.666667,241.111111]]"
r_e129ca0baf52fdd6f3229ab3,images/i_cb83cec44a25ad44865fe60f.jpg,g_5290fca411fea8a08ea998ef,"[[202.222222,97.777778,236.666667,133.333333],[261.111111,22.222222,287.777778,47.777778],[333.333333,285.555556,368.888889,326.666667],[355.555556,511.111111,407.777778,558.888889]]","[[130.0,273.333333,162.222222,303.333333],[280.0,234.444444,395.555556,310.0],[286.666667,296.666667,344.444444,351.111111]]"
r_d200e03ba049be69c02b94d8,images/i_985fd1897899b1c7333f2309.jpg,g_f1c9bd53aaaf4c0e6ad83d17,"[[237.777778,314.444444,263.333333,340.0],[288.888889,302.222222,350.0,370.0]]","[[432.222222,254.444444,474.444444,291.111111]]"
r_eece051e43ae51a18996138b,images/i_ab701aad3505de29ddd42582.jpg,g_d4a86d3d4df428375207db58,[],"[[275.555556,303.333333,347.777778,375.555556]]"
r_6b3323dcbd50c3632b14fb1b,images/i_83b6f08c8e1635f12cf2a9f4.jpg,g_9c5de3ce82a1d2be0e8f37ea,[],"[[293.333333,278.888889,374.444444,365.555556]]"
r_e0ba1d9ac5ead1faf984b6be,images/i_b2efe9a98dda54d214ad47dd.jpg,g_de9c8bc8431c17b37cfcb146,[],"[[266.666667,303.333333,333.333333,361.111111]]"
r_96b38d9eae7f9b65900706c5,images/i_aec650fc5a3765e2fbd60e7e.jpg,g_146dc2b2eee78be8868b9575,"[[0.0,168.888889,20.0,191.111111],[2.222222,197.777778,27.777778,221.111111],[72.222222,405.555556,94.444444,428.888889],[74.444444,478.888889,96.666667,500.0],[108.888889,160.0,136.666667,192.222222],[172.222222,308.888889,203.333333,340.0],[178.888889,0.0,205.555556,28.888889],[222.222222,336.666667,257.777778,372.222222],[235.555556,2.222222,261.111111,23.333333],[252.222222,336.666667,276.666667,360.0],[272.222222,408.888889,306.666667,442.222222],[286.666667,121.111111,317.777778,152.222222],[321.111111,420.0,344.444444,447.777778],[333.333333,412.222222,363.333333,444.444444],[356.666667,442.222222,377.777778,478.888889]]","[[0.0,146.666667,18.888889,170.0],[46.666667,192.222222,72.222222,218.888889],[52.222222,495.555556,83.333333,533.333333],[113.333333,187.777778,138.888889,214.444444],[188.888889,275.555556,214.444444,306.666667],[281.111111,523.333333,311.111111,550.0],[285.555556,320.0,318.888889,356.666667],[296.666667,401.111111,322.222222,428.888889],[343.333333,436.666667,366.666667,462.222222]]"
r_11566ca2a78e6fcd007c0d29,images/i_d8a59ee0810e13ccc0bbb341.jpg,g_d6cb9e1e058f0bc69cb8f2f2,"[[296.666667,111.111111,326.666667,136.666667],[298.888889,313.333333,342.222222,357.777778],[318.888889,227.777778,354.444444,272.222222],[346.666667,0.0,457.777778,48.888889],[354.444444,64.444444,386.666667,102.222222],[378.888889,294.444444,410.0,330.0]]","[[351.111111,163.333333,378.888889,191.111111],[373.333333,322.222222,404.444444,356.666667]]"
r_9eec202a5f58a8f17081428d,images/i_1ffdee88af740a619caa3c7c.jpg,g_ffa90c178359a98d23f9b712,"[[198.888889,262.222222,448.888889,423.333333],[286.666667,164.444444,362.222222,312.222222]]","[[174.444444,145.555556,335.555556,356.666667]]"
r_2d692a589cc764aa724c5eec,images/i_0a30586ca55a606ea577e277.jpg,g_34d9e5610745be3b4cabfe2c,[],"[[334.444444,300.0,370.0,325.555556]]"
r_7c874c58781083bfc50c3265,images/i_9e6d1c7eb40d12d6bf600547.jpg,g_6c57984b9ece01c116475ee4,[],"[[260.0,304.444444,321.111111,364.444444]]"
r_6999c5a605b80075aada8210,images/i_de8bb633b669953faa9d58e9.jpg,g_f1cbae0626c27c37bea3d945,"[[590.0,81.111111,623.333333,107.777778]]","[[173.333333,274.444444,197.777778,312.222222],[306.666667,316.666667,343.333333,355.555556],[365.555556,196.666667,401.111111,233.333333]]"
r_976e7f460bf906f24797b00f,images/i_a9e67c919cf7a334e22daa07.jpg,g_5f24e12d13cfee74d122526a,"[[278.888889,290.0,420.0,362.222222]]","[[177.777778,572.222222,203.333333,608.888889],[217.777778,405.555556,273.333333,461.111111],[447.777778,350.0,508.888889,401.111111]]"
r_b16d18657a2668d92dcfe2d3,images/i_b8e352bdef029f806a763b98.jpg,g_f72c8d3b8d96ab6e0d56c87f,[],"[[333.333333,274.444444,366.666667,310.0]]"
r_5c2dbecc82f0dea43a97c705,images/i_1a5a31336b9343fdbd0d0f60.jpg,g_9bcb50d3d7f42264aba6f4ee,"[[114.444444,186.666667,225.555556,298.888889],[187.777778,96.666667,330.0,180.0]]","[[248.888889,231.111111,452.222222,340.0]]"
r_967c6132407f1fc003698d81,images/i_3c5cd13236742e1ef07a5dad.jpg,g_a2a3c8b7a2c03f58d0aefcfe,[],"[[292.222222,305.555556,320.0,337.777778]]"
r_2b18b388621be9ef7730098f,images/i_5c7053a5dc53eeb303ba2edf.jpg,g_548716fabb146405ff0421e8,"[[0.0,443.333333,18.888889,475.555556],[40.0,487.777778,67.777778,516.666667],[112.222222,580.0,156.666667,623.333333],[212.222222,313.333333,452.222222,377.777778],[253.333333,71.111111,281.111111,104.444444],[254.444444,416.666667,285.555556,442.222222],[372.222222,361.111111,396.666667,390.0],[397.777778,26.666667,438.888889,54.444444],[602.222222,246.666667,640.0,285.555556],[611.111111,140.0,640.0,178.888889],[618.888889,76.666667,640.0,106.666667]]","[[316.666667,185.555556,337.777778,213.333333],[431.111111,523.333333,455.555556,546.666667]]"
r_8d0ecc5da3a083b42301f129,images/i_0cf7178403dfce316372751d.jpg,g_d53c0806a84d48de3a05f1f6,"[[134.444444,145.555556,178.888889,185.555556],[144.444444,352.222222,181.111111,383.333333],[181.111111,437.777778,200.0,455.555556],[212.222222,463.333333,231.111111,483.333333],[214.444444,424.444444,231.111111,441.111111],[231.111111,405.555556,250.0,424.444444],[233.333333,521.111111,251.111111,535.555556],[403.333333,86.666667,418.888889,103.333333],[530.0,611.111111,557.777778,640.0]]","[[117.777778,404.444444,136.666667,422.222222],[263.333333,354.444444,291.111111,388.888889],[320.0,330.0,368.888889,380.0],[532.222222,494.444444,554.444444,513.333333]]"
r_326c37908e992cf25809e98b,images/i_26b59b95ab20f90aec0b05a3.jpg,g_88347a5d6d69778dfa061c64,"[[264.444444,315.555556,323.333333,348.888889]]","[[51.111111,160.0,112.222222,191.111111],[57.777778,115.555556,87.777778,166.666667],[210.0,577.777778,321.111111,617.777778],[247.777778,525.555556,313.333333,632.222222]]"
r_6ffba3a4691b9c416dd18528,images/i_123de6e084ebbb5c37e1a411.jpg,g_1dce7dad33fee5f962118a90,"[[281.111111,354.444444,315.555556,394.444444]]","[[275.555556,291.111111,316.666667,338.888889],[528.888889,547.777778,557.777778,573.333333]]"
r_f3251b4becb2e9a57f0081b6,images/i_960f34e57864565940d2a1c9.jpg,g_c96e38f77d47b4d3b2bb7261,"[[34.444444,254.444444,64.444444,274.444444],[64.444444,376.666667,105.555556,414.444444],[92.222222,536.666667,126.666667,567.777778],[95.555556,7.777778,131.111111,55.555556],[103.333333,580.0,125.555556,611.111111],[125.555556,268.888889,155.555556,298.888889],[161.111111,148.888889,190.0,176.666667],[173.333333,536.666667,205.555556,563.333333],[266.666667,188.888889,300.0,232.222222],[324.444444,188.888889,358.888889,223.333333],[363.333333,165.555556,392.222222,193.333333],[415.555556,576.666667,441.111111,603.333333],[427.777778,382.222222,453.333333,414.444444],[463.333333,131.111111,486.666667,152.222222],[482.222222,83.333333,508.888889,110.0],[534.444444,564.444444,564.444444,595.555556]]","[[47.777778,230.0,67.777778,254.444444],[127.777778,246.666667,155.555556,277.777778],[177.777778,146.666667,208.888889,182.222222],[181.111111,464.444444,211.111111,492.222222],[234.444444,226.666667,264.444444,256.666667],[284.444444,515.555556,314.444444,543.333333],[325.555556,287.777778,375.555556,354.444444],[343.333333,258.888889,368.888889,285.555556],[480.0,118.888889,514.444444,146.666667],[511.111111,446.666667,537.777778,473.333333],[518.888889,0.0,548.888889,16.666667]]"
r_4662ab506649383c8bb775eb,images/i_5ec3f09a2438dc4355f9d9aa.jpg,g_d1725e57df24fd54034c1408,"[[125.555556,208.888889,156.666667,313.333333],[231.111111,188.888889,350.0,300.0]]","[[296.666667,263.333333,371.111111,324.444444]]"
r_98e11438ff70e1674663172b,images/i_db8f2f9dd4b6e3e3c9faa915.jpg,g_f2dc079204224fda4d7a7823,"[[302.222222,308.888889,352.222222,336.666667]]","[[110.0,345.555556,148.888889,373.333333]]"
r_ca12dc754e04411ce7dc7b06,images/i_395a08281f43db9070ddf754.jpg,g_b41fd45db741a62cc11cd640,"[[306.666667,256.666667,383.333333,321.111111]]","[[317.777778,312.222222,377.777778,371.111111]]"
r_d0cf964440c8c32808a17010,images/i_bf645676182d8b42507b0fea.jpg,g_97708d237a2b75dbb2f531e5,"[[321.111111,265.555556,360.0,304.444444],[382.222222,470.0,414.444444,503.333333]]","[[538.888889,160.0,564.444444,184.444444]]"
r_1edac68b057d167e0a41e6d9,images/i_f1a53be59335b1fdd8e54f54.jpg,g_1b3e23e135cfae81910ef24c,[],"[[281.111111,284.444444,375.555556,376.666667]]"
r_ec54fbc78b26bb03e1b9a2e4,images/i_4da7e052446b0058cd661ef8.jpg,g_986eed83a5135fe045b4789c,"[[15.555556,558.888889,37.777778,583.333333],[38.888889,531.111111,72.222222,563.333333],[122.222222,333.333333,152.222222,361.111111],[282.222222,277.777778,393.333333,405.555556],[493.333333,558.888889,523.333333,588.888889],[510.0,464.444444,540.0,491.111111]]","[[35.555556,41.111111,105.555556,76.666667],[278.888889,494.444444,305.555556,527.777778],[482.222222,616.666667,512.222222,640.0],[523.333333,447.777778,562.222222,474.444444]]"
r_cdabb9efac8d274e789c63c0,images/i_b40578a9c500c21df26cf4c7.jpg,g_bafa28746008aa0f7ed88ae8,"[[0.0,388.888889,46.666667,465.555556]]","[[0.0,213.333333,80.0,341.111111],[168.888889,172.222222,426.666667,455.555556]]"
r_6dd219ff5c0167b6a19c250e,images/i_44243c0360d9b081c0716f82.jpg,g_153f2ceabbf7fb25df867ef6,"[[263.333333,316.666667,352.222222,370.0],[396.666667,406.666667,430.0,445.555556],[404.444444,356.666667,460.0,412.222222],[573.333333,441.111111,635.555556,507.777778]]","[[380.0,252.222222,407.777778,274.444444]]"
r_06068eac40a600238f0b5c43,images/i_57529cb53db8be60d2179ddf.jpg,g_5c1373668118a2ecdb25dcce,"[[222.222222,135.555556,283.333333,174.444444],[320.0,355.555556,351.111111,390.0],[375.555556,405.555556,436.666667,431.111111]]","[[126.666667,463.333333,256.666667,628.888889],[197.777778,193.333333,234.444444,215.555556],[294.444444,323.333333,350.0,378.888889],[466.666667,511.111111,497.777778,545.555556]]"
r_8f931298302015f4d3a0d36e,images/i_e3048beace23d458c958bbd3.jpg,g_bf01f9b170757e39b73ae135,[],"[[325.555556,284.444444,381.111111,340.0]]"
r_1e25d1674f2a204e247627e4,images/i_e6cff55c9808634b936c3cc3.jpg,g_4a1b94e08d14d21a2ded82be,[],"[[283.333333,303.333333,320.0,331.111111]]"
r_9df8ade300b5a56f7bf4d289,images/i_771da8fb811076243e1532fa.jpg,g_6e8e0013c90631588dd146c0,"[[242.222222,260.0,436.666667,354.444444],[328.888889,387.777778,384.444444,443.333333],[386.666667,230.0,473.333333,292.222222]]","[[406.666667,348.888889,514.444444,443.333333]]"
r_f0ef4487aa372a89973f26e0,images/i_68ceb943370f45edfbe0be90.jpg,g_22e98dfea81ddd5d806b4742,[],"[[305.555556,288.888889,336.666667,321.111111]]"
r_76d4316d0e09012af87b1b79,images/i_8fc6b4eb5c1740e5c0e47261.jpg,g_5cb7167e8547e0fbb383d4df,[],"[[192.222222,296.666667,461.111111,410.0]]"
r_1169db1f69c3d98aa96a7986,images/i_4389b1037cd531a62a6bca49.jpg,g_a2a3c8b7a2c03f58d0aefcfe,[],"[[335.555556,307.777778,362.222222,337.777778]]"
r_adab6efc5988f7ad99d6086a,images/i_26a519d5a1fe5df75673bd7c.jpg,g_153f2ceabbf7fb25df867ef6,"[[57.777778,115.555556,92.222222,153.333333],[88.888889,501.111111,127.777778,543.333333],[181.111111,472.222222,211.111111,501.111111]]","[[10.0,0.0,101.111111,47.777778],[16.666667,190.0,52.222222,232.222222],[313.333333,315.555556,348.888889,357.777778]]"
r_d3912708cde600a675bd120c,images/i_08023389f0274d7a5cd45635.jpg,g_4f53fe9e9c32c6a28be5ba47,"[[536.666667,294.444444,572.222222,425.555556]]","[[236.666667,265.555556,447.777778,376.666667]]"
r_bd7aac71d53fbec9e836b48d,images/i_4dfa1f75f8df50b413cb6c96.jpg,g_63a0200e0e708ab30df42a1e,"[[171.111111,375.555556,291.111111,434.444444],[182.222222,434.444444,215.555556,476.666667],[497.777778,458.888889,550.0,504.444444]]","[[0.0,0.0,95.555556,126.666667],[186.666667,415.555556,208.888889,437.777778],[221.111111,80.0,251.111111,111.111111],[273.333333,173.333333,406.666667,423.333333]]"
r_f387557ca2f13dc13fa425b8,images/i_18c045d0c4f471d137a3de40.jpg,g_9b84a0e70cd2222728d660da,"[[292.222222,294.444444,371.111111,354.444444]]","[[43.333333,1.111111,91.111111,83.333333]]"
r_9555ee01863345675c5c6a55,images/i_9adae107742d1f9595cce0dd.jpg,g_34069ada4455e034b50c9255,"[[130.0,597.777778,173.333333,640.0],[174.444444,570.0,277.777778,640.0],[250.0,617.777778,303.333333,640.0],[253.333333,0.0,546.666667,218.888889],[270.0,574.444444,300.0,603.333333],[311.111111,215.555556,333.333333,243.333333],[340.0,275.555556,381.111111,318.888889],[390.0,493.333333,414.444444,518.888889],[435.555556,527.777778,470.0,561.111111],[442.222222,491.111111,463.333333,513.333333],[447.777778,345.555556,483.333333,377.777778],[464.444444,428.888889,493.333333,462.222222]]","[[0.0,281.111111,37.777778,482.222222],[15.555556,125.555556,132.222222,327.777778],[220.0,220.0,248.888889,260.0],[300.0,276.666667,344.444444,317.777778],[303.333333,240.0,327.777778,267.777778],[436.666667,374.444444,464.444444,405.555556],[453.333333,367.777778,480.0,396.666667],[530.0,477.777778,563.333333,521.111111],[557.777778,190.0,587.777778,223.333333]]"
r_6ba5a3213951884e6c7344dc,images/i_7742a63e68044e749a5bb319.jpg,g_82b493e0509a28693dd8228c,[],"[[328.888889,277.777778,361.111111,303.333333]]"
r_9cd7618f10c15a8f0d2c674e,images/i_eef157c7a97b43f03288473f.jpg,g_ffa90c178359a98d23f9b712,"[[0.0,380.0,51.111111,424.444444],[0.0,553.333333,160.0,640.0],[98.888889,547.777778,328.888889,628.888889],[141.111111,197.777778,264.444444,455.555556],[150.0,282.222222,323.333333,372.222222],[170.0,473.333333,554.444444,640.0],[348.888889,246.666667,421.111111,350.0]]","[[0.0,334.444444,82.222222,421.111111],[0.0,438.888889,162.222222,630.0],[285.555556,291.111111,318.888889,335.555556],[293.333333,196.666667,346.666667,398.888889],[344.444444,566.666667,614.444444,611.111111],[482.222222,591.111111,590.0,640.0],[490.0,321.111111,563.333333,366.666667]]"
r_a5a41b8578534f6132c9e27e,images/i_fada96579b44970cb0222073.jpg,g_15ee6bdec434a30a1c27101d,[],"[[254.444444,261.111111,308.888889,335.555556]]"
r_6aa5976b337b4b91ead8c493,images/i_989e3b1fd6fc3aca79a61dce.jpg,g_9b33df72f2355678cd07048b,[],"[[315.555556,325.555556,347.777778,361.111111]]"
r_d57b5865352ac1d8b6071457,images/i_c6a189fcbf2d7d93a4fdee2d.jpg,g_5c1373668118a2ecdb25dcce,"[[236.666667,265.555556,367.777778,394.444444],[277.777778,12.222222,326.666667,40.0],[333.333333,603.333333,356.666667,630.0],[405.555556,434.444444,474.444444,572.222222],[418.888889,273.333333,490.0,364.444444],[452.222222,470.0,477.777778,493.333333],[596.666667,431.111111,635.555556,470.0],[607.777778,4.444444,633.333333,34.444444]]","[[351.111111,415.555556,405.555556,470.0]]"
r_ad801b8fb127d23f4da129f1,images/i_447fcaf0b5f1dbda18d8e732.jpg,g_60311e780a136147b3e08279,[],"[[281.111111,245.555556,357.777778,404.444444]]"
r_65e20799c4c2f54f2291c039,images/i_14dbe73d7bb2f2200f655c34.jpg,g_924fb38a4039112e215fd0f2,[],"[[323.333333,272.222222,378.888889,327.777778]]"
r_d0991dee8cbc8f13871ce846,images/i_2d177289b3157dd021a8436a.jpg,g_dfcdb9f3eaade72b7aee0dae,"[[292.222222,205.555556,323.333333,223.333333],[336.666667,282.222222,364.444444,304.444444],[440.0,347.777778,456.666667,364.444444],[528.888889,245.555556,553.333333,267.777778]]","[[358.888889,145.555556,383.333333,165.555556]]"
r_68cc886f4c546c0cf6cd3013,images/i_a255ceb2d4a7c615db629a5b.jpg,g_986eed83a5135fe045b4789c,"[[66.666667,586.666667,108.888889,627.777778],[110.0,525.555556,135.555556,556.666667],[132.222222,603.333333,157.777778,627.777778],[485.555556,624.444444,515.555556,640.0],[493.333333,537.777778,518.888889,568.888889],[576.666667,535.555556,604.444444,563.333333],[613.333333,487.777778,640.0,512.222222]]","[[18.888889,158.888889,65.555556,207.777778],[44.444444,488.888889,70.0,520.0],[314.444444,285.555556,343.333333,306.666667]]"
r_ba433ae1f8b68515495f1823,images/i_3199db3603e888b015678e8a.jpg,g_bc4b41910ede1dbb166e4ff0,"[[291.111111,260.0,357.777778,340.0],[354.444444,353.333333,410.0,408.888889],[434.444444,608.888889,534.444444,640.0]]","[[326.666667,447.777778,373.333333,478.888889]]"
r_41b6432814272880c9390a3e,images/i_1dcd22e99a8e22596b6efdf7.jpg,g_c96e38f77d47b4d3b2bb7261,"[[67.777778,295.555556,95.555556,313.333333],[106.666667,47.777778,143.333333,80.0],[107.777778,21.111111,128.888889,53.333333],[190.0,295.555556,220.0,317.777778],[254.444444,275.555556,282.222222,410.0],[312.222222,310.0,361.111111,360.0],[327.777778,547.777778,353.333333,566.666667],[453.333333,623.333333,497.777778,640.0],[524.444444,508.888889,550.0,527.777778]]","[[46.666667,331.111111,73.333333,353.333333],[216.666667,251.111111,250.0,275.555556],[256.666667,516.666667,281.111111,542.222222],[294.444444,191.111111,347.777778,232.222222],[364.444444,531.111111,408.888889,570.0],[386.666667,358.888889,416.666667,384.444444]]"
r_5274a25688b522ad88e76750,images/i_99c96e375d8238cc4cc4bb14.jpg,g_78130b1b05552b8405310655,"[[51.111111,132.222222,87.777778,167.777778],[144.444444,411.111111,182.222222,457.777778],[173.333333,334.444444,206.666667,366.666667],[278.888889,301.111111,325.555556,351.111111],[305.555556,153.333333,342.222222,197.777778]]","[[110.0,325.555556,161.111111,358.888889],[194.444444,147.777778,233.333333,186.666667]]"
r_3ce5af45274fa26fcceaaa25,images/i_8a7cf281a0dc77aa723ae291.jpg,g_cd2ef0422a57f279f0c6ffac,"[[187.777778,167.777778,226.666667,248.888889],[243.333333,0.0,307.777778,58.888889],[295.555556,148.888889,313.333333,167.777778],[306.666667,295.555556,387.777778,386.666667],[475.555556,394.444444,531.111111,450.0]]","[[126.666667,142.222222,240.0,233.333333],[321.111111,104.444444,345.555556,132.222222]]"
r_a07a8ca538e1dd0dde1c9f8f,images/i_3ab2f004ecb37a26ef23bd9b.jpg,g_9fcf44edcc794f9a725aa4ef,"[[178.888889,541.111111,213.333333,580.0],[267.777778,310.0,337.777778,394.444444],[464.444444,520.0,510.0,568.888889],[532.222222,266.666667,572.222222,318.888889]]","[[542.222222,530.0,584.444444,570.0]]"
r_98a7cff5d97b42c9dd1c0358,images/i_6af380ef8edbc5c411b900e4.jpg,g_a3138d25ea424607be952fbd,[],"[[281.111111,278.888889,347.777778,422.222222]]"
r_bd18b96f3e853be737b60bb2,images/i_ee3a69ff807df4b1ad4628ef.jpg,g_b4c454603fbee2555a70c026,"[[235.555556,200.0,272.222222,232.222222],[257.777778,238.888889,285.555556,268.888889],[274.444444,277.777778,313.333333,313.333333]]","[[305.555556,92.222222,326.666667,116.666667]]"
r_d0bb4a7fae394735be3eb597,images/i_b95566c3f1b0ce3e1639375f.jpg,g_146dc2b2eee78be8868b9575,"[[16.666667,351.111111,46.666667,375.555556],[76.666667,432.222222,100.0,456.666667],[184.444444,421.111111,215.555556,453.333333],[193.333333,151.111111,548.888889,423.333333],[250.0,475.555556,308.888889,512.222222]]","[[20.0,397.777778,52.222222,436.666667],[140.0,171.111111,160.0,195.555556],[345.555556,431.111111,468.888889,523.333333]]"
r_ca8a8af5701ebd0c0b477b64,images/i_5c8f7986145a961741531bd9.jpg,g_84b524d03609955bccc4e798,"[[306.666667,328.888889,340.0,367.777778],[373.333333,100.0,403.333333,135.555556]]","[[290.0,102.222222,325.555556,135.555556]]"
r_f30beab06590227b104c3f67,images/i_9771f6d9c1b1ce4eca8da8fd.jpg,g_60311e780a136147b3e08279,[],"[[261.111111,237.777778,385.555556,368.888889]]"
r_36d170d6e91f63584126321a,images/i_eba9c993f67143dfabc625bd.jpg,g_42d729dbddb5095c7622cb4c,"[[56.666667,126.666667,140.0,214.444444],[274.444444,341.111111,384.444444,421.111111]]","[[107.777778,80.0,145.555556,105.555556],[276.666667,172.222222,426.666667,421.111111],[298.888889,126.666667,323.333333,150.0]]"
r_988ef03d26685f796d0bb2c2,images/i_94b927decc497dff1c966608.jpg,g_9211f1a370d3940156018225,"[[16.666667,238.888889,47.777778,272.222222],[38.888889,521.111111,72.222222,564.444444],[54.444444,172.222222,74.444444,197.777778],[64.444444,366.666667,105.555556,402.222222],[151.111111,241.111111,182.222222,272.222222],[245.555556,264.444444,283.333333,297.777778],[307.777778,227.777778,386.666667,464.444444],[321.111111,290.0,353.333333,325.555556],[527.777778,188.888889,564.444444,222.222222],[616.666667,178.888889,640.0,205.555556]]","[[0.0,212.222222,22.222222,234.444444],[68.888889,267.777778,87.777778,290.0],[132.222222,150.0,156.666667,188.888889],[132.222222,340.0,165.555556,370.0],[173.333333,50.0,210.0,92.222222],[261.111111,136.666667,290.0,164.444444],[546.666667,55.555556,586.666667,95.555556],[572.222222,173.333333,596.666667,205.555556]]"
r_8f7ebb7c156aacfd9a39ef26,images/i_3571ec386786e699b6fac076.jpg,g_495fc3e5170e839c82003c16,"[[402.222222,202.222222,425.555556,232.222222]]","[[53.333333,0.0,106.666667,23.333333],[214.444444,82.222222,250.0,110.0],[257.777778,466.666667,282.222222,495.555556],[258.888889,206.666667,364.444444,376.666667]]"
r_3247fc59c7d1d4ec3e8b9a7c,images/i_dfb1472ef7082d696ae892a9.jpg,g_fa03ad2b8ba37a4ff505f60c,[],"[[303.333333,332.222222,325.555556,356.666667]]"
r_69ccc6223920e92c9bfa7597,images/i_3491169e3a10026febb0f3d7.jpg,g_2d7b98cd7c371884a7dd41f9,"[[232.222222,457.777778,261.111111,486.666667],[467.777778,288.888889,497.777778,317.777778],[540.0,546.666667,568.888889,576.666667],[554.444444,384.444444,584.444444,413.333333],[574.444444,367.777778,604.444444,396.666667],[604.444444,602.222222,640.0,640.0]]","[[263.333333,291.111111,314.444444,378.888889],[496.666667,558.888889,525.555556,587.777778],[498.888889,330.0,531.111111,363.333333]]"
r_9fdd93f9bb5e4d690e642dac,images/i_63a63a8b7d9711df2e82f29f.jpg,g_34069ada4455e034b50c9255,"[[444.444444,245.555556,526.666667,408.888889],[556.666667,431.111111,585.555556,458.888889],[595.555556,210.0,640.0,267.777778]]","[[296.666667,332.222222,324.444444,365.555556],[532.222222,480.0,558.888889,507.777778],[587.777778,592.222222,614.444444,616.666667],[610.0,562.222222,640.0,594.444444]]"
r_5999673619162d717bf736c2,images/i_ded5971f12ec68088ee3a14a.jpg,g_5f24e12d13cfee74d122526a,"[[320.0,265.555556,375.555556,393.333333]]","[[232.222222,71.111111,283.333333,160.0]]"
r_0120db8af0029212d35cb8b3,images/i_90c7198256807472bddc6afe.jpg,g_c6bfbd0e166e990331c47e0f,[],"[[228.888889,292.222222,351.111111,353.333333]]"
r_f16c270ff1bf382b17b818b8,images/i_e1ffa9e2e221fe9417074789.jpg,g_16dac7121c1573de8e88a546,"[[203.333333,458.888889,230.0,487.777778],[216.666667,283.333333,235.555556,305.555556],[226.666667,300.0,246.666667,326.666667],[226.666667,614.444444,265.555556,640.0],[264.444444,321.111111,282.222222,342.222222],[276.666667,177.777778,303.333333,208.888889],[286.666667,283.333333,317.777778,318.888889],[382.222222,347.777778,413.333333,381.111111],[410.0,557.777778,428.888889,578.888889]]","[[188.888889,482.222222,207.777778,510.0],[238.888889,173.333333,260.0,193.333333],[298.888889,438.888889,332.222222,470.0],[457.777778,247.777778,478.888889,266.666667]]"
r_1ff8309c46b8d39d1f019e9a,images/i_f6bcfa6d7ec629f8b948034f.jpg,g_1a8abc0f139145cb078f7e0a,[],"[[272.222222,274.444444,374.444444,383.333333]]"
r_eac6e657df95f9e1aa001c99,images/i_510034e522a69024e208fb7d.jpg,g_153f2ceabbf7fb25df867ef6,"[[0.0,321.111111,33.333333,376.666667],[36.666667,218.888889,70.0,248.888889],[86.666667,253.333333,177.777778,304.444444],[272.222222,258.888889,330.0,323.333333],[498.888889,540.0,532.222222,578.888889]]","[[266.666667,185.555556,303.333333,232.222222]]"
r_8e54d6219b92fcd3616fe2fd,images/i_e390ebf42f7692eb0522c717.jpg,g_146012b47cdbc82cff624cd4,"[[228.888889,227.777778,395.555556,438.888889],[383.333333,264.444444,466.666667,350.0],[392.222222,194.444444,451.111111,261.111111],[405.555556,11.111111,606.666667,116.666667],[408.888889,131.111111,462.222222,188.888889],[433.333333,457.777778,525.555556,575.555556],[571.111111,475.555556,640.0,597.777778],[578.888889,0.0,612.222222,23.333333],[592.222222,28.888889,638.888889,73.333333],[614.444444,618.888889,640.0,640.0]]","[[364.444444,442.222222,406.666667,521.111111],[561.111111,70.0,640.0,111.111111]]"
r_841c51cc6fef216cf2c255e1,images/i_6e078b208e3ef2f9b65b9914.jpg,g_a4210be79774593b4d46de0a,[],"[[298.888889,322.222222,337.777778,383.333333]]"
r_c3c33489b72fdf1e6ebf94ff,images/i_4a94753434d7fc7be9b06ae5.jpg,g_2bd6cd7b34f650038dc26ba2,"[[16.666667,275.555556,100.0,398.888889],[338.888889,214.444444,365.555556,235.555556],[393.333333,85.555556,443.333333,172.222222],[447.777778,0.0,540.0,104.444444]]","[[0.0,392.222222,46.666667,620.0],[42.222222,0.0,135.555556,155.555556],[341.111111,271.111111,363.333333,295.555556]]"
r_31c7bdb9767e4720fcc05578,images/i_7c49845644e9b2700253a72f.jpg,g_8f8c7b10c7f320afe6437d70,"[[140.0,195.555556,175.555556,232.222222],[140.0,536.666667,170.0,580.0],[278.888889,90.0,315.555556,115.555556],[313.333333,287.777778,396.666667,412.222222]]","[[73.333333,11.111111,130.0,72.222222],[260.0,287.777778,302.222222,341.111111],[293.333333,247.777778,338.888889,292.222222],[300.0,347.777778,326.666667,378.888889]]"
r_809f92af683937b187700a9c,images/i_eeefb9ee34767ce0f7df97ed.jpg,g_992f01e913af81f05e3bca5e,[],"[[324.444444,264.444444,380.0,322.222222]]"
r_f524bea7d2940adb504ee1d8,images/i_ca5b148fb157c54c8cdc704d.jpg,g_2a5616900e2d25e1d6bf7bf6,"[[298.888889,277.777778,340.0,332.222222]]","[[68.888889,0.0,124.444444,47.777778]]"
r_b870f70c45d15b98a10f6875,images/i_bbe90c27245096c1bd1bc5fc.jpg,g_d296babea1e499200679368b,"[[0.0,160.0,46.666667,214.444444]]","[[0.0,348.888889,26.666667,373.333333],[1.111111,282.222222,85.555556,317.777778],[188.888889,224.444444,384.444444,356.666667]]"
r_b408fda66c20f6b9d8884892,images/i_6aad5a7a84b9a57b0e4b7ea6.jpg,g_2d573ae2db908b7a97bb2e45,[],"[[267.777778,236.666667,417.777778,372.222222]]"
r_838d3fea898f03b88a976da0,images/i_0ac87ef08742a34167787720.jpg,g_80fa950419025c758347855f,"[[220.0,264.444444,370.0,315.555556]]","[[518.888889,272.222222,537.777778,300.0]]"
r_241a58aeb4329c1491d8ac5a,images/i_41a2a4472d21d93114915305.jpg,g_1d4eb1eeed3e39bf83f96b11,[],"[[291.111111,284.444444,374.444444,345.555556]]"
r_a2c44b8b57af11a1b2412ec9,images/i_bb1157bc72ddc84135cda8d8.jpg,g_04b58e645c48a85e668620de,"[[5.555556,348.888889,30.0,372.222222],[47.777778,272.222222,63.333333,294.444444],[122.222222,362.222222,166.666667,411.111111],[153.333333,255.555556,196.666667,297.777778],[227.777778,303.333333,263.333333,335.555556],[275.555556,280.0,408.888889,363.333333],[400.0,494.444444,443.333333,537.777778],[503.333333,552.222222,546.666667,595.555556]]","[[11.111111,313.333333,44.444444,333.333333],[14.444444,322.222222,55.555556,354.444444],[233.333333,482.222222,264.444444,512.222222]]"
r_6aded2a4ff6516e614c3129a,images/i_a9f5fd6c6fd2a90c5a0d44b5.jpg,g_9b515d3089eb61142547d3f0,[],"[[197.777778,171.111111,230.0,201.111111],[288.888889,267.777778,322.222222,300.0]]"
r_12aa088a0df45a68870e4db5,images/i_e870ce868811c7e832ed684c.jpg,g_045512c6cfc605f4dcd3e7c4,[],"[[161.111111,157.777778,418.888889,444.444444]]"
r_b018a368f208822dfce405af,images/i_f720105c62f07c25375a74b1.jpg,g_79151fc53d0a67ab37ee9566,"[[286.666667,330.0,364.444444,373.333333]]","[[586.666667,404.444444,614.444444,434.444444]]"
r_ae5bc762d75cfa416d8ddf95,images/i_d242d7f36b9c7293017ad6e0.jpg,g_5dad77aac389efb623a0e27a,"[[8.888889,1.111111,37.777778,34.444444],[23.333333,132.222222,60.0,176.666667],[44.444444,3.333333,91.111111,48.888889],[82.222222,167.777778,108.888889,194.444444],[97.777778,15.555556,132.222222,48.888889],[121.111111,128.888889,155.555556,155.555556],[126.666667,200.0,154.444444,227.777778],[222.222222,596.666667,248.888889,618.888889],[267.777778,571.111111,295.555556,600.0],[271.111111,594.444444,310.0,618.888889],[297.777778,305.555556,331.111111,341.111111]]","[[292.222222,236.666667,314.444444,262.222222],[327.777778,370.0,363.333333,400.0],[350.0,578.888889,388.888889,607.777778],[396.666667,295.555556,425.555556,327.777778],[436.666667,611.111111,462.222222,633.333333],[506.666667,54.444444,547.777778,90.0],[545.555556,452.222222,594.444444,503.333333],[581.111111,371.111111,606.666667,398.888889]]"
r_b13aaad4dcc1c374b5d58f9a,images/i_9991d76c32e521edf83e0c05.jpg,g_153f2ceabbf7fb25df867ef6,[],"[[256.666667,312.222222,351.111111,360.0]]"
r_96a5913b84b62857b415915e,images/i_f339753ca05bd98fb08a7cc5.jpg,g_a70e5ed0dc6a7d30a3db8c75,"[[2.222222,345.555556,34.444444,375.555556],[290.0,323.333333,345.555556,381.111111],[322.222222,405.555556,348.888889,437.777778],[361.111111,366.666667,383.333333,395.555556],[371.111111,421.111111,393.333333,445.555556],[373.333333,397.777778,426.666667,448.888889],[556.666667,338.888889,582.222222,363.333333],[588.888889,326.666667,625.555556,367.777778],[612.222222,301.111111,632.222222,321.111111]]","[[230.0,511.111111,252.222222,533.333333],[387.777778,360.0,425.555556,394.444444]]"
r_728d5f276813c3aafc64a611,images/i_e36468cfe832f7e3300a33f5.jpg,g_bc4b41910ede1dbb166e4ff0,[],"[[334.444444,326.666667,357.777778,346.666667]]"
r_93e1bf9d907b41147f15d184,images/i_138a90538611cf998e503a7b.jpg,g_2d7b98cd7c371884a7dd41f9,[],"[[450.0,274.444444,494.444444,313.333333]]"
r_d57b4b8847c93fa15d270e1e,images/i_bb6666eae5612c3993b37a1d.jpg,g_2dabfbfad7e369dbdac47a4a,"[[272.222222,286.666667,324.444444,336.666667]]","[[416.666667,182.222222,568.888889,267.777778]]"
r_c0799ef5a907805b2e2a8a82,images/i_e003829cadc20a8203dd9ed6.jpg,g_97708d237a2b75dbb2f531e5,"[[12.222222,12.222222,45.555556,47.777778],[57.777778,62.222222,80.0,90.0],[300.0,278.888889,361.111111,334.444444],[342.222222,190.0,366.666667,213.333333],[366.666667,112.222222,400.0,140.0],[577.777778,40.0,633.333333,70.0],[605.555556,91.111111,640.0,206.666667]]","[[11.111111,120.0,45.555556,153.333333]]"
r_bbf10090020b09eccac78d72,images/i_16f53ab79d5c1fb714248ef5.jpg,g_d53c0806a84d48de3a05f1f6,[],"[[310.0,282.222222,371.111111,358.888889]]"
r_96b463d62ca98a169270d269,images/i_4d1db9907d768256a1496616.jpg,g_0eec83eb529d7b1d2e47227b,"[[283.333333,324.444444,318.888889,365.555556]]","[[394.444444,614.444444,424.444444,640.0]]"
r_444133b50b4d5d4e7fe01bb7,images/i_edc8d73396c62741bf70a7ba.jpg,g_58f1a79d8ccb1ac2cbbabfd1,"[[300.0,168.888889,330.0,218.888889],[328.888889,166.666667,368.888889,444.444444],[345.555556,155.555556,383.333333,285.555556],[402.222222,366.666667,426.666667,383.333333],[468.888889,40.0,535.555556,185.555556],[541.111111,488.888889,597.777778,537.777778]]","[[285.555556,296.666667,330.0,346.666667],[427.777778,8.888889,457.777778,27.777778],[500.0,394.444444,524.444444,427.777778],[511.111111,230.0,550.0,264.444444]]"
r_085e5a86f02a86825554c9be,images/i_013aae106faa9e0b9838c94c.jpg,g_b6f920436b9a428b73297028,"[[76.666667,161.111111,121.111111,201.111111],[248.888889,208.888889,324.444444,267.777778],[393.333333,262.222222,504.444444,361.111111],[567.777778,301.111111,640.0,384.444444],[607.777778,114.444444,640.0,145.555556]]","[[0.0,173.333333,421.111111,384.444444],[182.222222,58.888889,307.777778,258.888889]]"
r_ce4fe9e1a7ebdef809cd037e,images/i_08a61dfc0d971f009baff6b8.jpg,g_146012b47cdbc82cff624cd4,"[[231.111111,267.777778,504.444444,407.777778],[408.888889,25.555556,434.444444,63.333333]]","[[45.555556,602.222222,78.888889,624.444444],[68.888889,368.888889,195.555556,502.222222],[383.333333,360.0,583.333333,486.666667]]"
r_36cae685059fd057a2dbb920,images/i_b2e25466d515e415b6256ffe.jpg,g_cb72947b5686f3baba1f7986,"[[22.222222,608.888889,53.333333,640.0],[28.888889,428.888889,60.0,460.0],[57.777778,523.333333,78.888889,548.888889],[131.111111,436.666667,151.111111,463.333333],[153.333333,10.0,192.222222,37.777778],[208.888889,274.444444,244.444444,304.444444],[266.666667,311.111111,301.111111,342.222222],[290.0,294.444444,332.222222,347.777778],[308.888889,138.888889,347.777778,166.666667],[326.666667,0.0,368.888889,37.777778],[355.555556,316.666667,386.666667,345.555556],[357.777778,187.777778,397.777778,213.333333],[380.0,124.444444,414.444444,152.222222],[388.888889,276.666667,416.666667,305.555556],[393.333333,138.888889,430.0,168.888889],[393.333333,213.333333,455.555556,285.555556],[486.666667,47.777778,517.777778,76.666667],[488.888889,0.0,513.333333,21.111111]]","[[161.111111,152.222222,200.0,187.777778],[186.666667,163.333333,214.444444,193.333333],[306.666667,222.222222,341.111111,252.222222],[324.444444,265.555556,364.444444,298.888889],[360.0,280.0,385.555556,307.777778],[424.444444,154.444444,454.444444,185.555556],[513.333333,85.555556,543.333333,115.555556],[522.222222,26.666667,554.444444,60.0]]"
r_1d153bded96d4a64d7640256,images/i_438ef3c97453c178a4c6c654.jpg,g_146012b47cdbc82cff624cd4,"[[242.222222,296.666667,351.111111,405.555556]]","[[96.666667,514.444444,163.333333,616.666667]]"
r_b6122e859a0438726c8943af,images/i_33e965c9a13d5bc0bb66f2b4.jpg,g_8c07376a0dc4b82343857816,[],"[[237.777778,225.555556,391.111111,323.333333]]"
r_cdcdd2f44cea507d58ca7f80,images/i_249b7748f6f46683f7272bea.jpg,g_f207df26938113594df5f765,"[[582.222222,373.333333,626.666667,410.0]]","[[313.333333,252.222222,373.333333,335.555556]]"
r_b38dd7413b40fc9818fb0fa5,images/i_f42a45ef381084fe2e3fe07d.jpg,g_5c1373668118a2ecdb25dcce,"[[23.333333,355.555556,46.666667,381.111111],[45.555556,547.777778,73.333333,577.777778],[72.222222,461.111111,100.0,494.444444],[74.444444,524.444444,96.666667,546.666667],[105.555556,557.777778,131.111111,580.0],[150.0,446.666667,200.0,494.444444],[153.333333,521.111111,261.111111,635.555556],[232.222222,507.777778,252.222222,527.777778],[287.777778,397.777778,360.0,441.111111],[294.444444,232.222222,396.666667,342.222222],[303.333333,427.777778,332.222222,458.888889],[352.222222,481.111111,374.444444,503.333333],[423.333333,305.555556,480.0,361.111111],[465.555556,531.111111,524.444444,627.777778]]","[[15.555556,433.333333,47.777778,464.444444],[42.222222,600.0,73.333333,633.333333],[62.222222,533.333333,86.666667,561.111111],[198.888889,546.666667,221.111111,568.888889],[252.222222,388.888889,303.333333,442.222222]]"
r_bbe65faeb90d38f98644f506,images/i_0ce4e6c2814341742fb70a57.jpg,g_fe51afd001e351d028e2748c,[],"[[277.777778,275.555556,375.555556,336.666667]]"
r_c4842c3e8d98664666b93fa7,images/i_c35eb69f34c3f39cb5f1274e.jpg,g_d6cb9e1e058f0bc69cb8f2f2,"[[118.888889,103.333333,152.222222,127.777778],[137.777778,422.222222,175.555556,458.888889],[192.222222,457.777778,223.333333,490.0],[203.333333,41.111111,241.111111,96.666667],[218.888889,177.777778,247.777778,224.444444],[226.666667,194.444444,285.555556,244.444444],[253.333333,177.777778,293.333333,208.888889],[257.777778,111.111111,278.888889,133.333333],[264.444444,261.111111,306.666667,302.222222],[307.777778,318.888889,351.111111,363.333333],[308.888889,33.333333,340.0,64.444444],[334.444444,246.666667,378.888889,302.222222],[347.777778,594.444444,413.333333,640.0],[361.111111,327.777778,392.222222,366.666667],[362.222222,384.444444,392.222222,412.222222],[381.111111,447.777778,408.888889,474.444444],[403.333333,471.111111,441.111111,503.333333],[406.666667,324.444444,448.888889,367.777778],[413.333333,523.333333,444.444444,555.555556],[425.555556,608.888889,468.888889,640.0],[452.222222,492.222222,488.888889,527.777778],[511.111111,537.777778,557.777778,585.555556]]","[[96.666667,0.0,156.666667,38.888889],[107.777778,246.666667,146.666667,283.333333],[158.888889,472.222222,301.111111,640.0],[206.666667,247.777778,236.666667,280.0],[227.777778,441.111111,337.777778,640.0],[268.888889,405.555556,305.555556,456.666667],[270.0,72.222222,318.888889,144.444444],[286.666667,280.0,320.0,316.666667],[373.333333,492.222222,417.777778,547.777778],[378.888889,330.0,412.222222,368.888889],[383.333333,376.666667,416.666667,402.222222],[397.777778,280.0,428.888889,324.444444],[555.555556,593.333333,634.444444,640.0]]"
r_b49fc15481e312da3d6c2373,images/i_37112360d44895f7964f9802.jpg,g_004adaf1b09cd219c1c43fdf,"[[271.111111,136.666667,305.555556,170.0],[315.555556,323.333333,347.777778,365.555556],[321.111111,155.555556,361.111111,200.0],[361.111111,330.0,394.444444,366.666667],[413.333333,380.0,444.444444,411.111111],[453.333333,136.666667,481.111111,168.888889],[494.444444,268.888889,524.444444,301.111111],[507.777778,374.444444,541.111111,405.555556]]","[[531.111111,420.0,582.222222,472.222222]]"
r_0358786dad59af7ec13a3c87,images/i_e161d2b041a60abf7a18fca5.jpg,g_34069ada4455e034b50c9255,"[[71.111111,503.333333,172.222222,640.0],[357.777778,321.111111,388.888889,354.444444],[515.555556,473.333333,538.888889,501.111111],[560.0,432.222222,595.555556,465.555556],[566.666667,481.111111,588.888889,503.333333]]","[[261.111111,248.888889,372.222222,393.333333],[303.333333,247.777778,403.333333,423.333333],[375.555556,345.555556,427.777778,376.666667],[387.777778,312.222222,411.111111,337.777778],[396.666667,390.0,425.555556,420.0],[561.111111,587.777778,590.0,617.777778],[572.222222,615.555556,610.0,640.0],[577.777778,595.555556,605.555556,625.555556],[588.888889,532.222222,618.888889,564.444444]]"
r_20124ca6fbf6029d0df4d53a,images/i_335716fba4b182ce43767da6.jpg,g_de647c5cff066faa1b3857af,"[[41.111111,110.0,76.666667,146.666667],[60.0,574.444444,98.888889,616.666667],[96.666667,475.555556,135.555556,520.0],[130.0,494.444444,161.111111,530.0],[154.444444,492.222222,193.333333,535.555556],[196.666667,250.0,226.666667,278.888889],[221.111111,201.111111,254.444444,233.333333],[226.666667,338.888889,265.555556,377.777778],[238.888889,303.333333,271.111111,334.444444],[264.444444,226.666667,293.333333,256.666667],[324.444444,311.111111,374.444444,361.111111],[352.222222,424.444444,371.111111,450.0],[470.0,317.777778,513.333333,361.111111],[512.222222,191.111111,540.0,215.555556],[541.111111,110.0,568.888889,136.666667]]","[[20.0,32.222222,51.111111,63.333333],[343.333333,370.0,382.222222,411.111111],[348.888889,154.444444,375.555556,194.444444],[491.111111,23.333333,523.333333,63.333333],[576.666667,221.111111,612.222222,264.444444]]"
r_c70944dfff8c6bbe505bf5dd,images/i_1fbe677dba6226cd08ce8254.jpg,g_e6281796d0f4b8fc643190b3,"[[227.777778,67.777778,256.666667,90.0],[273.333333,332.222222,320.0,378.888889],[294.444444,57.777778,370.0,130.0],[488.888889,248.888889,533.333333,294.444444],[535.555556,74.444444,561.111111,104.444444],[566.666667,102.222222,611.111111,150.0]]","[[234.444444,247.777778,261.111111,271.111111],[422.222222,246.666667,466.666667,287.777778],[481.111111,48.888889,526.666667,80.0],[573.333333,22.222222,638.888889,63.333333]]"
r_efaa66bf413e4da6f7ce0839,images/i_73f2dc0b42fc8aadfafff9af.jpg,g_e21cc6a5fb6ae7806e81a365,[],"[[334.444444,324.444444,373.333333,365.555556]]"
r_b7c3633981df31758d64f9aa,images/i_5821271fdfe1618d6feca74c.jpg,g_4037c3d3579a9e55f116b6b8,[],"[[260.0,284.444444,340.0,370.0]]"
r_829546318b4e22fc51535989,images/i_3926e3f7b11cb85f349d9fbe.jpg,g_c024da279fbcd373eae3ebfb,[],"[[196.666667,235.555556,417.777778,474.444444]]"
r_3eab4f3ac7ec90e8c1942d89,images/i_5b3e490fcab71e1fe582eacf.jpg,g_e6281796d0f4b8fc643190b3,"[[432.222222,237.777778,454.444444,261.111111]]","[[302.222222,283.333333,324.444444,305.555556],[308.888889,287.777778,344.444444,324.444444]]"
r_a9cbe31f43989a30da103614,images/i_2fd6fb46ebfcc7767c5cacb6.jpg,g_6a1e0ae9c64195095fc69ee4,"[[48.888889,341.111111,85.555556,390.0],[276.666667,244.444444,348.888889,442.222222]]","[[360.0,215.555556,402.222222,403.333333]]"
r_750cc0bc5f7d0ab60276dad8,images/i_c3e20d7855298667b20b5785.jpg,g_d6cb9e1e058f0bc69cb8f2f2,"[[237.777778,483.333333,298.888889,537.777778],[244.444444,557.777778,268.888889,593.333333],[287.777778,331.111111,324.444444,382.222222],[292.222222,530.0,330.0,566.666667],[306.666667,576.666667,432.222222,640.0],[407.777778,11.111111,455.555556,48.888889],[440.0,463.333333,465.555556,493.333333],[456.666667,158.888889,500.0,210.0],[457.777778,600.0,498.888889,640.0],[458.888889,245.555556,491.111111,270.0],[463.333333,392.222222,498.888889,424.444444],[487.777778,450.0,506.666667,474.444444],[517.777778,626.666667,563.333333,640.0],[526.666667,441.111111,562.222222,474.444444],[554.444444,321.111111,612.222222,360.0],[573.333333,408.888889,615.555556,436.666667],[587.777778,348.888889,626.666667,383.333333],[600.0,73.333333,640.0,127.777778],[618.888889,612.222222,640.0,640.0]]","[[275.555556,264.444444,318.888889,325.555556],[341.111111,405.555556,384.444444,447.777778],[395.555556,281.111111,421.111111,308.888889],[410.0,241.111111,441.111111,277.777778],[434.444444,623.333333,476.666667,640.0],[512.222222,303.333333,537.777778,337.777778],[528.888889,502.222222,576.666667,560.0],[540.0,594.444444,560.0,617.777778],[554.444444,612.222222,610.0,640.0]]"
r_a9922bd967907025dd5ff5bd,images/i_d85fac6f25f7421071ad30b1.jpg,g_47c3435c5c27b818e0b6d9f8,[],"[[280.0,316.666667,322.222222,360.0]]"
r_a7dd050d695b06eff78c32e0,images/i_b0b8fa12eb2f5c70f4b112d9.jpg,g_d296babea1e499200679368b,"[[227.777778,247.777778,426.666667,342.222222],[381.111111,408.888889,465.555556,444.444444]]","[[373.333333,475.555556,404.444444,500.0]]"
r_d867ada896c5cdf1a0f2b2a0,images/i_9b566e99b9cfab0825679044.jpg,g_b7d6f8fe3799dcff5023063f,"[[72.222222,37.777778,103.333333,70.0],[74.444444,398.888889,138.888889,460.0],[75.555556,435.555556,105.555556,463.333333],[131.111111,210.0,170.0,253.333333],[166.666667,461.111111,196.666667,488.888889],[255.555556,114.444444,281.111111,140.0],[331.111111,308.888889,360.0,345.555556],[331.111111,557.777778,361.111111,585.555556],[500.0,528.888889,543.333333,568.888889]]","[[120.0,86.666667,147.777778,120.0],[182.222222,518.888889,228.888889,557.777778],[203.333333,254.444444,233.333333,282.222222],[267.777778,458.888889,297.777778,486.666667]]"
r_345e5da4626e2f314f65e981,images/i_f66c7f79e851d4f2ba91f18f.jpg,g_247f2ddf124f6fb784007edd,"[[450.0,147.777778,544.444444,221.111111]]","[[165.555556,265.555556,404.444444,426.666667]]"
r_9a0b7a8d30b41f65db15fd51,images/i_9593f30ec1cbd8f30d4241cb.jpg,g_ba87be3352eeffda4dc03a29,"[[93.333333,413.333333,121.111111,440.0],[102.222222,338.888889,138.888889,368.888889],[147.777778,183.333333,181.111111,220.0],[244.444444,286.666667,274.444444,308.888889],[291.111111,5.555556,316.666667,33.333333],[305.555556,327.777778,344.444444,361.111111],[328.888889,178.888889,356.666667,205.555556],[433.333333,16.666667,466.666667,45.555556],[448.888889,66.666667,474.444444,94.444444],[548.888889,164.444444,573.333333,183.333333],[565.555556,172.222222,593.333333,201.111111]]","[[305.555556,50.0,346.666667,73.333333],[378.888889,61.111111,411.111111,92.222222],[461.111111,27.777778,498.888889,64.444444]]"
r_55e05ea0db4793a3ff8d986a,images/i_f364cbb58e1c55334e2fd385.jpg,g_d53c0806a84d48de3a05f1f6,"[[305.555556,258.888889,338.888889,320.0],[594.444444,193.333333,628.888889,225.555556],[628.888889,280.0,640.0,297.777778]]","[[1.111111,347.777778,28.888889,375.555556],[266.666667,480.0,358.888889,574.444444],[566.666667,246.666667,585.555556,264.444444],[583.333333,0.0,627.777778,28.888889]]"
r_bd591bc8c6c32a919ffb2faa,images/i_c2880b7f127faaafc210ce91.jpg,g_a8273baf76779cc47f55df4a,"[[300.0,316.666667,366.666667,367.777778],[387.777778,517.777778,413.333333,545.555556],[396.666667,393.333333,422.222222,417.777778],[454.444444,562.222222,483.333333,592.222222],[611.111111,588.888889,635.555556,620.0],[611.111111,616.666667,635.555556,640.0]]","[[411.111111,528.888889,435.555556,553.333333],[466.666667,515.555556,491.111111,547.777778]]"
r_09e48c79101e42df3acced7e,images/i_7b591f9842ef3ced58777e9a.jpg,g_d6cb9e1e058f0bc69cb8f2f2,"[[171.111111,24.444444,313.333333,144.444444],[298.888889,217.777778,348.888889,373.333333],[315.555556,386.666667,398.888889,420.0],[348.888889,173.333333,395.555556,217.777778],[351.111111,486.666667,412.222222,634.444444],[386.666667,344.444444,428.888889,373.333333],[422.222222,182.222222,455.555556,214.444444],[437.777778,328.888889,493.333333,373.333333],[443.333333,293.333333,495.555556,331.111111],[445.555556,215.555556,475.555556,256.666667],[460.0,93.333333,501.111111,151.111111],[471.111111,156.666667,511.111111,190.0],[471.111111,425.555556,520.0,484.444444],[487.777778,367.777778,508.888889,390.0],[514.444444,213.333333,540.0,236.666667],[517.777778,185.555556,566.666667,220.0],[542.222222,511.111111,561.111111,534.444444],[547.777778,342.222222,590.0,384.444444],[561.111111,206.666667,586.666667,231.111111],[577.777778,303.333333,611.111111,342.222222]]","[[245.555556,156.666667,295.555556,228.888889],[394.444444,311.111111,421.111111,331.111111],[403.333333,204.444444,432.222222,231.111111],[421.111111,601.111111,460.0,636.666667],[432.222222,547.777778,475.555556,577.777778],[483.333333,295.555556,523.333333,331.111111],[486.666667,320.0,528.888889,362.222222],[486.666667,511.111111,522.222222,545.555556],[508.888889,191.111111,542.222222,223.333333],[531.111111,164.444444,566.666667,197.777778],[550.0,562.222222,583.333333,594.444444],[577.777778,333.333333,610.0,362.222222],[581.111111,492.222222,607.777778,523.333333]]"
r_3d3eab080e4e5d1759991f4d,images/i_2e3e6141f1d996a62419a6b3.jpg,g_cd2ef0422a57f279f0c6ffac,"[[157.777778,435.555556,182.222222,456.666667],[162.222222,10.0,192.222222,42.222222]]","[[254.444444,281.111111,342.222222,381.111111],[277.777778,23.333333,388.888889,111.111111]]"
r_cc2ec9c027856862c34f1d14,images/i_67f7f4b5afd648376441da05.jpg,g_46c5feddb706dbeff71d3e54,"[[417.777778,458.888889,481.111111,528.888889]]","[[260.0,245.555556,364.444444,340.0]]"
r_d76736113b211bef49dc00a6,images/i_31ebc85c1457893103fb5427.jpg,g_9211f1a370d3940156018225,"[[277.777778,360.0,304.444444,385.555556]]","[[321.111111,313.333333,364.444444,356.666667]]"
r_cc77cd0ef9327bbaa064d63b,images/i_03c9b270f962676e0c5391a9.jpg,g_755759633923eb476f25fb03,"[[331.111111,267.777778,374.444444,317.777778]]","[[42.222222,226.666667,82.222222,270.0]]"
r_f5b7aba4c7f641daf73ce868,images/i_f7b325474c6fcbdfd39b6829.jpg,g_5dd7089d1ab5a59b56af3d3c,[],"[[268.888889,325.555556,301.111111,361.111111]]"
r_77acce64a4dbc3e6b1f8d5d0,images/i_0a74db47a42af3f3619b0da3.jpg,g_de647c5cff066faa1b3857af,"[[233.333333,42.222222,267.777778,77.777778],[244.444444,8.888889,271.111111,37.777778],[324.444444,278.888889,352.222222,364.444444],[344.444444,493.333333,372.222222,521.111111],[366.666667,417.777778,407.777778,454.444444]]","[[0.0,81.111111,21.111111,113.333333],[54.444444,71.111111,86.666667,102.222222],[164.444444,55.555556,190.0,81.111111],[175.555556,122.222222,201.111111,151.111111],[396.666667,262.222222,432.222222,294.444444],[422.222222,322.222222,452.222222,354.444444],[617.777778,95.555556,640.0,126.666667]]"
r_15ff820fa93021c6271d3ea7,images/i_2de636642d3eb9925f48f662.jpg,g_9b515d3089eb61142547d3f0,"[[235.555556,147.777778,272.222222,181.111111],[271.111111,125.555556,300.0,154.444444],[605.555556,208.888889,634.444444,236.666667]]","[[312.222222,313.333333,356.666667,355.555556]]"
r_3c3acc58bad98cdc28a4eb2d,images/i_a859309719ab0c9b3eab62e1.jpg,g_f7310d2f6648a9378b693ec4,[],"[[311.111111,258.888889,345.555556,281.111111],[336.666667,272.222222,375.555556,310.0]]"
r_5fd1f9435669cbe1b675481e,images/i_e97e2bd5745d0d079fd10644.jpg,g_153f2ceabbf7fb25df867ef6,"[[285.555556,326.666667,340.0,370.0],[373.333333,506.666667,408.888889,537.777778],[412.222222,246.666667,445.555556,305.555556]]","[[386.666667,452.222222,423.333333,480.0]]"
r_07d974ae427df12d9de539a4,images/i_f57a192cdda19abf0e5272b7.jpg,g_f610457549e01bec604cb7f7,[],"[[310.0,303.333333,343.333333,338.888889]]"
r_061a2dad3770216e822d20a3,images/i_1196608e457f3e4f109fc69e.jpg,g_153f2ceabbf7fb25df867ef6,[],"[[178.888889,451.111111,201.111111,470.0],[285.555556,293.333333,350.0,346.666667]]"
r_4be519a381a9dc5c8b3d4dd5,images/i_bf074e18f101d504e6e09ce8.jpg,g_5c1373668118a2ecdb25dcce,"[[268.888889,275.555556,302.222222,306.666667]]","[[263.333333,131.111111,293.333333,163.333333]]"
r_91a8e0d2b7b7e7d5c11c925b,images/i_e7332915c5f51b5a0276a0a3.jpg,g_50c30e41dfe2b1996a4fc7e9,"[[0.0,53.333333,56.666667,175.555556],[324.444444,281.111111,352.222222,312.222222]]","[[31.111111,288.888889,132.222222,411.111111]]"
r_e2c022fa55f9f56ec23c00ab,images/i_8ddd8624660049eaf2fd4466.jpg,g_548716fabb146405ff0421e8,"[[283.333333,248.888889,315.555556,286.666667],[314.444444,474.444444,354.444444,515.555556],[321.111111,280.0,371.111111,363.333333],[375.555556,37.777778,411.111111,77.777778],[565.555556,331.111111,604.444444,366.666667]]","[[17.777778,474.444444,42.222222,506.666667],[147.777778,274.444444,174.444444,302.222222],[243.333333,610.0,268.888889,632.222222]]"
r_69ec25efed10c81dd8cafc92,images/i_77858811fa8f836a63cd9d89.jpg,g_f72c8d3b8d96ab6e0d56c87f,"[[32.222222,540.0,53.333333,561.111111],[45.555556,608.888889,67.777778,632.222222],[92.222222,533.333333,123.333333,564.444444],[173.333333,421.111111,193.333333,448.888889],[200.0,415.555556,227.777778,437.777778],[238.888889,416.666667,261.111111,445.555556],[277.777778,601.111111,300.0,628.888889],[294.444444,224.444444,325.555556,252.222222],[304.444444,343.333333,328.888889,366.666667],[314.444444,274.444444,347.777778,316.666667],[325.555556,213.333333,347.777778,234.444444],[364.444444,533.333333,386.666667,561.111111],[400.0,284.444444,416.666667,304.444444],[585.555556,235.555556,602.222222,254.444444]]","[[115.555556,525.555556,142.222222,555.555556],[176.666667,602.222222,200.0,626.666667],[183.333333,462.222222,216.666667,500.0],[205.555556,460.0,231.111111,488.888889],[265.555556,533.333333,288.888889,561.111111],[278.888889,268.888889,305.555556,293.333333],[283.333333,248.888889,301.111111,265.555556],[293.333333,601.111111,311.111111,613.333333],[294.444444,315.555556,311.111111,337.777778],[316.666667,228.888889,344.444444,256.666667],[381.111111,531.111111,403.333333,547.777778]]"
r_a79028110e8181d76ab17872,images/i_5728f562b6f3d72ded23a3ec.jpg,g_1cd5018e1fccddac14abd843,"[[263.333333,595.555556,321.111111,640.0],[273.333333,572.222222,306.666667,596.666667]]","[[307.777778,260.0,365.555556,321.111111],[494.444444,534.444444,577.777778,616.666667]]"
r_b2dc64e9e57f2a5caf3336b7,images/i_7acb475729c22c779c944a2d.jpg,g_118a7538c21d88358461f5c8,[],"[[280.0,280.0,344.444444,357.777778]]"
r_62cabfdfb075df25ac405bac,images/i_7fd130202405fd3101d3f78b.jpg,g_146dc2b2eee78be8868b9575,"[[283.333333,327.777778,327.777778,380.0],[553.333333,194.444444,601.111111,248.888889]]","[[273.333333,614.444444,303.333333,634.444444]]"
r_e607c485444a367308bfc091,images/i_37143f70424557288d3485d0.jpg,g_d53c0806a84d48de3a05f1f6,"[[73.333333,100.0,231.111111,314.444444],[277.777778,306.666667,316.666667,345.555556],[510.0,458.888889,545.555556,500.0],[532.222222,42.222222,554.444444,66.666667],[590.0,103.333333,613.333333,127.777778]]","[[428.888889,625.555556,460.0,640.0],[462.222222,0.0,492.222222,21.111111],[540.0,0.0,583.333333,31.111111],[576.666667,115.555556,602.222222,142.222222]]"
r_c5bb88d34642154b04c4b1a2,images/i_cc22b45ec3617d7e7d7a2f2a.jpg,g_146012b47cdbc82cff624cd4,"[[227.777778,196.666667,477.777778,393.333333]]","[[140.0,0.0,388.888889,126.666667]]"
r_e8e40f23493cfcdadb4c9995,images/i_b442d7ce6b506263d0e57c46.jpg,g_a8273baf76779cc47f55df4a,"[[324.444444,266.666667,363.333333,313.333333],[422.222222,125.555556,448.888889,146.666667],[422.222222,205.555556,454.444444,237.777778],[457.777778,163.333333,485.555556,194.444444],[555.555556,114.444444,583.333333,147.777778]]","[[560.0,571.111111,610.0,623.333333]]"
r_afd3bad45852a2bdb18433ea,images/i_9c6dd75cc7873a6410ad09aa.jpg,g_ba6e7e0f94fa8f8b65390c77,"[[192.222222,428.888889,230.0,462.222222],[305.555556,311.111111,338.888889,345.555556],[377.777778,382.222222,408.888889,408.888889],[408.888889,446.666667,464.444444,507.777778],[516.666667,422.222222,554.444444,456.666667],[524.444444,404.444444,563.333333,426.666667],[548.888889,550.0,577.777778,578.888889],[600.0,511.111111,628.888889,540.0]]","[[312.222222,372.222222,341.111111,401.111111]]"
r_772968539f5b637336372cad,images/i_ecd04f0d3f58fa1108934fe7.jpg,g_42d729dbddb5095c7622cb4c,"[[180.0,115.555556,210.0,145.555556],[206.666667,364.444444,237.777778,403.333333],[254.444444,403.333333,301.111111,444.444444],[271.111111,276.666667,343.333333,352.222222],[334.444444,557.777778,374.444444,597.777778],[377.777778,192.222222,405.555556,220.0],[414.444444,441.111111,444.444444,481.111111]]","[[500.0,10.0,527.777778,41.111111]]"
r_35603511073ce4debd1cf200,images/i_73d0adcef09021726c89caa7.jpg,g_6adc33dc1549779e76d13509,"[[198.888889,196.666667,231.111111,257.777778],[483.333333,441.111111,510.0,466.666667]]","[[188.888889,336.666667,283.333333,424.444444],[297.777778,296.666667,336.666667,331.111111]]"
r_34397a0a471b30729c66f604,images/i_9f0ce418f0f483af849b8e83.jpg,g_ef77e43cdd33ab4cd09446d4,[],"[[328.888889,291.111111,357.777778,324.444444]]"
r_e4df86d1ecc5b291cc717527,images/i_a694cf6efa3a5af7a71a6393.jpg,g_45f9603b945f9ddbf464632f,"[[194.444444,355.555556,238.888889,407.777778],[257.777778,325.555556,324.444444,365.555556],[296.666667,220.0,345.555556,273.333333],[415.555556,240.0,446.666667,264.444444]]","[[365.555556,192.222222,393.333333,220.0]]"
r_c5884d8dfe4d354d947b56d7,images/i_8927812bbd8aa7a5344fa82a.jpg,g_1dce7dad33fee5f962118a90,[],"[[268.888889,276.666667,300.0,312.222222]]"
r_00bc981583fc7154c0e86fe4,images/i_aa028bcb37926f90389f8b4d.jpg,g_d6cb9e1e058f0bc69cb8f2f2,"[[36.666667,564.444444,55.555556,588.888889],[88.888889,215.555556,112.222222,243.333333],[120.0,230.0,147.777778,260.0],[200.0,132.222222,244.444444,176.666667],[218.888889,347.777778,246.666667,378.888889],[313.333333,294.444444,363.333333,337.777778],[388.888889,424.444444,413.333333,445.555556]]","[[147.777778,254.444444,180.0,296.666667],[162.222222,373.333333,196.666667,395.555556]]"
r_5efc6409ddc84b087b6f6b17,images/i_9f67012e32eef1dff8da5717.jpg,g_495fc3e5170e839c82003c16,[],"[[264.444444,260.0,331.111111,328.888889]]"
r_01795d7c6e15595ff51fdc7b,images/i_3d80e131fb2755484ea25320.jpg,g_c121b8bc3c4d78635ab0c17a,[],"[[221.111111,204.444444,487.777778,442.222222]]"
r_c112297f0db468d7a4c27d39,images/i_f4ed7734756fef1909c74d58.jpg,g_ac775748e074396034ca889d,[],"[[321.111111,300.0,360.0,338.888889]]"
r_4c299bbe829eaceada1ca480,images/i_6e2f89a001208828a92877ba.jpg,g_e6281796d0f4b8fc643190b3,"[[138.888889,0.0,257.777778,65.555556],[287.777778,224.444444,418.888889,367.777778],[326.666667,527.777778,361.111111,564.444444],[512.222222,351.111111,555.555556,395.555556]]","[[0.0,400.0,96.666667,511.111111],[256.666667,75.555556,301.111111,121.111111]]"
r_7f6954d7786792e3f86639c2,images/i_9dfdaf0adef7ec9f43e0b767.jpg,g_153f2ceabbf7fb25df867ef6,"[[0.0,0.0,58.888889,93.333333],[177.777778,288.888889,223.333333,331.111111],[197.777778,185.555556,243.333333,228.888889],[308.888889,247.777778,344.444444,293.333333]]","[[193.333333,522.222222,253.333333,582.222222],[240.0,277.777778,335.555556,343.333333]]"
r_1a81bb380bae6965ba440e62,images/i_65c0aafb2751e4d0868d98a8.jpg,g_9211f1a370d3940156018225,"[[264.444444,273.333333,295.555556,304.444444],[312.222222,275.555556,340.0,301.111111],[367.777778,270.0,394.444444,298.888889],[433.333333,122.222222,483.333333,175.555556]]","[[151.111111,381.111111,186.666667,418.888889],[267.777778,325.555556,301.111111,358.888889]]"
r_ff335de5c3b7041786bf8c08,images/i_05278b9d9b68314d9e633782.jpg,g_c00004867525edba9a459c9d,[],"[[273.333333,266.666667,375.555556,355.555556]]"
r_a4797a76d40ca7fc9e93e3c3,images/i_be7bef569d220eb7be80ead3.jpg,g_9fcf44edcc794f9a725aa4ef,"[[8.888889,142.222222,70.0,186.666667],[47.777778,284.444444,77.777778,314.444444],[75.555556,62.222222,125.555556,112.222222],[81.111111,0.0,134.444444,45.555556],[144.444444,65.555556,170.0,90.0],[314.444444,315.555556,352.222222,356.666667],[442.222222,575.555556,472.222222,604.444444]]","[[122.222222,56.666667,153.333333,81.111111]]"
r_dd695c0b839e70e338109f88,images/i_78d9800b28faebc2ae77824f.jpg,g_d53c0806a84d48de3a05f1f6,"[[203.333333,171.111111,370.0,398.888889],[307.777778,282.222222,362.222222,352.222222],[414.444444,0.0,572.222222,91.111111],[550.0,48.888889,640.0,167.777778]]","[[290.0,130.0,323.333333,171.111111]]"
r_5661148bfe5f2cf1bfaacd30,images/i_24df745a002dcf31f4013260.jpg,g_d106f02d431f613c099d660b,"[[162.222222,75.555556,224.444444,153.333333]]","[[312.222222,258.888889,402.222222,372.222222]]"
r_cd4b9e7d1d2cdd972d8e1749,images/i_6dc6f2e1598a7becaa1cf060.jpg,g_d09b23108f1ad81778425532,[],"[[278.888889,323.333333,307.777778,351.111111]]"
r_cdc4e52479540769a2b584a9,images/i_8a6480cb4f0a034e50c25649.jpg,g_33f8f2f2a16216f44a4bce64,"[[306.666667,273.333333,361.111111,322.222222]]","[[82.222222,173.333333,130.0,221.111111]]"
r_c2424a669a8286019e706c56,images/i_1704ce33edda929bc40e7dfd.jpg,g_a2a3c8b7a2c03f58d0aefcfe,[],"[[255.555556,294.444444,338.888889,377.777778]]"
r_af28760601cefcec7788716f,images/i_8d331933d43cd2248cd4d721.jpg,g_9b515d3089eb61142547d3f0,"[[181.111111,207.777778,210.0,244.444444],[235.555556,237.777778,264.444444,267.777778],[265.555556,227.777778,288.888889,252.222222],[362.222222,360.0,391.111111,393.333333],[415.555556,354.444444,437.777778,375.555556]]","[[33.333333,138.888889,72.222222,167.777778],[153.333333,195.555556,182.222222,228.888889],[280.0,218.888889,307.777778,257.777778],[286.666667,274.444444,318.888889,310.0]]"
r_28b080f81af4ce5c1f64e63a,images/i_002be2933d6c106af0bb8c72.jpg,g_7b042759bf6c352f704093f9,[],"[[196.666667,53.333333,457.777778,604.444444]]"
r_a5eaa42671b34d1415e52626,images/i_ef05bb85c764b308d0431044.jpg,g_ea61804ec1b67732d75ad156,"[[436.666667,250.0,522.222222,408.888889]]","[[203.333333,134.444444,364.444444,544.444444]]"
r_ce8837a38b93419db41495b8,images/i_139a22f33c7768ea6d27441b.jpg,g_6071b85612cbb231243902a4,[],"[[301.111111,264.444444,367.777778,335.555556]]"
r_a4347aeca53b6904d0265aed,images/i_650106a3e2a44a84bc45c3f8.jpg,g_9211f1a370d3940156018225,[],"[[62.222222,263.333333,94.444444,305.555556],[332.222222,190.0,364.444444,216.666667]]"
r_1285562d612429e86c1761d5,images/i_bf2d08c883f787c55ea0ffee.jpg,g_5fcb103ef0784070dae4c230,[],"[[303.333333,268.888889,372.222222,335.555556]]"
r_f1971921bd9cceea7b3af687,images/i_8901dfec41ab0ae9fee809c5.jpg,g_2a5616900e2d25e1d6bf7bf6,"[[213.333333,207.777778,485.555556,421.111111]]","[[235.555556,324.444444,263.333333,350.0]]"
r_90f8dab08873cac62d1f9c23,images/i_1aaf443e53785673397532a2.jpg,g_7b96b192a532440383458e94,"[[182.222222,532.222222,215.555556,563.333333]]","[[311.111111,205.555556,337.777778,422.222222]]"
r_aeddfcb9b55a0639c4447a4c,images/i_703c7aa0dcbd2b02bbca9f66.jpg,g_21213c053edd9db0f9349127,[],"[[306.666667,286.666667,388.888889,366.666667]]"
r_69f3ad260546ff8bbba68ea4,images/i_b02ebef83d18ed5518718c90.jpg,g_1cd5018e1fccddac14abd843,"[[475.555556,157.777778,524.444444,222.222222]]","[[255.555556,272.222222,357.777778,366.666667],[554.444444,424.444444,600.0,460.0]]"
r_a90484ea32796caa91b87e4a,images/i_3df892a6c39b52b4f99ed807.jpg,g_84c4d5a8d03d191f00177490,[],"[[288.888889,252.222222,347.777778,327.777778]]"
r_f91c333bd1fe4a89d6edfc86,images/i_91ea319086ee2a8ee0b8b539.jpg,g_bceed3972ce0c2ac2df85125,"[[0.0,237.777778,36.666667,276.666667],[0.0,356.666667,75.555556,418.888889],[188.888889,288.888889,248.888889,350.0]]","[[325.555556,291.111111,381.111111,345.555556]]"
r_7ce65e695b0afed9435daf18,images/i_8bf9b9a10694ede0d88aab3b.jpg,g_153f2ceabbf7fb25df867ef6,"[[223.333333,462.222222,257.777778,506.666667],[225.555556,394.444444,331.111111,466.666667],[261.111111,266.666667,374.444444,392.222222],[324.444444,473.333333,372.222222,507.777778],[347.777778,194.444444,372.222222,212.222222],[426.666667,411.111111,461.111111,446.666667],[427.777778,333.333333,492.222222,405.555556],[471.111111,315.555556,507.777778,342.222222]]","[[477.777778,486.666667,507.777778,518.888889]]"
r_bc29e510d84924a11e6e2947,images/i_2179cbd9d00ab665dc322834.jpg,g_c024da279fbcd373eae3ebfb,"[[103.333333,53.333333,146.666667,96.666667],[156.666667,167.777778,208.888889,201.111111],[242.222222,275.555556,286.666667,310.0],[261.111111,150.0,333.333333,222.222222]]","[[135.555556,107.777778,261.111111,195.555556],[166.666667,250.0,196.666667,285.555556],[175.555556,304.444444,211.111111,343.333333],[224.444444,288.888889,387.777778,364.444444]]"
r_896068f4d2724ff9c08b83e0,images/i_cfe0e110af8e6b243c9e0ff4.jpg,g_f5601e5276d6361cac021410,[],"[[216.666667,46.666667,330.0,165.555556],[326.666667,261.111111,376.666667,310.0],[390.0,238.888889,435.555556,285.555556]]"
r_821f7e9394f71ec1a9fb03c4,images/i_50b57f5bf0d19fb9f7c3b1c4.jpg,g_ccd4731889b016fc5c309e42,[],"[[304.444444,254.444444,344.444444,321.111111]]"
r_d9d6f3665c5096ca9351175a,images/i_1f7289ff92584278f89b0244.jpg,g_706e7c3a656570813877f853,"[[25.555556,252.222222,70.0,278.888889],[270.0,167.777778,305.555556,196.666667]]","[[242.222222,268.888889,353.333333,326.666667]]"
r_c7e528b8a3acbed58a9ed6e1,images/i_6e0ff5d1e76e714d7b398d11.jpg,g_334338772afb2480785df2cd,[],"[[367.777778,0.0,412.222222,20.0]]"
r_93706d5d8abffd393ca30f48,images/i_71e4cd00a81f50bf8571ea73.jpg,g_146012b47cdbc82cff624cd4,[],"[[307.777778,324.444444,346.666667,366.666667]]"
r_c05512d808e1d5e40fd5a46f,images/i_1b839ac21496cc3b3f7435ab.jpg,g_1cd5018e1fccddac14abd843,"[[2.222222,597.777778,60.0,640.0],[42.222222,488.888889,86.666667,525.555556],[264.444444,438.888889,292.222222,466.666667],[300.0,262.222222,355.555556,320.0],[303.333333,424.444444,346.666667,458.888889],[341.111111,355.555556,382.222222,394.444444],[566.666667,151.111111,615.555556,216.666667]]","[[21.111111,324.444444,103.333333,397.777778],[188.888889,407.777778,242.222222,447.777778]]"
r_92a5d5463250be2ad2e7a619,images/i_8ef7656174105b1f277fd587.jpg,g_495fc3e5170e839c82003c16,[],"[[233.333333,273.333333,344.444444,387.777778]]"
r_2f72866b2d9bbda5af96ffde,images/i_352946f07268ce6ed5af419c.jpg,g_a8e6e85e214208f83abba24a,"[[262.222222,290.0,320.0,342.222222]]","[[306.666667,402.222222,534.444444,627.777778]]"
r_0aa6bb27e9fc6b165696d1b0,images/i_db19ad17cd0482cee9fc8c58.jpg,g_ad19d5ee4f013df7fb92710e,[],"[[276.666667,191.111111,388.888889,357.777778]]"
r_e8f42c75f44ebcddab764161,images/i_0b02152ecef9f8f3d78aec43.jpg,g_6f5192f9348cdc907d8afd74,[],"[[241.111111,261.111111,387.777778,422.222222]]"
r_1c99360a6097732eb88ce69e,images/i_73278a613afd7824ba9eac98.jpg,g_e2c7b71b08fc7af3fff2d44f,[],"[[308.888889,284.444444,370.0,364.444444]]"
r_60437232ddd4ece7cf740fd3,images/i_315ef98b98d85728383c0a83.jpg,g_d883f57829dad2cb5763d9e4,[],"[[257.777778,217.777778,337.777778,373.333333]]"
r_9dcdd9c1a4a148c5d8dda29d,images/i_f4b0cdb9896c1566f394cd04.jpg,g_45f9603b945f9ddbf464632f,"[[288.888889,326.666667,344.444444,388.888889]]","[[414.444444,404.444444,450.0,441.111111]]"
r_c911381d35e946246c54ab2d,images/i_49fa14b8ee349e7f3585ff58.jpg,g_6badc004333368347e94e9ff,[],"[[301.111111,294.444444,337.777778,350.0]]"
r_189322e29888cf172d13d3c9,images/i_b40a5c8f48dfd5d6df995f82.jpg,g_5cbec34ec45decb5b2ed3683,"[[283.333333,473.333333,327.777778,515.555556]]","[[126.666667,467.777778,163.333333,507.777778],[213.333333,281.111111,402.222222,383.333333]]"
r_f2cd5cf06932961ffbb1a188,images/i_13d53dff639efb68d8d5da34.jpg,g_de647c5cff066faa1b3857af,"[[0.0,317.777778,24.444444,342.222222],[1.111111,490.0,37.777778,527.777778],[26.666667,40.0,63.333333,74.444444],[96.666667,34.444444,121.111111,52.222222],[187.777778,533.333333,223.333333,581.111111],[235.555556,126.666667,256.666667,146.666667],[410.0,556.666667,448.888889,581.111111],[421.111111,417.777778,444.444444,440.0],[442.222222,481.111111,464.444444,508.888889],[590.0,481.111111,640.0,533.333333],[607.777778,534.444444,632.222222,555.555556],[618.888889,283.333333,640.0,318.888889]]","[[14.444444,574.444444,42.222222,598.888889],[33.333333,490.0,73.333333,523.333333],[121.111111,275.555556,151.111111,303.333333],[201.111111,141.111111,237.777778,162.222222],[271.111111,263.333333,322.222222,305.555556],[443.333333,545.555556,483.333333,597.777778],[544.444444,522.222222,567.777778,545.555556],[561.111111,473.333333,592.222222,505.555556],[612.222222,533.333333,640.0,581.111111]]"
r_1a09a627364bfb9155dc59e1,images/i_4501f0b39acb769c336bede8.jpg,g_c0cd027017659575823e68ff,"[[17.777778,51.111111,51.111111,85.555556],[104.444444,185.555556,141.111111,224.444444],[162.222222,87.777778,190.0,117.777778],[253.333333,386.666667,286.666667,420.0],[263.333333,35.555556,301.111111,82.222222],[282.222222,231.111111,314.444444,263.333333],[297.777778,525.555556,320.0,551.111111],[308.888889,142.222222,392.222222,434.444444],[323.333333,295.555556,356.666667,325.555556],[340.0,257.777778,455.555556,287.777778]]","[[253.333333,447.777778,286.666667,481.111111],[292.222222,245.555556,342.222222,297.777778],[314.444444,334.444444,356.666667,436.666667],[322.222222,601.111111,363.333333,640.0],[392.222222,567.777778,423.333333,590.0],[401.111111,544.444444,434.444444,577.777778],[423.333333,572.222222,458.888889,611.111111],[531.111111,528.888889,558.888889,561.111111]]"
r_8c254d1f9c93d7f88353dbfe,images/i_ef28fdc869c003ae1f383714.jpg,g_ba6e7e0f94fa8f8b65390c77,"[[18.888889,415.555556,62.222222,448.888889],[120.0,304.444444,152.222222,348.888889],[177.777778,578.888889,204.444444,603.333333],[292.222222,284.444444,398.888889,340.0],[327.777778,608.888889,343.333333,634.444444]]","[[100.0,592.222222,125.555556,618.888889],[138.888889,326.666667,171.111111,361.111111],[182.222222,290.0,205.555556,315.555556],[196.666667,464.444444,227.777778,487.777778],[502.222222,322.222222,534.444444,357.777778]]"
r_f719312129259856bbccdde6,images/i_7b58d1cf9b73872c03e7c9fd.jpg,g_ba6e7e0f94fa8f8b65390c77,"[[342.222222,316.666667,361.111111,338.888889],[552.222222,320.0,572.222222,346.666667]]","[[327.777778,298.888889,360.0,331.111111],[396.666667,267.777778,427.777778,295.555556],[594.444444,217.777778,622.222222,248.888889]]"
r_96f77b71a02f13005956d652,images/i_e3a8f27ae9dddd5e50157350.jpg,g_f87a86c565b1f047f94e01c4,[],"[[276.666667,277.777778,415.555556,324.444444]]"
r_933b39593bdfdebaad46bff7,images/i_d0c430bb10db8929c5bd585a.jpg,g_548716fabb146405ff0421e8,"[[0.0,501.111111,30.0,527.777778],[150.0,218.888889,175.555556,251.111111],[260.0,386.666667,304.444444,420.0],[275.555556,324.444444,317.777778,366.666667],[407.777778,157.777778,428.888889,186.666667]]","[[203.333333,110.0,236.666667,145.555556],[304.444444,215.555556,334.444444,247.777778],[526.666667,123.333333,567.777778,162.222222]]"
r_7bb4f8c3afa35d69678f23f3,images/i_a11b12dad85fea7290529837.jpg,g_77d3fac95c6e6ecbda11e0e5,"[[457.777778,285.555556,580.0,322.222222]]","[[276.666667,273.333333,318.888889,317.777778]]"
r_d5a0c26eea9e40fd310dd6d8,images/i_7cf01c3dc42ae08f2ec1c032.jpg,g_9048a0696bf9eb3e98e6ab2a,"[[292.222222,330.0,342.222222,373.333333]]","[[331.111111,581.111111,360.0,605.555556],[604.444444,464.444444,632.222222,490.0]]"
r_c6c9c98acf3e83c875e85e38,images/i_a4677dd2200bcfda6c600c06.jpg,g_c5d8362e58e1b3ece2a0b8bd,"[[276.666667,327.777778,362.222222,374.444444]]","[[303.333333,370.0,342.222222,400.0]]"
r_ebac9b2bb393481b21ba6407,images/i_4abe8a3a88071b36383efb17.jpg,g_ffa90c178359a98d23f9b712,"[[278.888889,297.777778,312.222222,330.0]]","[[0.0,434.444444,148.888889,640.0],[115.555556,467.777778,202.222222,575.555556]]"
r_b6a1091cd401b5fc853e6632,images/i_b0fa883f303e1c98bd99b5f4.jpg,g_35340ca7eb897fe0da902590,"[[260.0,240.0,336.666667,345.555556],[453.333333,434.444444,498.888889,477.777778]]","[[495.555556,374.444444,551.111111,430.0],[606.666667,491.111111,636.666667,524.444444]]"
r_bfc1b23e830204fd53b908b8,images/i_a6071731c8c24f79270cbcab.jpg,g_7c95e837f8bb5ba26d570702,"[[311.111111,265.555556,350.0,304.444444]]","[[400.0,262.222222,435.555556,295.555556]]"
r_e094141747f5a3627a18a745,images/i_6547ddb6cc3cef16a61601ed.jpg,g_ba6e7e0f94fa8f8b65390c77,"[[0.0,402.222222,38.888889,448.888889],[297.777778,292.222222,347.777778,342.222222],[461.111111,604.444444,488.888889,621.111111],[526.666667,222.222222,555.555556,258.888889],[616.666667,595.555556,640.0,631.111111]]","[[236.666667,363.333333,303.333333,430.0],[266.666667,463.333333,300.0,486.666667],[385.555556,386.666667,404.444444,414.444444]]"
r_482f6cac96313239e3e60508,images/i_bca78c114fc1eb2bf4cb4b33.jpg,g_b41fd45db741a62cc11cd640,"[[268.888889,281.111111,324.444444,335.555556],[388.888889,314.444444,443.333333,358.888889],[613.333333,457.777778,640.0,494.444444]]","[[377.777778,278.888889,438.888889,314.444444]]"
r_2e165fc3065bcb1cd71f519b,images/i_131ccdb8d62fbf5f313fa97e.jpg,g_1cd5018e1fccddac14abd843,"[[77.777778,504.444444,157.777778,580.0],[94.444444,0.0,113.333333,16.666667],[117.777778,571.111111,194.444444,640.0],[133.333333,504.444444,213.333333,582.222222],[142.222222,153.333333,202.222222,216.666667],[170.0,208.888889,245.555556,283.333333],[228.888889,274.444444,305.555556,357.777778],[242.222222,611.111111,322.222222,640.0],[257.777778,348.888889,330.0,424.444444],[285.555556,254.444444,361.111111,337.777778],[346.666667,214.444444,371.111111,237.777778],[448.888889,64.444444,473.333333,83.333333],[474.444444,330.0,530.0,365.555556]]","[[122.222222,246.666667,194.444444,318.888889],[180.0,391.111111,252.222222,485.555556]]"
r_c06ccde16f27daef48a90233,images/i_9ae2afb7888180a4505afc7d.jpg,g_e4cae9c0c8c7ab5262456c38,"[[155.555556,33.333333,182.222222,56.666667]]","[[257.777778,285.555556,333.333333,404.444444]]"
r_7386ddf8274ffd114072d3b1,images/i_711105461e6f2ea38a37b148.jpg,g_d6cb9e1e058f0bc69cb8f2f2,"[[121.111111,27.777778,151.111111,65.555556],[234.444444,278.888889,345.555556,430.0],[290.0,518.888889,365.555556,622.222222],[316.666667,448.888889,367.777778,477.777778],[326.666667,468.888889,360.0,500.0],[362.222222,131.111111,392.222222,162.222222],[365.555556,407.777778,421.111111,488.888889],[392.222222,468.888889,423.333333,496.666667],[404.444444,268.888889,451.111111,313.333333],[404.444444,518.888889,437.777778,550.0],[410.0,361.111111,443.333333,388.888889],[414.444444,212.222222,437.777778,244.444444],[448.888889,97.777778,477.777778,127.777778],[448.888889,246.666667,481.111111,275.555556],[473.333333,502.222222,508.888889,542.222222],[475.555556,607.777778,522.222222,640.0],[483.333333,576.666667,512.222222,600.0],[501.111111,194.444444,534.444444,225.555556],[570.0,35.555556,640.0,257.777778]]","[[354.444444,426.666667,378.888889,452.222222],[384.444444,172.222222,428.888889,244.444444],[410.0,438.888889,451.111111,477.777778],[410.0,565.555556,440.0,596.666667],[417.777778,472.222222,450.0,507.777778],[470.0,430.0,494.444444,454.444444],[573.333333,505.555556,612.222222,550.0],[606.666667,463.333333,640.0,498.888889]]"
r_e9c529318a00db815ec8633e,images/i_380123170e72277c505a0055.jpg,g_6f8d8fcdce160f3fc3fd5cea,"[[136.666667,215.555556,184.444444,298.888889],[173.333333,0.0,228.888889,45.555556],[193.333333,56.666667,215.555556,124.444444],[223.333333,390.0,251.111111,420.0],[270.0,90.0,334.444444,151.111111]]","[[265.555556,257.777778,340.0,433.333333]]"
r_2559b167b63c2013850589a0,images/i_6e890e64432cc430d4769539.jpg,g_60311e780a136147b3e08279,"[[0.0,430.0,37.777778,471.111111],[46.666667,272.222222,97.777778,327.777778],[117.777778,354.444444,160.0,391.111111],[213.333333,101.111111,246.666667,134.444444],[217.777778,263.333333,257.777778,296.666667]]","[[112.222222,64.444444,134.444444,88.888889],[167.777778,12.222222,201.111111,47.777778],[196.666667,180.0,226.666667,220.0],[298.888889,268.888889,337.777778,332.222222]]"
r_80426101de7e1cd962e12e6d,images/i_10ed194fb4ea3317157833f4.jpg,g_9b515d3089eb61142547d3f0,"[[392.222222,373.333333,420.0,402.222222]]","[[307.777778,305.555556,343.333333,343.333333],[373.333333,175.555556,398.888889,205.555556]]"
r_d6d3d3105f022b98b46263fe,images/i_4b846ce26a5d5c8770ae97ac.jpg,g_ba6e7e0f94fa8f8b65390c77,"[[70.0,412.222222,105.555556,448.888889],[77.777778,227.777778,111.111111,251.111111],[218.888889,373.333333,255.555556,403.333333],[252.222222,240.0,283.333333,268.888889],[277.777778,282.222222,332.222222,423.333333],[328.888889,91.111111,356.666667,116.666667],[332.222222,0.0,362.222222,17.777778],[373.333333,423.333333,401.111111,460.0]]","[[42.222222,534.444444,81.111111,562.222222],[318.888889,323.333333,345.555556,348.888889],[415.555556,24.444444,441.111111,58.888889],[620.0,337.777778,640.0,373.333333]]"
r_936121e386164cee2257add0,images/i_c36b0a4cc809418f8eabe682.jpg,g_f178827d543d30358beabfa1,"[[322.222222,281.111111,348.888889,307.777778]]","[[230.0,34.444444,252.222222,53.333333],[303.333333,352.222222,322.222222,377.777778]]"
r_454a5cb9424ec3221b4e8e58,images/i_232d78ec1499fd02a6e9516a.jpg,g_865d7b315188bc44ea2c5d0b,"[[176.666667,254.444444,210.0,298.888889]]","[[197.777778,246.666667,442.222222,422.222222]]"
r_d55a0c54eca37dbc1ae74187,images/i_7e045b6134a692f78b8fdd79.jpg,g_658f3a360339d75dc7860f20,[],"[[214.444444,171.111111,406.666667,487.777778]]"
r_d7d8ea4cf52ce94cd6c2b5e9,images/i_1dc4af1149d8494dd3a0a64b.jpg,g_5cff7f74e6e249eb45ac9f05,[],"[[268.888889,262.222222,341.111111,323.333333]]"
r_5cc55baeb28e8f6654536c00,images/i_44b01aa744f5be210c1c9039.jpg,g_fc0d4b91dfa6610c561cacf5,"[[244.444444,234.444444,381.111111,423.333333],[613.333333,386.666667,640.0,421.111111]]","[[106.666667,310.0,206.666667,425.555556]]"
r_f73a9cd4471b844d93cd3618,images/i_91fd2f924d0aad457da8dde6.jpg,g_de647c5cff066faa1b3857af,"[[213.333333,0.0,248.888889,23.333333],[322.222222,315.555556,357.777778,353.333333],[368.888889,140.0,401.111111,170.0],[546.666667,78.888889,587.777778,110.0]]","[[75.555556,47.777778,111.111111,78.888889],[227.777778,490.0,264.444444,530.0],[277.777778,381.111111,308.888889,414.444444],[294.444444,144.444444,325.555556,171.111111],[486.666667,78.888889,515.555556,104.444444]]"
r_2ebf8093cdf19eebcae6e1c4,images/i_7e20c5b7fea6637ebcc60cc2.jpg,g_0cca8c54b22df1d16ba9e6b7,[],"[[0.0,122.222222,640.0,581.111111]]"
r_01c77d03f167dd964aa3bdd9,images/i_2b68c08ad4e2d15909313571.jpg,g_4e10546f281c565f8b3f30b3,"[[153.333333,416.666667,197.777778,441.111111],[266.666667,395.555556,294.444444,426.666667],[288.888889,300.0,320.0,328.888889],[288.888889,320.0,320.0,353.333333],[305.555556,273.333333,344.444444,312.222222],[422.222222,420.0,450.0,447.777778],[452.222222,472.222222,483.333333,502.222222],[494.444444,491.111111,528.888889,518.888889],[506.666667,518.888889,537.777778,546.666667]]","[[361.111111,527.777778,385.555556,561.111111]]"
r_cd19fc091c4c24eed38c99f2,images/i_947042ddca5c7c917f4e533a.jpg,g_a8e6e85e214208f83abba24a,"[[0.0,591.111111,171.111111,640.0],[151.111111,605.555556,320.0,640.0],[237.777778,228.888889,395.555556,427.777778],[267.777778,377.777778,311.111111,408.888889]]","[[54.444444,201.111111,87.777778,227.777778]]"
r_bfc93cbe57fbc44315779848,images/i_60b1205abafd83347e1b9a5c.jpg,g_b6e653f2f4399507f158b078,"[[306.666667,406.666667,498.888889,490.0]]","[[447.777778,432.222222,472.222222,456.666667]]"
r_173098816cbda185cb7e8c72,images/i_27af244d983673846ce418b3.jpg,g_f2dc079204224fda4d7a7823,"[[427.777778,11.111111,465.555556,40.0]]","[[261.111111,311.111111,338.888889,370.0]]"
r_59538dbd1a2a47786fb8f5d9,images/i_bce65ddabed942350469bcb7.jpg,g_67f20b4eb0e2f4a3c31a95ae,"[[311.111111,385.555556,475.555556,580.0]]","[[270.0,302.222222,397.777778,435.555556]]"
r_714aa563cb4a8cf257f55058,images/i_fc9b489f0d3cb8ab08352b8f.jpg,g_54a03abcd865b2ee759e8706,"[[0.0,62.222222,451.111111,171.111111],[0.0,247.777778,182.222222,383.333333],[0.0,407.777778,87.777778,543.333333],[13.333333,451.111111,48.888889,487.777778],[78.888889,170.0,107.777778,206.666667],[95.555556,214.444444,121.111111,243.333333],[98.888889,184.444444,124.444444,213.333333],[111.111111,167.777778,141.111111,198.888889],[113.333333,283.333333,146.666667,316.666667],[183.333333,58.888889,222.222222,84.444444],[211.111111,242.222222,240.0,278.888889],[223.333333,197.777778,252.222222,232.222222],[245.555556,81.111111,435.555556,216.666667],[252.222222,265.555556,277.777778,294.444444],[270.0,215.555556,295.555556,245.555556],[308.888889,214.444444,334.444444,243.333333],[325.555556,297.777778,372.222222,355.555556],[406.666667,490.0,432.222222,518.888889],[430.0,0.0,532.222222,75.555556],[505.555556,303.333333,532.222222,338.888889],[527.777778,403.333333,585.555556,640.0],[551.111111,271.111111,582.222222,303.333333],[596.666667,92.222222,640.0,158.888889]]","[[0.0,46.666667,246.666667,243.333333],[0.0,380.0,46.666667,465.555556],[136.666667,196.666667,173.333333,233.333333],[146.666667,308.888889,203.333333,373.333333],[198.888889,286.666667,228.888889,320.0],[204.444444,211.111111,230.0,240.0],[307.777778,191.111111,338.888889,223.333333],[364.444444,496.666667,394.444444,517.777778],[500.0,226.666667,604.444444,308.888889],[590.0,320.0,615.555556,361.111111]]"
r_c4237975e1073693f66beb32,images/i_3af0811d67d0079729927159.jpg,g_54a03abcd865b2ee759e8706,"[[160.0,287.777778,262.222222,354.444444],[265.555556,218.888889,312.222222,275.555556],[298.888889,211.111111,334.444444,244.444444],[371.111111,326.666667,398.888889,352.222222],[431.111111,402.222222,536.666667,517.777778],[437.777778,82.222222,471.111111,115.555556],[483.333333,10.0,640.0,95.555556]]","[[130.0,574.444444,248.888889,640.0],[202.222222,47.777778,524.444444,376.666667],[268.888889,495.555556,304.444444,526.666667],[498.888889,326.666667,540.0,382.222222],[606.666667,490.0,640.0,523.333333]]"
r_11077f2304b565296c3ea272,images/i_a3f726c0d859f4ebfe05b06f.jpg,g_0cd1b1bb4320c4889be0c4cb,[],"[[301.111111,284.444444,331.111111,312.222222]]"
r_d31b87a6f7a5735a14974567,images/i_2fc38ce1249fa40b896cdf3f.jpg,g_b045286a92d4766ab29003db,[],"[[280.0,262.222222,333.333333,308.888889]]"
r_270211f95549d08cfd598533,images/i_29fd542fb4b32bafe50f5b4b.jpg,g_021e85c29aa64ed53fc32f84,"[[336.666667,311.111111,364.444444,338.888889],[502.222222,231.111111,526.666667,254.444444]]","[[370.0,574.444444,390.0,590.0]]"
r_e005d3e09f3e8c1d432f1db5,images/i_c9ffec0cd752dc5eb5194e9e.jpg,g_c96e38f77d47b4d3b2bb7261,"[[76.666667,73.333333,101.111111,98.888889],[94.444444,24.444444,123.333333,43.333333],[291.111111,0.0,358.888889,87.777778],[321.111111,417.777778,343.333333,440.0],[324.444444,341.111111,354.444444,370.0],[447.777778,493.333333,476.666667,512.222222],[468.888889,453.333333,498.888889,473.333333],[512.222222,207.777778,545.555556,236.666667],[618.888889,411.111111,640.0,440.0]]","[[331.111111,301.111111,351.111111,328.888889],[510.0,182.222222,528.888889,210.0],[593.333333,453.333333,621.111111,477.777778]]"
r_c6f0312e08f0bdfcc1b1fe1f,images/i_6fd8313f600ce83cbff5a1d6.jpg,g_dafb6d10645f3e1adce36d33,"[[204.444444,463.333333,236.666667,488.888889],[242.222222,330.0,263.333333,354.444444],[313.333333,300.0,344.444444,332.222222],[560.0,192.222222,593.333333,228.888889]]","[[185.555556,66.666667,214.444444,90.0],[197.777778,438.888889,225.555556,465.555556],[297.777778,341.111111,326.666667,363.333333]]"
r_741fc1224944692b35273691,images/i_a58f999d5b89902a1c496c5e.jpg,g_2873fe074abb7beb6471fded,"[[236.666667,273.333333,424.444444,390.0],[453.333333,206.666667,496.666667,247.777778],[556.666667,234.444444,585.555556,262.222222]]","[[496.666667,460.0,640.0,636.666667]]"
r_a6d819d32a5c893cc6f1ef8e,images/i_6f9c86c91e78d0f98e4b86a8.jpg,g_361d01b7aa6e31537b15495c,"[[240.0,251.111111,391.111111,386.666667],[308.888889,0.0,446.666667,71.111111]]","[[566.666667,0.0,640.0,101.111111]]"
r_bb90e10c8cd95cdbcf4649ea,images/i_90a4816fb7884e5224a018b3.jpg,g_5cfda05e5cb8a679b4722802,[],"[[284.444444,303.333333,373.333333,375.555556]]"
r_4f96047e619c2c87cf18ca8f,images/i_59c6fe4fa214c8f80ec4ec9e.jpg,g_47c3435c5c27b818e0b6d9f8,"[[507.777778,63.333333,545.555556,97.777778],[615.555556,142.222222,640.0,165.555556]]","[[313.333333,286.666667,345.555556,317.777778]]"
r_e3cf72aa8553e2e2719baeaa,images/i_734605f36a8f0d0a4f6c8d81.jpg,g_23eb36a8c4d463a340780911,[],"[[290.0,263.333333,334.444444,317.777778]]"
r_c7d1fee4062d7460e5a42261,images/i_ecc7a04941a8eb7fe280bce4.jpg,g_5dad77aac389efb623a0e27a,[],"[[298.888889,302.222222,393.333333,400.0]]"
r_a5873416b62a25ebb70f2ac2,images/i_f10e704c046a1f1ee3c4df6a.jpg,g_4c76ca28e29707f359c097db,"[[304.444444,106.666667,451.111111,180.0]]","[[304.444444,288.888889,404.444444,385.555556]]"
r_1f26d1b66195c453c68c3e39,images/i_48e8291e7e0f51abc15b69cd.jpg,g_1b1f0d440141117fefd1107a,[],"[[272.222222,328.888889,303.333333,357.777778]]"
r_1dd5965ae1da7fe1bfd53155,images/i_ef99e9ac67e74078b0d83b2b.jpg,g_36e625f0ba435ec41315a18c,[],"[[278.888889,304.444444,310.0,340.0]]"
r_55439459cef46973ebcdb0fa,images/i_5cf821393f3ed204d98906d3.jpg,g_26808958ac59704f654ca805,[],"[[286.666667,315.555556,320.0,352.222222]]"
r_dfc3ab460c3cc71c0dcba80f,images/i_4876653e91bfd5eb365f3859.jpg,g_b6f920436b9a428b73297028,"[[15.555556,251.111111,47.777778,281.111111],[55.555556,401.111111,100.0,441.111111],[346.666667,458.888889,428.888889,498.888889],[410.0,298.888889,490.0,386.666667],[446.666667,180.0,548.888889,304.444444]]","[[0.0,93.333333,158.888889,270.0],[31.111111,567.777778,67.777778,640.0],[131.111111,325.555556,163.333333,351.111111],[246.666667,304.444444,366.666667,340.0],[252.222222,271.111111,454.444444,437.777778],[416.666667,451.111111,461.111111,493.333333],[562.222222,221.111111,610.0,267.777778]]"
r_f22e03cd09e55d60a38bc3db,images/i_1d6e41ff5192a52ddf8d9d79.jpg,g_de647c5cff066faa1b3857af,"[[106.666667,437.777778,131.111111,468.888889],[145.555556,326.666667,171.111111,355.555556],[201.111111,241.111111,231.111111,272.222222],[267.777778,516.666667,297.777778,548.888889],[316.666667,396.666667,357.777778,444.444444],[347.777778,186.666667,375.555556,216.666667],[426.666667,306.666667,473.333333,353.333333],[501.111111,238.888889,535.555556,276.666667],[574.444444,556.666667,603.333333,585.555556]]","[[38.888889,424.444444,78.888889,468.888889],[217.777778,131.111111,247.777778,155.555556],[217.777778,157.777778,245.555556,188.888889],[331.111111,278.888889,371.111111,316.666667],[564.444444,445.555556,595.555556,480.0]]"
r_85ad8a16b3c67faca6e20ba3,images/i_92f844b132c072644f257fca.jpg,g_04b58e645c48a85e668620de,"[[8.888889,335.555556,52.222222,378.888889],[46.666667,113.333333,93.333333,156.666667],[326.666667,240.0,370.0,283.333333],[358.888889,148.888889,400.0,188.888889]]","[[67.777778,87.777778,113.333333,128.888889],[308.888889,278.888889,358.888889,331.111111]]"
r_0ec015112194a4b4275adbe8,images/i_5f64f66b133aab8f545b63e4.jpg,g_52c4dfc1908e081c9ccd963a,"[[265.555556,307.777778,304.444444,335.555556]]","[[48.888889,351.111111,67.777778,368.888889]]"
r_59b531c983d0fc96a91ea85e,images/i_95712be80e448e910c5cd0d2.jpg,g_5cfda05e5cb8a679b4722802,[],"[[296.666667,286.666667,313.333333,314.444444]]"
r_0e7f2fe2d596f423e1e2c722,images/i_772ac6c7b4d4cb2f2af5c34f.jpg,g_3e7f5d4c1b871125c1e99076,[],"[[525.555556,260.0,605.555556,344.444444]]"
r_1bce278e0c74079beefc7089,images/i_775cd4bed378ebee00022828.jpg,g_edac237e95519835a28ca4da,[],"[[338.888889,332.222222,371.111111,363.333333]]"
r_d5ff06cee5c94ca64947cac1,images/i_c69159dab61f0b1d28c216a7.jpg,g_f1cbae0626c27c37bea3d945,"[[332.222222,574.444444,363.333333,608.888889]]","[[305.555556,542.222222,336.666667,576.666667]]"
r_b80d6b93ff0aa99d78812603,images/i_3a9f09373da0f2437b2587b0.jpg,g_f4b15b4d2c7a1c49f9f0c269,"[[0.0,557.777778,46.666667,593.333333],[77.777778,344.444444,117.777778,397.777778],[95.555556,478.888889,125.555556,511.111111],[332.222222,303.333333,366.666667,357.777778],[341.111111,275.555556,376.666667,314.444444],[352.222222,251.111111,385.555556,284.444444]]","[[27.777778,550.0,64.444444,580.0],[44.444444,478.888889,72.222222,508.888889],[67.777778,501.111111,88.888889,531.111111],[235.555556,243.333333,262.222222,275.555556]]"
r_00b594dba0f87d9fee9a91cb,images/i_1102714b6493703b6f6a7002.jpg,g_44d271278278e63b28fbdde4,"[[47.777778,51.111111,85.555556,86.666667],[133.333333,411.111111,233.333333,500.0],[151.111111,136.666667,178.888889,187.777778],[220.0,204.444444,375.555556,466.666667],[227.777778,120.0,255.555556,158.888889],[314.444444,536.666667,344.444444,585.555556],[342.222222,425.555556,366.666667,452.222222],[350.0,514.444444,411.111111,577.777778],[364.444444,374.444444,386.666667,405.555556],[396.666667,531.111111,464.444444,575.555556],[415.555556,403.333333,453.333333,436.666667],[430.0,583.333333,458.888889,625.555556],[444.444444,325.555556,464.444444,355.555556],[466.666667,516.666667,507.777778,546.666667],[482.222222,622.222222,524.444444,640.0],[507.777778,243.333333,532.222222,271.111111],[588.888889,470.0,614.444444,494.444444],[594.444444,433.333333,622.222222,461.111111],[625.555556,282.222222,640.0,303.333333]]","[[144.444444,314.444444,261.111111,381.111111],[284.444444,28.888889,331.111111,62.222222],[303.333333,283.333333,336.666667,314.444444],[323.333333,148.888889,356.666667,182.222222],[333.333333,177.777778,370.0,223.333333],[353.333333,333.333333,386.666667,366.666667],[416.666667,342.222222,456.666667,382.222222],[427.777778,82.222222,463.333333,121.111111],[454.444444,332.222222,487.777778,365.555556],[526.666667,450.0,550.0,475.555556],[550.0,413.333333,582.222222,438.888889]]"
r_f9c7ee20abb0bb938c817c7b,images/i_58f183a0abb6e22426d6756f.jpg,g_5df380c7e06ec2e7be718a88,[],"[[254.444444,287.777778,404.444444,365.555556]]"
r_91d08bb42de893be20837618,images/i_b2428b4fa3abd3d4740b7d53.jpg,g_c96e38f77d47b4d3b2bb7261,"[[14.444444,86.666667,43.333333,105.555556],[15.555556,100.0,51.111111,133.333333],[20.0,70.0,43.333333,88.888889],[28.888889,30.0,53.333333,55.555556],[123.333333,175.555556,147.777778,202.222222],[137.777778,215.555556,167.777778,244.444444],[186.666667,188.888889,212.222222,215.555556],[245.555556,235.555556,267.777778,255.555556],[272.222222,236.666667,295.555556,263.333333],[290.0,305.555556,351.111111,385.555556],[357.777778,368.888889,385.555556,401.111111],[384.444444,204.444444,407.777778,236.666667],[433.333333,481.111111,474.444444,512.222222]]","[[8.888889,44.444444,45.555556,77.777778],[62.222222,105.555556,114.444444,155.555556],[167.777778,144.444444,193.333333,171.111111],[262.222222,170.0,297.777778,204.444444],[277.777778,464.444444,306.666667,498.888889],[282.222222,363.333333,301.111111,385.555556],[297.777778,155.555556,314.444444,186.666667]]"
r_c424eb1c3c9c52d692e59d27,images/i_df3ae314a210ace718936026.jpg,g_05692e9bd4cd70cde82f1eb8,"[[20.0,286.666667,82.222222,355.555556],[296.666667,261.111111,371.111111,340.0]]","[[270.0,296.666667,377.777778,367.777778]]"
r_87b9b29ce55c68b0400e5a75,images/i_50b134a23bdfa47ec864238c.jpg,g_0ed1a8ebc379e5dcf46e339a,[],"[[284.444444,275.555556,346.666667,335.555556]]"
r_d91ae8dc70f771e060c46096,images/i_156d48dacfa99271150c2662.jpg,g_e08d078b7366506501267c4e,"[[285.555556,323.333333,341.111111,378.888889],[296.666667,43.333333,322.222222,71.111111],[498.888889,65.555556,537.777778,102.222222]]","[[188.888889,15.555556,216.666667,43.333333],[227.777778,237.777778,255.555556,265.555556]]"
r_f17ea067255377e9e49beb99,images/i_c1a6e1b97db3e0c738916da1.jpg,g_ea61804ec1b67732d75ad156,"[[16.666667,358.888889,133.333333,418.888889],[25.555556,347.777778,67.777778,392.222222],[116.666667,223.333333,228.888889,350.0],[155.555556,258.888889,188.888889,287.777778],[173.333333,370.0,217.777778,405.555556],[181.111111,264.444444,247.777778,347.777778],[231.111111,346.666667,253.333333,381.111111],[236.666667,201.111111,303.333333,250.0],[261.111111,232.222222,350.0,394.444444],[286.666667,264.444444,325.555556,298.888889]]","[[5.555556,420.0,61.111111,488.888889],[208.888889,231.111111,273.333333,286.666667],[300.0,95.555556,337.777778,128.888889],[314.444444,148.888889,355.555556,184.444444],[315.555556,56.666667,347.777778,90.0]]"
r_adf3fd82f180d2b31bfc4ed4,images/i_14054f4975342a74296e0a99.jpg,g_e08d078b7366506501267c4e,[],"[[306.666667,276.666667,362.222222,332.222222]]"
r_0358407a5060b497766149d5,images/i_5a4dd81384a9ae95035aa521.jpg,g_b41fd45db741a62cc11cd640,[],"[[266.666667,321.111111,306.666667,371.111111]]"
r_5c73218967ee63e120a616c4,images/i_6ebaad2356db5bf87ba2269f.jpg,g_7a93981dff460b87289da163,[],"[[328.888889,282.222222,375.555556,325.555556]]"
r_d8476679319c4b26987a0058,images/i_d42031962a9a48db21c64304.jpg,g_309514ecacb52d78d43be6cc,"[[100.0,148.888889,145.555556,190.0]]","[[155.555556,423.333333,227.777778,480.0],[276.666667,304.444444,332.222222,360.0]]"
r_992d16f104a794b67a8be771,images/i_c115ee2b0349d19380dc62b2.jpg,g_986eed83a5135fe045b4789c,"[[264.444444,436.666667,288.888889,464.444444],[316.666667,275.555556,350.0,318.888889],[317.777778,464.444444,348.888889,488.888889],[388.888889,162.222222,427.777778,201.111111],[470.0,453.333333,494.444444,483.333333],[536.666667,281.111111,572.222222,312.222222]]","[[455.555556,416.666667,481.111111,442.222222]]"
r_d6d085b3f9daa9346dc2c575,images/i_d78557330a2af5bf14aa1d63.jpg,g_b7d6f8fe3799dcff5023063f,"[[165.555556,414.444444,201.111111,448.888889],[233.333333,358.888889,260.0,385.555556]]","[[0.0,503.333333,18.888889,534.444444],[18.888889,100.0,44.444444,126.666667],[265.555556,334.444444,303.333333,367.777778]]"
r_fc1addfe5a00fc788de49484,images/i_c774824e5277ae6088e7cb6d.jpg,g_1cd5018e1fccddac14abd843,"[[213.333333,483.333333,298.888889,564.444444],[302.222222,342.222222,378.888889,407.777778],[302.222222,398.888889,381.111111,472.222222],[313.333333,291.111111,396.666667,376.666667],[330.0,592.222222,408.888889,640.0],[332.222222,195.555556,413.333333,282.222222],[338.888889,487.777778,415.555556,558.888889],[343.333333,415.555556,434.444444,481.111111],[347.777778,538.888889,424.444444,608.888889],[385.555556,594.444444,464.444444,640.0],[428.888889,295.555556,512.222222,376.666667],[428.888889,421.111111,514.444444,501.111111],[430.0,376.666667,512.222222,448.888889],[520.0,467.777778,605.555556,553.333333]]","[[371.111111,348.888889,432.222222,414.444444]]"
r_32b9f50bf22cd650c75fefa4,images/i_bdb493442491e7ea33829492.jpg,g_e2c75baf451c8f80b4bab2f1,[],"[[250.0,255.555556,360.0,316.666667]]"
r_30cab2aaf3d28848e3d88606,images/i_12c69c5058f677eaa6e49316.jpg,g_78130b1b05552b8405310655,"[[1.111111,500.0,40.0,541.111111],[21.111111,541.111111,48.888889,568.888889],[105.555556,437.777778,137.777778,480.0],[203.333333,343.333333,234.444444,382.222222],[233.333333,260.0,270.0,298.888889],[275.555556,265.555556,314.444444,308.888889],[286.666667,331.111111,331.111111,371.111111],[325.555556,215.555556,361.111111,258.888889]]","[[20.0,483.333333,48.888889,513.333333],[27.777778,590.0,58.888889,624.444444],[31.111111,523.333333,52.222222,547.777778],[46.666667,490.0,78.888889,520.0],[117.777778,318.888889,153.333333,348.888889],[170.0,483.333333,200.0,511.111111],[391.111111,122.222222,423.333333,158.888889]]"
r_0b0bfc4f0fc07f36e8bc009a,images/i_df10cf893e0434101c727cc5.jpg,g_97708d237a2b75dbb2f531e5,"[[115.555556,253.333333,150.0,296.666667],[303.333333,281.111111,395.555556,368.888889]]","[[271.111111,52.222222,337.777778,127.777778]]"
